meeting date,track,race number,start time,distance,age restrictions,class restrictions,weight restrictions,race prizemoney,sex restrictions,weight type,race name,jockeys can claim,horse name,horse age,horse sex,horse sire,horse dam,horse number,horse jockey,horse barrier,horse trainer,horse weight,horse claim,horse last10,horse record,horse record distance,horse record track,horse record track distance,horse record firm,horse record good,horse record soft,horse record heavy,horse record jumps,horse record first up,horse record second up,horse prize money,form barrier,form class,form distance,form jockey,form margin,form meeting date,form name,form other runners,form position,form price,form time,form track,form track condition,form weight,horse record synthetic,meeting id, race id, horse id, horse trainer id, horse jockey id, form trainer id, form jockey id,prizemoney,sectional,prizemoney won,country
01/08/2026 00:00:00,Belmont Park,1,01-Aug-2026 12:23,1200,3yo+,BenchMark 72+,54,Of $80000  -  1st  $43840 | 2nd  $14880| 3rd  $7040| 4th  $3120| 5th  $2320,,Handicap,Mrs Mac's (Bm72+),Apprentices Can Claim,Ice Pick Nick,8,Gelding,Frosted,Tramell,1,S Parnham,7,S V Vahala,60.5,0,47540x38200x,33:6-5-6,17: 4-3-4,3: 1-2-0,3: 1-2-0,0:0-0-0,23:4-3-3,10:2-2-3,0:0-0-0,0:0-0-0,5:2-1-1,5:2-0-2,$445 950,10,BenchMark 72+,1200,Z Johnston-Porter,13.4,14/03/26,Guinness (Bm72+),1-Horcrux,11,31,01:08.84,Ascot,Good 4,58.5,0:0-0-0,237965,1330741,943388,25477,12664,25477,17062,$80000,34.23sec 600m,$0,AUS
01/08/2026 00:00:00,Belmont Park,1,01-Aug-2026 12:23,1200,3yo+,BenchMark 72+,54,Of $80000  -  1st  $43840 | 2nd  $14880| 3rd  $7040| 4th  $3120| 5th  $2320,,Handicap,Mrs Mac's (Bm72+),Apprentices Can Claim,Ice Pick Nick,8,Gelding,Frosted,Tramell,1,S Parnham,7,S V Vahala,60.5,0,47540x38200x,33:6-5-6,17: 4-3-4,3: 1-2-0,3: 1-2-0,0:0-0-0,23:4-3-3,10:2-2-3,0:0-0-0,0:0-0-0,5:2-1-1,5:2-0-2,$445 950,1,Listed,1300,S Parnham,9.2,22/02/26,TABtouch Pinjarra Classic,1-London's Image,12,11,01:17.72,Pinjarra Scarpside,Good 4,54,0:0-0-0,237513,1327237,943388,25477,12664,25477,12664,$150000,34.37sec 600m,$0,AUS
01/08/2026 00:00:00,Belmont Park,1,01-Aug-2026 12:23,1200,3yo+,BenchMark 72+,54,Of $80000  -  1st  $43840 | 2nd  $14880| 3rd  $7040| 4th  $3120| 5th  $2320,,Handicap,Mrs Mac's (Bm72+),Apprentices Can Claim,Ice Pick Nick,8,Gelding,Frosted,Tramell,1,S Parnham,7,S V Vahala,60.5,0,47540x38200x,33:6-5-6,17: 4-3-4,3: 1-2-0,3: 1-2-0,0:0-0-0,23:4-3-3,10:2-2-3,0:0-0-0,0:0-0-0,5:2-1-1,5:2-0-2,$445 950,6,Listed,1200,S Parnham,1.0,24/01/26,Scenic Blast Stakes,1-Jaz Session,2,8.5,01:10.15,Ascot,Good 4,54,0:0-0-0,236907,1322717,943388,25477,12664,25477,12664,$125000,34.46sec 600m,$23250,AUS
01/08/2026 00:00:00,Belmont Park,1,01-Aug-2026 12:23,1200,3yo+,BenchMark 72+,54,Of $80000  -  1st  $43840 | 2nd  $14880| 3rd  $7040| 4th  $3120| 5th  $2320,,Handicap,Mrs Mac's (Bm72+),Apprentices Can Claim,Ice Pick Nick,8,Gelding,Frosted,Tramell,1,S Parnham,7,S V Vahala,60.5,0,47540x38200x,33:6-5-6,17: 4-3-4,3: 1-2-0,3: 1-2-0,0:0-0-0,23:4-3-3,10:2-2-3,0:0-0-0,0:0-0-0,5:2-1-1,5:2-0-2,$445 950,8,Listed,1100,S Parnham,3.7,10/01/26,Miss Andretti Stakes,1-Acromantula,8,18,01:02.96,Ascot,Good 4,54,0:0-0-0,236611,1320517,943388,25477,12664,25477,12664,$125000,34.14sec 600m,$2250,AUS
01/08/2026 00:00:00,Belmont Park,1,01-Aug-2026 12:23,1200,3yo+,BenchMark 72+,54,Of $80000  -  1st  $43840 | 2nd  $14880| 3rd  $7040| 4th  $3120| 5th  $2320,,Handicap,Mrs Mac's (Bm72+),Apprentices Can Claim,Ice Pick Nick,8,Gelding,Frosted,Tramell,1,S Parnham,7,S V Vahala,60.5,0,47540x38200x,33:6-5-6,17: 4-3-4,3: 1-2-0,3: 1-2-0,0:0-0-0,23:4-3-3,10:2-2-3,0:0-0-0,0:0-0-0,5:2-1-1,5:2-0-2,$445 950,6,Listed,1200,C Parnham,3.7,13/12/25,Black Heart Bart Stakes,1-Smooth Chino,3,18,01:08.87,Ascot,Good 4,55,0:0-0-0,235977,1316114,943388,25477,12664,25477,15179,$125000,34.03sec 600m,$11000,AUS
01/08/2026 00:00:00,Belmont Park,1,01-Aug-2026 12:23,1200,3yo+,BenchMark 72+,54,Of $80000  -  1st  $43840 | 2nd  $14880| 3rd  $7040| 4th  $3120| 5th  $2320,,Handicap,Mrs Mac's (Bm72+),Apprentices Can Claim,Ice Pick Nick,8,Gelding,Frosted,Tramell,1,S Parnham,7,S V Vahala,60.5,0,47540x38200x,33:6-5-6,17: 4-3-4,3: 1-2-0,3: 1-2-0,0:0-0-0,23:4-3-3,10:2-2-3,0:0-0-0,0:0-0-0,5:2-1-1,5:2-0-2,$445 950,11,BenchMark 78+,1200,S Parnham,5.3,28/05/25,Free Entry To Belmont Park (Bm78+),1-Luvnwar,11,16,01:10.50,Pinjarra Scarpside,Good 4,59,0:0-0-0,230495,1274190,943388,25477,12664,25477,12664,$80000,32.81sec 600m,$0,AUS
01/08/2026 00:00:00,Belmont Park,1,01-Aug-2026 12:23,1200,3yo+,BenchMark 72+,54,Of $80000  -  1st  $43840 | 2nd  $14880| 3rd  $7040| 4th  $3120| 5th  $2320,,Handicap,Mrs Mac's (Bm72+),Apprentices Can Claim,Ice Pick Nick,8,Gelding,Frosted,Tramell,1,S Parnham,7,S V Vahala,60.5,0,47540x38200x,33:6-5-6,17: 4-3-4,3: 1-2-0,3: 1-2-0,0:0-0-0,23:4-3-3,10:2-2-3,0:0-0-0,0:0-0-0,5:2-1-1,5:2-0-2,$445 950,4,Open,1200,S Mc Gruddy,2.1,26/04/25,The Drummond Golf Joey,1-Twain's Angel,4,41,01:10.01,Ascot,Good 4,58.5,0:0-0-0,229463,1266995,943388,25477,12664,25477,4651,$200000,34.90sec 600m,$7800,AUS
01/08/2026 00:00:00,Belmont Park,1,01-Aug-2026 12:23,1200,3yo+,BenchMark 72+,54,Of $80000  -  1st  $43840 | 2nd  $14880| 3rd  $7040| 4th  $3120| 5th  $2320,,Handicap,Mrs Mac's (Bm72+),Apprentices Can Claim,Ice Pick Nick,8,Gelding,Frosted,Tramell,1,S Parnham,7,S V Vahala,60.5,0,47540x38200x,33:6-5-6,17: 4-3-4,3: 1-2-0,3: 1-2-0,0:0-0-0,23:4-3-3,10:2-2-3,0:0-0-0,0:0-0-0,5:2-1-1,5:2-0-2,$445 950,5,Listed,1500,B Parnham,1.5,22/03/25,Grandstand Cup,1-Watch Me Rock,5,8.5,01:30.09,Ascot,Good 4,59.5,0:0-0-0,228303,1260302,943388,25477,12664,25477,13271,$125000,34.62sec 600m,$3625,AUS
01/08/2026 00:00:00,Belmont Park,1,01-Aug-2026 12:23,1200,3yo+,BenchMark 72+,54,Of $80000  -  1st  $43840 | 2nd  $14880| 3rd  $7040| 4th  $3120| 5th  $2320,,Handicap,Mrs Mac's (Bm72+),Apprentices Can Claim,Ice Pick Nick,8,Gelding,Frosted,Tramell,1,S Parnham,7,S V Vahala,60.5,0,47540x38200x,33:6-5-6,17: 4-3-4,3: 1-2-0,3: 1-2-0,0:0-0-0,23:4-3-3,10:2-2-3,0:0-0-0,0:0-0-0,5:2-1-1,5:2-0-2,$445 950,1,Listed,1400,S O'Donnell,10.3,08/03/25,TABtouch Bunbury Stakes,1-Triple Missile,7,3.9,01:23.94,Bunbury,Good 4,54,0:0-0-0,227926,1257603,943388,25477,12664,25477,4615,$150000,36.06sec 600m,$2700,AUS
01/08/2026 00:00:00,Belmont Park,1,01-Aug-2026 12:23,1200,3yo+,BenchMark 72+,54,Of $80000  -  1st  $43840 | 2nd  $14880| 3rd  $7040| 4th  $3120| 5th  $2320,,Handicap,Mrs Mac's (Bm72+),Apprentices Can Claim,Ice Pick Nick,8,Gelding,Frosted,Tramell,1,S Parnham,7,S V Vahala,60.5,0,47540x38200x,33:6-5-6,17: 4-3-4,3: 1-2-0,3: 1-2-0,0:0-0-0,23:4-3-3,10:2-2-3,0:0-0-0,0:0-0-0,5:2-1-1,5:2-0-2,$445 950,9,Listed,1300,S Parnham,1.9,23/02/25,TABtouch Pinjarra Classic,1-Snowdome,4,3.5,01:16.93,Pinjarra,Good 4,54,0:0-0-0,227643,1255387,943388,25477,12664,25477,12664,$150000,35.07sec 600m,$5850,AUS
01/08/2026 00:00:00,Belmont Park,1,01-Aug-2026 12:23,1200,3yo+,BenchMark 72+,54,Of $80000  -  1st  $43840 | 2nd  $14880| 3rd  $7040| 4th  $3120| 5th  $2320,,Handicap,Mrs Mac's (Bm72+),Apprentices Can Claim,Speed Dream,9,Gelding,Dream Ahead,Deyaala,2,J Whiting,1,R J Piercey,59,0,1429x00017x0,53:6-13-6,15: 0-3-3,12: 3-4-1,3: 0-1-1,0:0-0-0,41:5-10-5,12:1-3-1,0:0-0-0,0:0-0-0,10:0-1-1,8:1-1-1,$463 833,10,BenchMark 72+,1200,J Whiting,11.8,18/07/26,Budget Car And Truck Rental (Bm72+),1-Urquharts Bluff,13,151,01:12.54,Belmont Park,Soft 7,59,0:0-0-0,241452,1356904,941009,10261,10067,10261,10067,$80000,35.30sec 600m,$0,AUS
01/08/2026 00:00:00,Belmont Park,1,01-Aug-2026 12:23,1200,3yo+,BenchMark 72+,54,Of $80000  -  1st  $43840 | 2nd  $14880| 3rd  $7040| 4th  $3120| 5th  $2320,,Handicap,Mrs Mac's (Bm72+),Apprentices Can Claim,Speed Dream,9,Gelding,Dream Ahead,Deyaala,2,J Whiting,1,R J Piercey,59,0,1429x00017x0,53:6-13-6,15: 0-3-3,12: 3-4-1,3: 0-1-1,0:0-0-0,41:5-10-5,12:1-3-1,0:0-0-0,0:0-0-0,10:0-1-1,8:1-1-1,$463 833,5,Listed,1200,J Whiting,8.5,13/12/25,Black Heart Bart Stakes,1-Smooth Chino,7,61,01:08.87,Ascot,Good 4,55,0:0-0-0,235977,1316114,941009,10261,10067,10261,10067,$125000,34.03sec 600m,$2250,AUS
01/08/2026 00:00:00,Belmont Park,1,01-Aug-2026 12:23,1200,3yo+,BenchMark 72+,54,Of $80000  -  1st  $43840 | 2nd  $14880| 3rd  $7040| 4th  $3120| 5th  $2320,,Handicap,Mrs Mac's (Bm72+),Apprentices Can Claim,Speed Dream,9,Gelding,Dream Ahead,Deyaala,2,J Whiting,1,R J Piercey,59,0,1429x00017x0,53:6-13-6,15: 0-3-3,12: 3-4-1,3: 0-1-1,0:0-0-0,41:5-10-5,12:1-3-1,0:0-0-0,0:0-0-0,10:0-1-1,8:1-1-1,$463 833,4,BenchMark 66+,1400,J Whiting,0.2,29/11/25,Quayclean (Bm66+),2-Awesome Boy,1,51,01:23.90,Ascot,Good 4,60,0:0-0-0,235666,1313767,941009,10261,10067,10261,10067,$80000,35.34sec 600m,$43840,AUS
01/08/2026 00:00:00,Belmont Park,1,01-Aug-2026 12:23,1200,3yo+,BenchMark 72+,54,Of $80000  -  1st  $43840 | 2nd  $14880| 3rd  $7040| 4th  $3120| 5th  $2320,,Handicap,Mrs Mac's (Bm72+),Apprentices Can Claim,Speed Dream,9,Gelding,Dream Ahead,Deyaala,2,J Whiting,1,R J Piercey,59,0,1429x00017x0,53:6-13-6,15: 0-3-3,12: 3-4-1,3: 0-1-1,0:0-0-0,41:5-10-5,12:1-3-1,0:0-0-0,0:0-0-0,10:0-1-1,8:1-1-1,$463 833,5,BenchMark 72+,1400,J Whiting,5.4,22/11/25,Schweppes (Bm72+),1-Noteworthy,10,71,01:23.41,Ascot,Good 4,58,0:0-0-0,235506,1312520,941009,10261,10067,10261,10067,$80000,35.15sec 600m,$1440,AUS
01/08/2026 00:00:00,Belmont Park,1,01-Aug-2026 12:23,1200,3yo+,BenchMark 72+,54,Of $80000  -  1st  $43840 | 2nd  $14880| 3rd  $7040| 4th  $3120| 5th  $2320,,Handicap,Mrs Mac's (Bm72+),Apprentices Can Claim,Speed Dream,9,Gelding,Dream Ahead,Deyaala,2,J Whiting,1,R J Piercey,59,0,1429x00017x0,53:6-13-6,15: 0-3-3,12: 3-4-1,3: 0-1-1,0:0-0-0,41:5-10-5,12:1-3-1,0:0-0-0,0:0-0-0,10:0-1-1,8:1-1-1,$463 833,4,BenchMark 78+,1200,J Whiting,2.7,08/11/25,MCA Polytrack (Bm78+),1-Sky Duke,10,101,01:08.95,Ascot,Good 4,55,0:0-0-0,235181,1309911,941009,10261,10067,10261,10067,$80000,34.62sec 600m,$1440,AUS
01/08/2026 00:00:00,Belmont Park,1,01-Aug-2026 12:23,1200,3yo+,BenchMark 72+,54,Of $80000  -  1st  $43840 | 2nd  $14880| 3rd  $7040| 4th  $3120| 5th  $2320,,Handicap,Mrs Mac's (Bm72+),Apprentices Can Claim,Speed Dream,9,Gelding,Dream Ahead,Deyaala,2,J Whiting,1,R J Piercey,59,0,1429x00017x0,53:6-13-6,15: 0-3-3,12: 3-4-1,3: 0-1-1,0:0-0-0,41:5-10-5,12:1-3-1,0:0-0-0,0:0-0-0,10:0-1-1,8:1-1-1,$463 833,10,BenchMark 72+,1400,J Whiting,8.5,25/10/25,MCA Polytrack (Bm72+),1-Asphalt,11,101,01:23.54,Ascot,Soft 5,59,0:0-0-0,234704,1306932,941009,10261,10067,10261,10067,$80000,34.71sec 600m,$0,AUS
01/08/2026 00:00:00,Belmont Park,1,01-Aug-2026 12:23,1200,3yo+,BenchMark 72+,54,Of $80000  -  1st  $43840 | 2nd  $14880| 3rd  $7040| 4th  $3120| 5th  $2320,,Handicap,Mrs Mac's (Bm72+),Apprentices Can Claim,Speed Dream,9,Gelding,Dream Ahead,Deyaala,2,J Whiting,1,R J Piercey,59,0,1429x00017x0,53:6-13-6,15: 0-3-3,12: 3-4-1,3: 0-1-1,0:0-0-0,41:5-10-5,12:1-3-1,0:0-0-0,0:0-0-0,10:0-1-1,8:1-1-1,$463 833,10,BenchMark 72+,1400,J Whiting,2.5,28/06/25,Beaufine Stakes @ Pinjarra Park 5th July (Bm72+),1-Drakaina,9,17,01:24.45,Pinjarra,Good 4,60,0:0-0-0,231375,1280992,941009,10261,10067,10261,10067,$80000,00.00sec 0m,$1440,AUS
01/08/2026 00:00:00,Belmont Park,1,01-Aug-2026 12:23,1200,3yo+,BenchMark 72+,54,Of $80000  -  1st  $43840 | 2nd  $14880| 3rd  $7040| 4th  $3120| 5th  $2320,,Handicap,Mrs Mac's (Bm72+),Apprentices Can Claim,Speed Dream,9,Gelding,Dream Ahead,Deyaala,2,J Whiting,1,R J Piercey,59,0,1429x00017x0,53:6-13-6,15: 0-3-3,12: 3-4-1,3: 0-1-1,0:0-0-0,41:5-10-5,12:1-3-1,0:0-0-0,0:0-0-0,10:0-1-1,8:1-1-1,$463 833,1,BenchMark 78+,1400,J Whiting,0.3,07/06/25,Hygain (Bm78+),1-Luvnwar,2,13,01:25.36,Pinjarra Scarpside,Good 4,54.5,0:0-0-0,230760,1276269,941009,10261,10067,10261,10067,$80000,34.59sec 600m,$14880,AUS
01/08/2026 00:00:00,Belmont Park,1,01-Aug-2026 12:23,1200,3yo+,BenchMark 72+,54,Of $80000  -  1st  $43840 | 2nd  $14880| 3rd  $7040| 4th  $3120| 5th  $2320,,Handicap,Mrs Mac's (Bm72+),Apprentices Can Claim,Speed Dream,9,Gelding,Dream Ahead,Deyaala,2,J Whiting,1,R J Piercey,59,0,1429x00017x0,53:6-13-6,15: 0-3-3,12: 3-4-1,3: 0-1-1,0:0-0-0,41:5-10-5,12:1-3-1,0:0-0-0,0:0-0-0,10:0-1-1,8:1-1-1,$463 833,15,BenchMark 66+,1400,J Whiting,0.9,31/05/25,Hahn Super Dry 3.5 (Bm66+),1-Dun With The Blues,4,10,01:25.12,Pinjarra Scarpside,Soft 6,60.5,0:0-0-0,230559,1274711,941009,10261,10067,10261,10067,$80000,00.00sec 0m,$3120,AUS
01/08/2026 00:00:00,Belmont Park,1,01-Aug-2026 12:23,1200,3yo+,BenchMark 72+,54,Of $80000  -  1st  $43840 | 2nd  $14880| 3rd  $7040| 4th  $3120| 5th  $2320,,Handicap,Mrs Mac's (Bm72+),Apprentices Can Claim,Speed Dream,9,Gelding,Dream Ahead,Deyaala,2,J Whiting,1,R J Piercey,59,0,1429x00017x0,53:6-13-6,15: 0-3-3,12: 3-4-1,3: 0-1-1,0:0-0-0,41:5-10-5,12:1-3-1,0:0-0-0,0:0-0-0,10:0-1-1,8:1-1-1,$463 833,7,BenchMark 66+,1400,J Noske,0.1,17/05/25,Kitt Logistics (Bm66+),2-Correct Choice,1,5.5,01:25.05,Belmont Park,Good 4,60,0:0-0-0,230088,1271425,941009,10261,10067,10261,14158,$80000,35.92sec 600m,$43840,AUS
01/08/2026 00:00:00,Belmont Park,1,01-Aug-2026 12:23,1200,3yo+,BenchMark 72+,54,Of $80000  -  1st  $43840 | 2nd  $14880| 3rd  $7040| 4th  $3120| 5th  $2320,,Handicap,Mrs Mac's (Bm72+),Apprentices Can Claim,Capper Thirtynine,6,Gelding,Vancouver,Artwear,3,Chris Parnham,2,Aaron Mitchell,56.5,0,4436746165,34:7-4-4,12: 2-1-2,0: 0-0-0,0: 0-0-0,0:0-0-0,20:4-3-2,10:2-1-2,2:0-0-0,0:0-0-0,4:1-1-1,3:0-0-1,$361 090,1,Bench. 84,1420,D Bates,3.3,20/06/26,2026 Country Achiever Cindy Alderson (Bm84),1-Ten Commandments,5,14,01:25.06,Flemington,Soft 7,56.5,2:1-0-0,240628,1350505,976971,29104,15179,26371,15750,$80000,36.54sec 600m,$2400,AUS
01/08/2026 00:00:00,Belmont Park,1,01-Aug-2026 12:23,1200,3yo+,BenchMark 72+,54,Of $80000  -  1st  $43840 | 2nd  $14880| 3rd  $7040| 4th  $3120| 5th  $2320,,Handicap,Mrs Mac's (Bm72+),Apprentices Can Claim,Capper Thirtynine,6,Gelding,Vancouver,Artwear,3,Chris Parnham,2,Aaron Mitchell,56.5,0,4436746165,34:7-4-4,12: 2-1-2,0: 0-0-0,0: 0-0-0,0:0-0-0,20:4-3-2,10:2-1-2,2:0-0-0,0:0-0-0,4:1-1-1,3:0-0-1,$361 090,4,Bench. 100,1440,Ms D Keane,1.7,09/05/26,Evergreen Turf (Bm100),1-Brave One,6,5.5,01:26.99,Caulfield,Soft 7,50,2:1-0-0,239417,1341343,976971,29104,15179,26371,17092,$150000,35.82sec 600m,$3000,AUS
01/08/2026 00:00:00,Belmont Park,1,01-Aug-2026 12:23,1200,3yo+,BenchMark 72+,54,Of $80000  -  1st  $43840 | 2nd  $14880| 3rd  $7040| 4th  $3120| 5th  $2320,,Handicap,Mrs Mac's (Bm72+),Apprentices Can Claim,Capper Thirtynine,6,Gelding,Vancouver,Artwear,3,Chris Parnham,2,Aaron Mitchell,56.5,0,4436746165,34:7-4-4,12: 2-1-2,0: 0-0-0,0: 0-0-0,0:0-0-0,20:4-3-2,10:2-1-2,2:0-0-0,0:0-0-0,4:1-1-1,3:0-0-1,$361 090,7,Bench. 78,1400,L Cartwright,0.4,25/04/26,William Newton VC (Bm78),2-Lovelycut,1,31,01:22.96,Flemington,Good 3,55,2:1-0-0,239019,1338484,976971,29104,15179,26371,17383,$130000,33.61sec 600m,$71500,AUS
01/08/2026 00:00:00,Belmont Park,1,01-Aug-2026 12:23,1200,3yo+,BenchMark 72+,54,Of $80000  -  1st  $43840 | 2nd  $14880| 3rd  $7040| 4th  $3120| 5th  $2320,,Handicap,Mrs Mac's (Bm72+),Apprentices Can Claim,Capper Thirtynine,6,Gelding,Vancouver,Artwear,3,Chris Parnham,2,Aaron Mitchell,56.5,0,4436746165,34:7-4-4,12: 2-1-2,0: 0-0-0,0: 0-0-0,0:0-0-0,20:4-3-2,10:2-1-2,2:0-0-0,0:0-0-0,4:1-1-1,3:0-0-1,$361 090,5,Bench. 70,1200,R Mc Leod,4.1,03/04/26,Ladbrokes Racing Extras In Multi (Bm70),1-Lim's Bighorn,6,7.5,01:11.40,Cranbourne,Good 3,62,2:1-0-0,238449,1334502,976971,29104,15179,26371,11899,$40000,34.79sec 600m,$800,AUS
01/08/2026 00:00:00,Belmont Park,1,01-Aug-2026 12:23,1200,3yo+,BenchMark 72+,54,Of $80000  -  1st  $43840 | 2nd  $14880| 3rd  $7040| 4th  $3120| 5th  $2320,,Handicap,Mrs Mac's (Bm72+),Apprentices Can Claim,Capper Thirtynine,6,Gelding,Vancouver,Artwear,3,Chris Parnham,2,Aaron Mitchell,56.5,0,4436746165,34:7-4-4,12: 2-1-2,0: 0-0-0,0: 0-0-0,0:0-0-0,20:4-3-2,10:2-1-2,2:0-0-0,0:0-0-0,4:1-1-1,3:0-0-1,$361 090,1,Bench. 78,1200,R Mc Leod,2.2,20/02/26,Minuteman Press Narre Warren (Bm78),1-Laa De Sha,4,4.4,01:10.31,Cranbourne,Good 4,58,2:1-0-0,237471,1326882,976971,29104,15179,26371,11899,$40000,35.19sec 600m,$2000,AUS
01/08/2026 00:00:00,Belmont Park,1,01-Aug-2026 12:23,1200,3yo+,BenchMark 72+,54,Of $80000  -  1st  $43840 | 2nd  $14880| 3rd  $7040| 4th  $3120| 5th  $2320,,Handicap,Mrs Mac's (Bm72+),Apprentices Can Claim,Capper Thirtynine,6,Gelding,Vancouver,Artwear,3,Chris Parnham,2,Aaron Mitchell,56.5,0,4436746165,34:7-4-4,12: 2-1-2,0: 0-0-0,0: 0-0-0,0:0-0-0,20:4-3-2,10:2-1-2,2:0-0-0,0:0-0-0,4:1-1-1,3:0-0-1,$361 090,2,Bench. 84,1100,J Mott,3.5,31/01/26,Remembering Noel Cooper (Bm84),1-Gallant Son,7,26,01:03.71,Caulfield,Good 4,56,2:1-0-0,237032,1323651,976971,29104,15179,26371,13251,$130000,34.71sec 600m,$2600,AUS
01/08/2026 00:00:00,Belmont Park,1,01-Aug-2026 12:23,1200,3yo+,BenchMark 72+,54,Of $80000  -  1st  $43840 | 2nd  $14880| 3rd  $7040| 4th  $3120| 5th  $2320,,Handicap,Mrs Mac's (Bm72+),Apprentices Can Claim,Capper Thirtynine,6,Gelding,Vancouver,Artwear,3,Chris Parnham,2,Aaron Mitchell,56.5,0,4436746165,34:7-4-4,12: 2-1-2,0: 0-0-0,0: 0-0-0,0:0-0-0,20:4-3-2,10:2-1-2,2:0-0-0,0:0-0-0,4:1-1-1,3:0-0-1,$361 090,10,Open,1300,Ms L J Meech,6.8,09/11/25,Programmed Ararat Bowl,1-Run Harry Run,6,4.2,01:16.35,Ararat,Good 3,54,2:1-0-0,235194,1309990,976971,29104,15179,26371,12035,$80000,34.50sec 600m,$1600,AUS
01/08/2026 00:00:00,Belmont Park,1,01-Aug-2026 12:23,1200,3yo+,BenchMark 72+,54,Of $80000  -  1st  $43840 | 2nd  $14880| 3rd  $7040| 4th  $3120| 5th  $2320,,Handicap,Mrs Mac's (Bm72+),Apprentices Can Claim,Capper Thirtynine,6,Gelding,Vancouver,Artwear,3,Chris Parnham,2,Aaron Mitchell,56.5,0,4436746165,34:7-4-4,12: 2-1-2,0: 0-0-0,0: 0-0-0,0:0-0-0,20:4-3-2,10:2-1-2,2:0-0-0,0:0-0-0,4:1-1-1,3:0-0-1,$361 090,2,Bench. 80,1200,R Mc Leod,0.7,24/10/25,Sweeney Estate Agents Country Cup Final (Bm80),1-Royal Lass,3,4.6,01:10.38,Moonee Valley,Good 4,58.5,2:1-0-0,234688,1306783,976971,29104,15179,26371,11899,$150000,35.27sec 600m,$13500,AUS
01/08/2026 00:00:00,Belmont Park,1,01-Aug-2026 12:23,1200,3yo+,BenchMark 72+,54,Of $80000  -  1st  $43840 | 2nd  $14880| 3rd  $7040| 4th  $3120| 5th  $2320,,Handicap,Mrs Mac's (Bm72+),Apprentices Can Claim,Capper Thirtynine,6,Gelding,Vancouver,Artwear,3,Chris Parnham,2,Aaron Mitchell,56.5,0,4436746165,34:7-4-4,12: 2-1-2,0: 0-0-0,0: 0-0-0,0:0-0-0,20:4-3-2,10:2-1-2,2:0-0-0,0:0-0-0,4:1-1-1,3:0-0-1,$361 090,12,Bench. 78,1200,R Mc Leod,0.9,04/10/25,TAB We're On (Bm78),1-De Bergerac,4,21,01:09.83,Flemington,Good 4,59.5,2:1-0-0,234083,1302405,976971,29104,15179,26371,11899,$80000,33.31sec 600m,$4000,AUS
01/08/2026 00:00:00,Belmont Park,1,01-Aug-2026 12:23,1200,3yo+,BenchMark 72+,54,Of $80000  -  1st  $43840 | 2nd  $14880| 3rd  $7040| 4th  $3120| 5th  $2320,,Handicap,Mrs Mac's (Bm72+),Apprentices Can Claim,Capper Thirtynine,6,Gelding,Vancouver,Artwear,3,Chris Parnham,2,Aaron Mitchell,56.5,0,4436746165,34:7-4-4,12: 2-1-2,0: 0-0-0,0: 0-0-0,0:0-0-0,20:4-3-2,10:2-1-2,2:0-0-0,0:0-0-0,4:1-1-1,3:0-0-1,$361 090,10,Bench. 84,1200,D Bates,0.8,26/09/25,MSC Signs (Bm84),1-Charcoals,4,7.5,01:11.15,Moonee Valley,Good 4,56.5,2:1-0-0,233906,1301003,976971,29104,15179,26371,15750,$130000,35.68sec 600m,$6500,AUS
01/08/2026 00:00:00,Belmont Park,1,01-Aug-2026 12:23,1200,3yo+,BenchMark 72+,54,Of $80000  -  1st  $43840 | 2nd  $14880| 3rd  $7040| 4th  $3120| 5th  $2320,,Handicap,Mrs Mac's (Bm72+),Apprentices Can Claim,The Calabrese,5,Gelding,Per Incanto,Drive On,4,C Johnston-Porter,3,C & M Gangemi,56.5,0,1560x141544,17:5-3-0,8: 2-0-0,5: 2-0-0,2: 0-0-0,0:0-0-0,12:3-3-0,3:2-0-0,2:0-0-0,0:0-0-0,4:1-3-0,3:2-0-0,$207 565,11,BenchMark 72+,1200,S Parnham,2.3,18/07/26,Budget Car And Truck Rental (Bm72+),1-Urquharts Bluff,4,10,01:12.54,Belmont Park,Soft 7,56.5,0:0-0-0,241452,1356904,1116554,27659,15478,27659,12664,$80000,35.30sec 600m,$3120,NZ
01/08/2026 00:00:00,Belmont Park,1,01-Aug-2026 12:23,1200,3yo+,BenchMark 72+,54,Of $80000  -  1st  $43840 | 2nd  $14880| 3rd  $7040| 4th  $3120| 5th  $2320,,Handicap,Mrs Mac's (Bm72+),Apprentices Can Claim,The Calabrese,5,Gelding,Per Incanto,Drive On,4,C Johnston-Porter,3,C & M Gangemi,56.5,0,1560x141544,17:5-3-0,8: 2-0-0,5: 2-0-0,2: 0-0-0,0:0-0-0,12:3-3-0,3:2-0-0,2:0-0-0,0:0-0-0,4:1-3-0,3:2-0-0,$207 565,10,BenchMark 72+,1200,S Parnham,5.4,27/06/26,Mrs Mac's (Bm72+),1-Charino,4,9,01:12.52,Belmont Park,Heavy 8,57,0:0-0-0,240853,1352207,1116554,27659,15478,27659,12664,$80000,35.47sec 600m,$3120,NZ
01/08/2026 00:00:00,Belmont Park,1,01-Aug-2026 12:23,1200,3yo+,BenchMark 72+,54,Of $80000  -  1st  $43840 | 2nd  $14880| 3rd  $7040| 4th  $3120| 5th  $2320,,Handicap,Mrs Mac's (Bm72+),Apprentices Can Claim,The Calabrese,5,Gelding,Per Incanto,Drive On,4,C Johnston-Porter,3,C & M Gangemi,56.5,0,1560x141544,17:5-3-0,8: 2-0-0,5: 2-0-0,2: 0-0-0,0:0-0-0,12:3-3-0,3:2-0-0,2:0-0-0,0:0-0-0,4:1-3-0,3:2-0-0,$207 565,1,BenchMark 72+,1000,S Parnham,1.7,20/06/26,WA Racehorse Owners' Association (Bm72+),1-Baby Pearl,5,4.2,00:58.23,Belmont Park,Good 4,57,0:0-0-0,240643,1350609,1116554,27659,15478,27659,12664,$80000,33.71sec 600m,$2320,NZ
01/08/2026 00:00:00,Belmont Park,1,01-Aug-2026 12:23,1200,3yo+,BenchMark 72+,54,Of $80000  -  1st  $43840 | 2nd  $14880| 3rd  $7040| 4th  $3120| 5th  $2320,,Handicap,Mrs Mac's (Bm72+),Apprentices Can Claim,The Calabrese,5,Gelding,Per Incanto,Drive On,4,C Johnston-Porter,3,C & M Gangemi,56.5,0,1560x141544,17:5-3-0,8: 2-0-0,5: 2-0-0,2: 0-0-0,0:0-0-0,12:3-3-0,3:2-0-0,2:0-0-0,0:0-0-0,4:1-3-0,3:2-0-0,$207 565,8,BenchMark 72+,1000,S Parnham,0.8,30/05/26,Vale Lois Taylor (Bm72+),2-Kay Tee Why,1,6.5,00:57.86,Belmont Park,Soft 6,55,0:0-0-0,240026,1345861,1116554,27659,15478,27659,12664,$80000,33.74sec 600m,$43840,NZ
01/08/2026 00:00:00,Belmont Park,1,01-Aug-2026 12:23,1200,3yo+,BenchMark 72+,54,Of $80000  -  1st  $43840 | 2nd  $14880| 3rd  $7040| 4th  $3120| 5th  $2320,,Handicap,Mrs Mac's (Bm72+),Apprentices Can Claim,The Calabrese,5,Gelding,Per Incanto,Drive On,4,C Johnston-Porter,3,C & M Gangemi,56.5,0,1560x141544,17:5-3-0,8: 2-0-0,5: 2-0-0,2: 0-0-0,0:0-0-0,12:3-3-0,3:2-0-0,2:0-0-0,0:0-0-0,4:1-3-0,3:2-0-0,$207 565,1,BenchMark 66+,1200,S Parnham,1.1,09/05/26,City Of Belmont Trophy (Bm66+),1-Hot And High,4,6.5,01:09.70,Ascot,Good 4,58,0:0-0-0,239428,1341455,1116554,27659,15478,27659,12664,$80000,34.46sec 600m,$3120,NZ
01/08/2026 00:00:00,Belmont Park,1,01-Aug-2026 12:23,1200,3yo+,BenchMark 72+,54,Of $80000  -  1st  $43840 | 2nd  $14880| 3rd  $7040| 4th  $3120| 5th  $2320,,Handicap,Mrs Mac's (Bm72+),Apprentices Can Claim,The Calabrese,5,Gelding,Per Incanto,Drive On,4,C Johnston-Porter,3,C & M Gangemi,56.5,0,1560x141544,17:5-3-0,8: 2-0-0,5: 2-0-0,2: 0-0-0,0:0-0-0,12:3-3-0,3:2-0-0,2:0-0-0,0:0-0-0,4:1-3-0,3:2-0-0,$207 565,6,BenchMark 72+,1200,S Parnham,0.7,25/04/26,Banks Avenue Memorial (Bm72+),2-Malletier,1,6.5,01:10.47,Ascot,Good 4,55,0:0-0-0,239022,1338496,1116554,27659,15478,27659,12664,$80000,35.12sec 600m,$43840,NZ
01/08/2026 00:00:00,Belmont Park,1,01-Aug-2026 12:23,1200,3yo+,BenchMark 72+,54,Of $80000  -  1st  $43840 | 2nd  $14880| 3rd  $7040| 4th  $3120| 5th  $2320,,Handicap,Mrs Mac's (Bm72+),Apprentices Can Claim,The Calabrese,5,Gelding,Per Incanto,Drive On,4,C Johnston-Porter,3,C & M Gangemi,56.5,0,1560x141544,17:5-3-0,8: 2-0-0,5: 2-0-0,2: 0-0-0,0:0-0-0,12:3-3-0,3:2-0-0,2:0-0-0,0:0-0-0,4:1-3-0,3:2-0-0,$207 565,5,BenchMark 72+,1200,J Turner,5.9,13/12/25,Swan Draught (Bm72+),1-Timeless Gem,10,5,01:09.51,Ascot,Good 4,54,0:0-0-0,235977,1316116,1116554,27659,15478,27659,15458,$80000,35.48sec 600m,$1440,NZ
01/08/2026 00:00:00,Belmont Park,1,01-Aug-2026 12:23,1200,3yo+,BenchMark 72+,54,Of $80000  -  1st  $43840 | 2nd  $14880| 3rd  $7040| 4th  $3120| 5th  $2320,,Handicap,Mrs Mac's (Bm72+),Apprentices Can Claim,The Calabrese,5,Gelding,Per Incanto,Drive On,4,C Johnston-Porter,3,C & M Gangemi,56.5,0,1560x141544,17:5-3-0,8: 2-0-0,5: 2-0-0,2: 0-0-0,0:0-0-0,12:3-3-0,3:2-0-0,2:0-0-0,0:0-0-0,4:1-3-0,3:2-0-0,$207 565,3,Rst 0 Met Win-LY,1000,J Turner,0.6,29/11/25,Share Bets With TABtouch Bet Loop (Rs0ly),1-Santanova,6,3.5,00:57.96,Ascot,Good 4,59,0:0-0-0,235666,1313765,1116554,27659,15478,27659,15458,$40000,34.67sec 600m,$720,NZ
01/08/2026 00:00:00,Belmont Park,1,01-Aug-2026 12:23,1200,3yo+,BenchMark 72+,54,Of $80000  -  1st  $43840 | 2nd  $14880| 3rd  $7040| 4th  $3120| 5th  $2320,,Handicap,Mrs Mac's (Bm72+),Apprentices Can Claim,The Calabrese,5,Gelding,Per Incanto,Drive On,4,C Johnston-Porter,3,C & M Gangemi,56.5,0,1560x141544,17:5-3-0,8: 2-0-0,5: 2-0-0,2: 0-0-0,0:0-0-0,12:3-3-0,3:2-0-0,2:0-0-0,0:0-0-0,4:1-3-0,3:2-0-0,$207 565,11,BenchMark 72+,1200,J Turner,1.8,16/11/25,Geraldton Toyota Batavia Sprint (Bm72+),1-Supersession,5,3.5,01:11.56,Geraldton,Good 3,55,0:0-0-0,235382,1311508,1116554,27659,15478,27659,15458,$125000,36.11sec 600m,$3625,NZ
01/08/2026 00:00:00,Belmont Park,1,01-Aug-2026 12:23,1200,3yo+,BenchMark 72+,54,Of $80000  -  1st  $43840 | 2nd  $14880| 3rd  $7040| 4th  $3120| 5th  $2320,,Handicap,Mrs Mac's (Bm72+),Apprentices Can Claim,The Calabrese,5,Gelding,Per Incanto,Drive On,4,C Johnston-Porter,3,C & M Gangemi,56.5,0,1560x141544,17:5-3-0,8: 2-0-0,5: 2-0-0,2: 0-0-0,0:0-0-0,12:3-3-0,3:2-0-0,2:0-0-0,0:0-0-0,4:1-3-0,3:2-0-0,$207 565,10,Rst 0 Met Win-LY,1200,J Turner,1.0,01/11/25,Mrs Mac's (Rs0ly),2-Thermosphere Lad,1,4.2,01:10.45,Ascot,Good 4,57.5,0:0-0-0,234913,1308380,1116554,27659,15478,27659,15458,$40000,35.55sec 600m,$21920,NZ
01/08/2026 00:00:00,Belmont Park,1,01-Aug-2026 12:23,1200,3yo+,BenchMark 72+,54,Of $80000  -  1st  $43840 | 2nd  $14880| 3rd  $7040| 4th  $3120| 5th  $2320,,Handicap,Mrs Mac's (Bm72+),Apprentices Can Claim,Want A Winner,5,Horse,Yes Yes Yes,Ridicule,5,W Pike,4,S & J Casey,56.5,0,1x1x1413x2x6,8:4-1-1,5: 3-0-1,4: 2-0-1,4: 2-0-1,0:0-0-0,4:3-1-0,3:1-0-1,1:0-0-0,0:0-0-0,5:3-1-0,1:0-0-0,$177 180,1,BenchMark 72+,1200,W Pike,2.8,18/07/26,Budget Car And Truck Rental (Bm72+),1-Urquharts Bluff,6,2.4,01:12.54,Belmont Park,Soft 7,56.5,0:0-0-0,241452,1356904,993405,27603,12691,27603,12691,$80000,35.30sec 600m,$1440,AUS
01/08/2026 00:00:00,Belmont Park,1,01-Aug-2026 12:23,1200,3yo+,BenchMark 72+,54,Of $80000  -  1st  $43840 | 2nd  $14880| 3rd  $7040| 4th  $3120| 5th  $2320,,Handicap,Mrs Mac's (Bm72+),Apprentices Can Claim,Want A Winner,5,Horse,Yes Yes Yes,Ridicule,5,W Pike,4,S & J Casey,56.5,0,1x1x1413x2x6,8:4-1-1,5: 3-0-1,4: 2-0-1,4: 2-0-1,0:0-0-0,4:3-1-0,3:1-0-1,1:0-0-0,0:0-0-0,5:3-1-0,1:0-0-0,$177 180,6,BenchMark 66+,1000,W Pike,0.4,13/12/25,MCA Polytrack (Bm66+),1-Haida Gwaii,2,2.25,00:57.39,Ascot,Good 4,59,0:0-0-0,235977,1316112,993405,27603,12691,27603,12691,$80000,33.85sec 600m,$14880,AUS
01/08/2026 00:00:00,Belmont Park,1,01-Aug-2026 12:23,1200,3yo+,BenchMark 72+,54,Of $80000  -  1st  $43840 | 2nd  $14880| 3rd  $7040| 4th  $3120| 5th  $2320,,Handicap,Mrs Mac's (Bm72+),Apprentices Can Claim,Want A Winner,5,Horse,Yes Yes Yes,Ridicule,5,W Pike,4,S & J Casey,56.5,0,1x1x1413x2x6,8:4-1-1,5: 3-0-1,4: 2-0-1,4: 2-0-1,0:0-0-0,4:3-1-0,3:1-0-1,1:0-0-0,0:0-0-0,5:3-1-0,1:0-0-0,$177 180,5,BenchMark 72+,1200,C Parnham,0.1,23/08/25,Vernon Brockman ? 2025 WA Spirit Of Racing Winner (Bm72+),1-Shmoov Moova,3,2.4,01:12.28,Belmont Park,Soft 5,56.5,0:0-0-0,232931,1293218,993405,27603,12691,27603,15179,$80000,36.00sec 600m,$7040,AUS
01/08/2026 00:00:00,Belmont Park,1,01-Aug-2026 12:23,1200,3yo+,BenchMark 72+,54,Of $80000  -  1st  $43840 | 2nd  $14880| 3rd  $7040| 4th  $3120| 5th  $2320,,Handicap,Mrs Mac's (Bm72+),Apprentices Can Claim,Want A Winner,5,Horse,Yes Yes Yes,Ridicule,5,W Pike,4,S & J Casey,56.5,0,1x1x1413x2x6,8:4-1-1,5: 3-0-1,4: 2-0-1,4: 2-0-1,0:0-0-0,4:3-1-0,3:1-0-1,1:0-0-0,0:0-0-0,5:3-1-0,1:0-0-0,$177 180,10,BenchMark 66+,1200,C Parnham,1.0,26/07/25,Lawn Pride Australia (Bm66+),2-Horcrux,1,4.6,01:12.26,Belmont Park,Soft 5,56.5,0:0-0-0,232207,1287475,993405,27603,12691,27603,15179,$80000,00.00sec 0m,$43840,AUS
01/08/2026 00:00:00,Belmont Park,1,01-Aug-2026 12:23,1200,3yo+,BenchMark 72+,54,Of $80000  -  1st  $43840 | 2nd  $14880| 3rd  $7040| 4th  $3120| 5th  $2320,,Handicap,Mrs Mac's (Bm72+),Apprentices Can Claim,Want A Winner,5,Horse,Yes Yes Yes,Ridicule,5,W Pike,4,S & J Casey,56.5,0,1x1x1413x2x6,8:4-1-1,5: 3-0-1,4: 2-0-1,4: 2-0-1,0:0-0-0,4:3-1-0,3:1-0-1,1:0-0-0,0:0-0-0,5:3-1-0,1:0-0-0,$177 180,4,BenchMark 66+,1000,C Parnham,3.1,12/07/25,Greenfields Lodge (Bm66+),1-Desert Whisper,4,3.5,00:59.95,Bunbury,Heavy 9,57.5,0:0-0-0,231808,1284409,993405,27603,12691,27603,15179,$80000,35.27sec 600m,$3120,AUS
01/08/2026 00:00:00,Belmont Park,1,01-Aug-2026 12:23,1200,3yo+,BenchMark 72+,54,Of $80000  -  1st  $43840 | 2nd  $14880| 3rd  $7040| 4th  $3120| 5th  $2320,,Handicap,Mrs Mac's (Bm72+),Apprentices Can Claim,Want A Winner,5,Horse,Yes Yes Yes,Ridicule,5,W Pike,4,S & J Casey,56.5,0,1x1x1413x2x6,8:4-1-1,5: 3-0-1,4: 2-0-1,4: 2-0-1,0:0-0-0,4:3-1-0,3:1-0-1,1:0-0-0,0:0-0-0,5:3-1-0,1:0-0-0,$177 180,4,BenchMark 66+,1200,C Parnham,0.0,28/06/25,Murray Veterinary Services (Bm66+),2-Bayezid,1,2.5,01:10.88,Pinjarra,Good 4,54.5,0:0-0-0,231375,1280990,993405,27603,12691,27603,15179,$80000,00.00sec 0m,$43840,AUS
01/08/2026 00:00:00,Belmont Park,1,01-Aug-2026 12:23,1200,3yo+,BenchMark 72+,54,Of $80000  -  1st  $43840 | 2nd  $14880| 3rd  $7040| 4th  $3120| 5th  $2320,,Handicap,Mrs Mac's (Bm72+),Apprentices Can Claim,Want A Winner,5,Horse,Yes Yes Yes,Ridicule,5,W Pike,4,S & J Casey,56.5,0,1x1x1413x2x6,8:4-1-1,5: 3-0-1,4: 2-0-1,4: 2-0-1,0:0-0-0,4:3-1-0,3:1-0-1,1:0-0-0,0:0-0-0,5:3-1-0,1:0-0-0,$177 180,2,Open,1000,C Parnham,1.1,01/02/25,Bisley Workwear Hcp,2-Keep Ita Mystery,1,2.8,00:58.19,Ascot,Good 4,57,0:0-0-0,227090,1251206,993405,27603,12691,27603,15179,$80000,34.08sec 600m,$43840,AUS
01/08/2026 00:00:00,Belmont Park,1,01-Aug-2026 12:23,1200,3yo+,BenchMark 72+,54,Of $80000  -  1st  $43840 | 2nd  $14880| 3rd  $7040| 4th  $3120| 5th  $2320,,Handicap,Mrs Mac's (Bm72+),Apprentices Can Claim,Want A Winner,5,Horse,Yes Yes Yes,Ridicule,5,W Pike,4,S & J Casey,56.5,0,1x1x1413x2x6,8:4-1-1,5: 3-0-1,4: 2-0-1,4: 2-0-1,0:0-0-0,4:3-1-0,3:1-0-1,1:0-0-0,0:0-0-0,5:3-1-0,1:0-0-0,$177 180,6,Rest 0 Metro Wins,1200,J Mc Naught,0.7,20/03/24,Amelia Park (Rs0mw),2-Battle Commander,1,5.5,01:11.91,Belmont Park,Good 4,57,0:0-0-0,218111,1185758,993405,27603,12691,27603,16126,$35000,35.25sec 600m,$19180,AUS
01/08/2026 00:00:00,Belmont Park,1,01-Aug-2026 12:23,1200,3yo+,BenchMark 72+,54,Of $80000  -  1st  $43840 | 2nd  $14880| 3rd  $7040| 4th  $3120| 5th  $2320,,Handicap,Mrs Mac's (Bm72+),Apprentices Can Claim,Atlantic Spirit,6,Mare,Frosted,True Priority,6,,2,N D Parnham,55.5,0,5086x231825,33:6-4-3,8: 0-2-0,5: 1-1-1,2: 0-1-0,0:0-0-0,26:3-3-3,7:3-1-0,0:0-0-0,0:0-0-0,7:3-1-0,7:1-1-2,$356 245,3,BenchMark 72+,1200,B Parnham,2.7,18/07/26,Budget Car And Truck Rental (Bm72+),1-Urquharts Bluff,5,8,01:12.54,Belmont Park,Soft 7,55.5,0:0-0-0,241452,1356904,979846,10820,0,10820,13271,$80000,35.30sec 600m,$2320,AUS
01/08/2026 00:00:00,Belmont Park,1,01-Aug-2026 12:23,1200,3yo+,BenchMark 72+,54,Of $80000  -  1st  $43840 | 2nd  $14880| 3rd  $7040| 4th  $3120| 5th  $2320,,Handicap,Mrs Mac's (Bm72+),Apprentices Can Claim,Atlantic Spirit,6,Mare,Frosted,True Priority,6,,2,N D Parnham,55.5,0,5086x231825,33:6-4-3,8: 0-2-0,5: 1-1-1,2: 0-1-0,0:0-0-0,26:3-3-3,7:3-1-0,0:0-0-0,0:0-0-0,7:3-1-0,7:1-1-2,$356 245,11,BenchMark 66+,1200,N Riordan,0.4,11/07/26,Mrs Mac's (Bm66+),1-Magical Sequence,2,18,01:11.82,Belmont Park,Good 4,55,0:0-0-0,241265,1355405,979846,10820,0,10820,17685,$80000,36.19sec 600m,$14880,AUS
01/08/2026 00:00:00,Belmont Park,1,01-Aug-2026 12:23,1200,3yo+,BenchMark 72+,54,Of $80000  -  1st  $43840 | 2nd  $14880| 3rd  $7040| 4th  $3120| 5th  $2320,,Handicap,Mrs Mac's (Bm72+),Apprentices Can Claim,Atlantic Spirit,6,Mare,Frosted,True Priority,6,,2,N D Parnham,55.5,0,5086x231825,33:6-4-3,8: 0-2-0,5: 1-1-1,2: 0-1-0,0:0-0-0,26:3-3-3,7:3-1-0,0:0-0-0,0:0-0-0,7:3-1-0,7:1-1-2,$356 245,5,BenchMark 72+,1000,B Parnham,2.3,20/06/26,WA Racehorse Owners' Association (Bm72+),1-Baby Pearl,8,6,00:58.23,Belmont Park,Good 4,55,0:0-0-0,240643,1350609,979846,10820,0,10820,13271,$80000,33.71sec 600m,$1440,AUS
01/08/2026 00:00:00,Belmont Park,1,01-Aug-2026 12:23,1200,3yo+,BenchMark 72+,54,Of $80000  -  1st  $43840 | 2nd  $14880| 3rd  $7040| 4th  $3120| 5th  $2320,,Handicap,Mrs Mac's (Bm72+),Apprentices Can Claim,Atlantic Spirit,6,Mare,Frosted,True Priority,6,,2,N D Parnham,55.5,0,5086x231825,33:6-4-3,8: 0-2-0,5: 1-1-1,2: 0-1-0,0:0-0-0,26:3-3-3,7:3-1-0,0:0-0-0,0:0-0-0,7:3-1-0,7:1-1-2,$356 245,5,Class 5,1000,B Parnham,0.5,03/06/26,Reliable Asset Maintenance Hcp (C5),2-Allentown,1,3.3,00:58.26,Belmont Park,Soft 5,59.5,0:0-0-0,240163,1346901,979846,10820,0,10820,13271,$30000,33.39sec 600m,$16440,AUS
01/08/2026 00:00:00,Belmont Park,1,01-Aug-2026 12:23,1200,3yo+,BenchMark 72+,54,Of $80000  -  1st  $43840 | 2nd  $14880| 3rd  $7040| 4th  $3120| 5th  $2320,,Handicap,Mrs Mac's (Bm72+),Apprentices Can Claim,Atlantic Spirit,6,Mare,Frosted,True Priority,6,,2,N D Parnham,55.5,0,5086x231825,33:6-4-3,8: 0-2-0,5: 1-1-1,2: 0-1-0,0:0-0-0,26:3-3-3,7:3-1-0,0:0-0-0,0:0-0-0,7:3-1-0,7:1-1-2,$356 245,11,BenchMark 66+,1000,B Parnham,1.5,23/05/26,Peters Investments (Bm66+),1-Baby Pearl,3,21,00:57.84,Belmont Park,Good 4,56.5,0:0-0-0,239806,1344315,979846,10820,0,10820,13271,$80000,33.18sec 600m,$7040,AUS
01/08/2026 00:00:00,Belmont Park,1,01-Aug-2026 12:23,1200,3yo+,BenchMark 72+,54,Of $80000  -  1st  $43840 | 2nd  $14880| 3rd  $7040| 4th  $3120| 5th  $2320,,Handicap,Mrs Mac's (Bm72+),Apprentices Can Claim,Atlantic Spirit,6,Mare,Frosted,True Priority,6,,2,N D Parnham,55.5,0,5086x231825,33:6-4-3,8: 0-2-0,5: 1-1-1,2: 0-1-0,0:0-0-0,26:3-3-3,7:3-1-0,0:0-0-0,0:0-0-0,7:3-1-0,7:1-1-2,$356 245,6,Rst 0 Met Win-LY,1000,B Parnham,0.0,06/05/26,MC Polytrack (Rs0ly),1-Last Stylebender,2,7.5,00:57.91,Ascot,Good 4,59,0:0-0-0,239381,1341038,979846,10820,0,10820,13271,$35000,33.71sec 600m,$6510,AUS
01/08/2026 00:00:00,Belmont Park,1,01-Aug-2026 12:23,1200,3yo+,BenchMark 72+,54,Of $80000  -  1st  $43840 | 2nd  $14880| 3rd  $7040| 4th  $3120| 5th  $2320,,Handicap,Mrs Mac's (Bm72+),Apprentices Can Claim,Atlantic Spirit,6,Mare,Frosted,True Priority,6,,2,N D Parnham,55.5,0,5086x231825,33:6-4-3,8: 0-2-0,5: 1-1-1,2: 0-1-0,0:0-0-0,26:3-3-3,7:3-1-0,0:0-0-0,0:0-0-0,7:3-1-0,7:1-1-2,$356 245,8,BenchMark 72+,1000,S Parnham,2.0,01/01/26,MCA Polytrack (Bm72+),1-Haida Gwaii,6,41,00:58.20,Ascot,Good 4,54,0:0-0-0,236427,1319147,979846,10820,0,10820,12664,$80000,33.69sec 600m,$1440,AUS
01/08/2026 00:00:00,Belmont Park,1,01-Aug-2026 12:23,1200,3yo+,BenchMark 72+,54,Of $80000  -  1st  $43840 | 2nd  $14880| 3rd  $7040| 4th  $3120| 5th  $2320,,Handicap,Mrs Mac's (Bm72+),Apprentices Can Claim,Atlantic Spirit,6,Mare,Frosted,True Priority,6,,2,N D Parnham,55.5,0,5086x231825,33:6-4-3,8: 0-2-0,5: 1-1-1,2: 0-1-0,0:0-0-0,26:3-3-3,7:3-1-0,0:0-0-0,0:0-0-0,7:3-1-0,7:1-1-2,$356 245,9,BenchMark 66+,1000,L Ramoly,3.6,13/12/25,MCA Polytrack (Bm66+),1-Haida Gwaii,8,21,00:57.39,Ascot,Good 4,57,0:0-0-0,235977,1316112,979846,10820,0,10820,16432,$80000,33.85sec 600m,$1440,AUS
01/08/2026 00:00:00,Belmont Park,1,01-Aug-2026 12:23,1200,3yo+,BenchMark 72+,54,Of $80000  -  1st  $43840 | 2nd  $14880| 3rd  $7040| 4th  $3120| 5th  $2320,,Handicap,Mrs Mac's (Bm72+),Apprentices Can Claim,Atlantic Spirit,6,Mare,Frosted,True Priority,6,,2,N D Parnham,55.5,0,5086x231825,33:6-4-3,8: 0-2-0,5: 1-1-1,2: 0-1-0,0:0-0-0,26:3-3-3,7:3-1-0,0:0-0-0,0:0-0-0,7:3-1-0,7:1-1-2,$356 245,5,Listed,1200,L Ramoly,5.0,15/11/25,Jungle Mist Classic,1-Drakaina,12,61,01:10.92,Ascot,Good 4,58,0:0-0-0,235353,1311299,979846,10820,0,10820,16432,$125000,34.49sec 600m,$0,AUS
01/08/2026 00:00:00,Belmont Park,1,01-Aug-2026 12:23,1200,3yo+,BenchMark 72+,54,Of $80000  -  1st  $43840 | 2nd  $14880| 3rd  $7040| 4th  $3120| 5th  $2320,,Handicap,Mrs Mac's (Bm72+),Apprentices Can Claim,Atlantic Spirit,6,Mare,Frosted,True Priority,6,,2,N D Parnham,55.5,0,5086x231825,33:6-4-3,8: 0-2-0,5: 1-1-1,2: 0-1-0,0:0-0-0,26:3-3-3,7:3-1-0,0:0-0-0,0:0-0-0,7:3-1-0,7:1-1-2,$356 245,6,BenchMark 72+,1000,L Campbell,1.3,01/11/25,Drummond Golf (Bm72+),1-Desert Whisper,5,11,00:58.14,Ascot,Good 4,54,0:0-0-0,234913,1308382,979846,10820,0,10820,16928,$80000,33.95sec 600m,$2320,AUS
01/08/2026 00:00:00,Belmont Park,1,01-Aug-2026 12:23,1200,3yo+,BenchMark 72+,54,Of $80000  -  1st  $43840 | 2nd  $14880| 3rd  $7040| 4th  $3120| 5th  $2320,,Handicap,Mrs Mac's (Bm72+),Apprentices Can Claim,Sunny Honey,7,Gelding,Patronize,Sunsilkin,7,P Harvey,5,D R Harrison,55.5,0,53x54624303,48:6-4-12,24: 2-2-7,22: 4-1-9,12: 2-0-6,0:0-0-0,30:3-1-5,14:2-2-6,4:1-1-1,0:0-0-0,7:1-0-1,7:0-1-1,$516 657,8,BenchMark 72+,1200,P Harvey,2.5,06/06/26,Quayclean (Bm72+),1-Charino,3,20,01:10.22,Belmont Park,Good 4,55.5,0:0-0-0,240215,1347367,955803,9257,3809,9257,3809,$80000,34.18sec 600m,$7040,AUS
01/08/2026 00:00:00,Belmont Park,1,01-Aug-2026 12:23,1200,3yo+,BenchMark 72+,54,Of $80000  -  1st  $43840 | 2nd  $14880| 3rd  $7040| 4th  $3120| 5th  $2320,,Handicap,Mrs Mac's (Bm72+),Apprentices Can Claim,Sunny Honey,7,Gelding,Patronize,Sunsilkin,7,P Harvey,5,D R Harrison,55.5,0,53x54624303,48:6-4-12,24: 2-2-7,22: 4-1-9,12: 2-0-6,0:0-0-0,30:3-1-5,14:2-2-6,4:1-1-1,0:0-0-0,7:1-0-1,7:0-1-1,$516 657,10,BenchMark 66+,1000,P Harvey,7.1,23/05/26,Peters Investments (Bm66+),1-Baby Pearl,11,15,00:57.84,Belmont Park,Good 4,59.5,0:0-0-0,239806,1344315,955803,9257,3809,9257,3809,$80000,33.18sec 600m,$0,AUS
01/08/2026 00:00:00,Belmont Park,1,01-Aug-2026 12:23,1200,3yo+,BenchMark 72+,54,Of $80000  -  1st  $43840 | 2nd  $14880| 3rd  $7040| 4th  $3120| 5th  $2320,,Handicap,Mrs Mac's (Bm72+),Apprentices Can Claim,Sunny Honey,7,Gelding,Patronize,Sunsilkin,7,P Harvey,5,D R Harrison,55.5,0,53x54624303,48:6-4-12,24: 2-2-7,22: 4-1-9,12: 2-0-6,0:0-0-0,30:3-1-5,14:2-2-6,4:1-1-1,0:0-0-0,7:1-0-1,7:0-1-1,$516 657,5,BenchMark 72+,1000,P Harvey,1.6,09/05/26,Mc Polytrack (Bm72+),1-Desert Whisper,3,10,00:57.26,Ascot,Good 4,56.5,0:0-0-0,239428,1341451,955803,9257,3809,9257,3809,$80000,33.93sec 600m,$7040,AUS
01/08/2026 00:00:00,Belmont Park,1,01-Aug-2026 12:23,1200,3yo+,BenchMark 72+,54,Of $80000  -  1st  $43840 | 2nd  $14880| 3rd  $7040| 4th  $3120| 5th  $2320,,Handicap,Mrs Mac's (Bm72+),Apprentices Can Claim,Sunny Honey,7,Gelding,Patronize,Sunsilkin,7,P Harvey,5,D R Harrison,55.5,0,53x54624303,48:6-4-12,24: 2-2-7,22: 4-1-9,12: 2-0-6,0:0-0-0,30:3-1-5,14:2-2-6,4:1-1-1,0:0-0-0,7:1-0-1,7:0-1-1,$516 657,4,BenchMark 72+,1200,P Harvey,1.8,25/04/26,Banks Avenue Memorial (Bm72+),1-The Calabrese,4,14,01:10.47,Ascot,Good 4,58.5,0:0-0-0,239022,1338496,955803,9257,3809,9257,3809,$80000,35.12sec 600m,$3120,AUS
01/08/2026 00:00:00,Belmont Park,1,01-Aug-2026 12:23,1200,3yo+,BenchMark 72+,54,Of $80000  -  1st  $43840 | 2nd  $14880| 3rd  $7040| 4th  $3120| 5th  $2320,,Handicap,Mrs Mac's (Bm72+),Apprentices Can Claim,Sunny Honey,7,Gelding,Patronize,Sunsilkin,7,P Harvey,5,D R Harrison,55.5,0,53x54624303,48:6-4-12,24: 2-2-7,22: 4-1-9,12: 2-0-6,0:0-0-0,30:3-1-5,14:2-2-6,4:1-1-1,0:0-0-0,7:1-0-1,7:0-1-1,$516 657,9,BenchMark 66+,1400,Z Johnston-Porter,0.9,01/04/26,Wittens Irrigation & Design (Bm66+),1-Yougivemechills,2,9,01:24.75,Ascot,Soft 5,56.5,0:0-0-0,238354,1333698,955803,9257,3809,9257,17062,$80000,35.28sec 600m,$14880,AUS
01/08/2026 00:00:00,Belmont Park,1,01-Aug-2026 12:23,1200,3yo+,BenchMark 72+,54,Of $80000  -  1st  $43840 | 2nd  $14880| 3rd  $7040| 4th  $3120| 5th  $2320,,Handicap,Mrs Mac's (Bm72+),Apprentices Can Claim,Sunny Honey,7,Gelding,Patronize,Sunsilkin,7,P Harvey,5,D R Harrison,55.5,0,53x54624303,48:6-4-12,24: 2-2-7,22: 4-1-9,12: 2-0-6,0:0-0-0,30:3-1-5,14:2-2-6,4:1-1-1,0:0-0-0,7:1-0-1,7:0-1-1,$516 657,7,BenchMark 72+,1200,J Whiting,6.5,14/03/26,Guinness (Bm72+),1-Horcrux,6,26,01:08.84,Ascot,Good 4,57,0:0-0-0,237965,1330741,955803,9257,3809,9257,10067,$80000,34.23sec 600m,$1440,AUS
01/08/2026 00:00:00,Belmont Park,1,01-Aug-2026 12:23,1200,3yo+,BenchMark 72+,54,Of $80000  -  1st  $43840 | 2nd  $14880| 3rd  $7040| 4th  $3120| 5th  $2320,,Handicap,Mrs Mac's (Bm72+),Apprentices Can Claim,Sunny Honey,7,Gelding,Patronize,Sunsilkin,7,P Harvey,5,D R Harrison,55.5,0,53x54624303,48:6-4-12,24: 2-2-7,22: 4-1-9,12: 2-0-6,0:0-0-0,30:3-1-5,14:2-2-6,4:1-1-1,0:0-0-0,7:1-0-1,7:0-1-1,$516 657,2,BenchMark 72+,1000,J Whiting,1.2,28/02/26,Robert Harvey Memorial (Bm72+),1-Santanova,4,21,00:58.23,Ascot,Good 4,57,0:0-0-0,237645,1328283,955803,9257,3809,9257,10067,$80000,34.43sec 600m,$3120,AUS
01/08/2026 00:00:00,Belmont Park,1,01-Aug-2026 12:23,1200,3yo+,BenchMark 72+,54,Of $80000  -  1st  $43840 | 2nd  $14880| 3rd  $7040| 4th  $3120| 5th  $2320,,Handicap,Mrs Mac's (Bm72+),Apprentices Can Claim,Sunny Honey,7,Gelding,Patronize,Sunsilkin,7,P Harvey,5,D R Harrison,55.5,0,53x54624303,48:6-4-12,24: 2-2-7,22: 4-1-9,12: 2-0-6,0:0-0-0,30:3-1-5,14:2-2-6,4:1-1-1,0:0-0-0,7:1-0-1,7:0-1-1,$516 657,5,BenchMark 66+,1000,H Nottle,2.5,07/02/26,Stevie Litton 60th Birthday (Bm66+),1-Santanova,5,9,00:57.46,Ascot,Good 4,57,0:0-0-0,237166,1324586,955803,9257,3809,9257,17687,$80000,33.40sec 600m,$2320,AUS
01/08/2026 00:00:00,Belmont Park,1,01-Aug-2026 12:23,1200,3yo+,BenchMark 72+,54,Of $80000  -  1st  $43840 | 2nd  $14880| 3rd  $7040| 4th  $3120| 5th  $2320,,Handicap,Mrs Mac's (Bm72+),Apprentices Can Claim,Sunny Honey,7,Gelding,Patronize,Sunsilkin,7,P Harvey,5,D R Harrison,55.5,0,53x54624303,48:6-4-12,24: 2-2-7,22: 4-1-9,12: 2-0-6,0:0-0-0,30:3-1-5,14:2-2-6,4:1-1-1,0:0-0-0,7:1-0-1,7:0-1-1,$516 657,10,BenchMark 72+,1400,C Parnham,6.0,13/09/25,MCA Polytrack (Bm72+),1-Cosmic Crusader,3,14,01:25.41,Belmont Park,Soft 5,57.5,0:0-0-0,233532,1298000,955803,9257,3809,9257,15179,$80000,00.00sec 0m,$7040,AUS
01/08/2026 00:00:00,Belmont Park,1,01-Aug-2026 12:23,1200,3yo+,BenchMark 72+,54,Of $80000  -  1st  $43840 | 2nd  $14880| 3rd  $7040| 4th  $3120| 5th  $2320,,Handicap,Mrs Mac's (Bm72+),Apprentices Can Claim,Sunny Honey,7,Gelding,Patronize,Sunsilkin,7,P Harvey,5,D R Harrison,55.5,0,53x54624303,48:6-4-12,24: 2-2-7,22: 4-1-9,12: 2-0-6,0:0-0-0,30:3-1-5,14:2-2-6,4:1-1-1,0:0-0-0,7:1-0-1,7:0-1-1,$516 657,6,BenchMark 72+,1200,H Watson,2.1,23/08/25,Vernon Brockman ? 2025 WA Spirit Of Racing Winner (Bm72+),1-Shmoov Moova,5,13,01:12.28,Belmont Park,Soft 5,58,0:0-0-0,232931,1293218,955803,9257,3809,9257,16516,$80000,36.00sec 600m,$2320,AUS
01/08/2026 00:00:00,Belmont Park,1,01-Aug-2026 12:23,1200,3yo+,BenchMark 72+,54,Of $80000  -  1st  $43840 | 2nd  $14880| 3rd  $7040| 4th  $3120| 5th  $2320,,Handicap,Mrs Mac's (Bm72+),Apprentices Can Claim,Hubble's Dragon,4,Gelding,Deep Field,Longduan,8,Holly Nottle,6,D L Morton,52.5,1.5,42x1125x,6:2-2-0,4: 2-2-0,0: 0-0-0,0: 0-0-0,0:0-0-0,4:2-1-0,0:0-0-0,2:0-1-0,0:0-0-0,2:1-0-0,2:1-1-0,$116 810,5,BenchMark 66+,1400,W Pike,2.4,28/02/26,Drummond Golf (Bm66+),1-King Hit,5,2.1,01:23.66,Ascot,Good 4,55.5,0:0-0-0,237645,1328286,1122422,23498,17687,23498,12691,$80000,35.81sec 600m,$2320,AUS
01/08/2026 00:00:00,Belmont Park,1,01-Aug-2026 12:23,1200,3yo+,BenchMark 72+,54,Of $80000  -  1st  $43840 | 2nd  $14880| 3rd  $7040| 4th  $3120| 5th  $2320,,Handicap,Mrs Mac's (Bm72+),Apprentices Can Claim,Hubble's Dragon,4,Gelding,Deep Field,Longduan,8,Holly Nottle,6,D L Morton,52.5,1.5,42x1125x,6:2-2-0,4: 2-2-0,0: 0-0-0,0: 0-0-0,0:0-0-0,4:2-1-0,0:0-0-0,2:0-1-0,0:0-0-0,2:1-0-0,2:1-1-0,$116 810,10,Open,1200,B Parnham,2.0,14/02/26,Magic Millions WA 3yo Trophy (RL),1-Twisted Steel,2,26,01:09.92,Pinjarra,Good 4,57,0:0-0-0,237310,1325688,1122422,23498,17687,23498,13271,$250000,34.55sec 600m,$46500,AUS
01/08/2026 00:00:00,Belmont Park,1,01-Aug-2026 12:23,1200,3yo+,BenchMark 72+,54,Of $80000  -  1st  $43840 | 2nd  $14880| 3rd  $7040| 4th  $3120| 5th  $2320,,Handicap,Mrs Mac's (Bm72+),Apprentices Can Claim,Hubble's Dragon,4,Gelding,Deep Field,Longduan,8,Holly Nottle,6,D L Morton,52.5,1.5,42x1125x,6:2-2-0,4: 2-2-0,0: 0-0-0,0: 0-0-0,0:0-0-0,4:2-1-0,0:0-0-0,2:0-1-0,0:0-0-0,2:1-0-0,2:1-1-0,$116 810,9,Class 1,1200,W Pike,0.4,01/02/26,Frankel Street Liquor Hcp (C1),2-God's Cross,1,2,01:11.36,Bunbury,Good 4,59,0:0-0-0,237059,1323860,1122422,23498,17687,23498,12691,$30000,34.64sec 600m,$16440,AUS
01/08/2026 00:00:00,Belmont Park,1,01-Aug-2026 12:23,1200,3yo+,BenchMark 72+,54,Of $80000  -  1st  $43840 | 2nd  $14880| 3rd  $7040| 4th  $3120| 5th  $2320,,Handicap,Mrs Mac's (Bm72+),Apprentices Can Claim,Hubble's Dragon,4,Gelding,Deep Field,Longduan,8,Holly Nottle,6,D L Morton,52.5,1.5,42x1125x,6:2-2-0,4: 2-2-0,0: 0-0-0,0: 0-0-0,0:0-0-0,4:2-1-0,0:0-0-0,2:0-1-0,0:0-0-0,2:1-0-0,2:1-1-0,$116 810,10,Maiden,1200,W Pike,1.6,15/01/26,Jane Whitehorn & Locky Pleasance Mdn,2-Barney Rommel,1,1.3,01:12.05,Pinjarra Scarpside,Good 4,56.5,0:0-0-0,236711,1321275,1122422,23498,17687,23498,12691,$25000,34.10sec 600m,$13700,AUS
01/08/2026 00:00:00,Belmont Park,1,01-Aug-2026 12:23,1200,3yo+,BenchMark 72+,54,Of $80000  -  1st  $43840 | 2nd  $14880| 3rd  $7040| 4th  $3120| 5th  $2320,,Handicap,Mrs Mac's (Bm72+),Apprentices Can Claim,Hubble's Dragon,4,Gelding,Deep Field,Longduan,8,Holly Nottle,6,D L Morton,52.5,1.5,42x1125x,6:2-2-0,4: 2-2-0,0: 0-0-0,0: 0-0-0,0:0-0-0,4:2-1-0,0:0-0-0,2:0-1-0,0:0-0-0,2:1-0-0,2:1-1-0,$116 810,6,Open,1200,W Pike,1.4,02/08/25,Mrs Mac's Plate,1-Cape Leeuwin,2,3,01:14.12,Pinjarra Scarpside,Heavy 8,57,0:0-0-0,232413,1289106,1122422,23498,17687,23498,12691,$80000,00.00sec 0m,$14880,AUS
01/08/2026 00:00:00,Belmont Park,1,01-Aug-2026 12:23,1200,3yo+,BenchMark 72+,54,Of $80000  -  1st  $43840 | 2nd  $14880| 3rd  $7040| 4th  $3120| 5th  $2320,,Handicap,Mrs Mac's (Bm72+),Apprentices Can Claim,Hubble's Dragon,4,Gelding,Deep Field,Longduan,8,Holly Nottle,6,D L Morton,52.5,1.5,42x1125x,6:2-2-0,4: 2-2-0,0: 0-0-0,0: 0-0-0,0:0-0-0,4:2-1-0,0:0-0-0,2:0-1-0,0:0-0-0,2:1-0-0,2:1-1-0,$116 810,4,Open,1000,C Parnham,4.8,12/07/25,Cuprum Distillery Plate,1-Twisted Steel,4,11,01:00.16,Bunbury,Heavy 8,57,0:0-0-0,231808,1284405,1122422,23498,17687,23498,15179,$80000,35.88sec 600m,$3120,AUS
meeting date,track,race number,start time,distance,age restrictions,class restrictions,weight restrictions,race prizemoney,sex restrictions,weight type,race name,jockeys can claim,horse name,horse age,horse sex,horse sire,horse dam,horse number,horse jockey,horse barrier,horse trainer,horse weight,horse claim,horse last10,horse record,horse record distance,horse record track,horse record track distance,horse record firm,horse record good,horse record soft,horse record heavy,horse record jumps,horse record first up,horse record second up,horse prize money,form barrier,form class,form distance,form jockey,form margin,form meeting date,form name,form other runners,form position,form price,form time,form track,form track condition,form weight,horse record synthetic,meeting id, race id, horse id, horse trainer id, horse jockey id, form trainer id, form jockey id,prizemoney,sectional,prizemoney won,country
01/08/2026 00:00:00,Belmont Park,2,01-Aug-2026 12:59,1400,3yo+,BenchMark 66+,54,Of $80000  -  1st  $43840 | 2nd  $14880| 3rd  $7040| 4th  $3120| 5th  $2320,,Handicap,Congratulations William Pike - Leading Jockey 25/26 (Bm66+),Apprentices Can Claim,The Crimson Pirate,4,Gelding,Trapeze Artist,Emmalene,1,Chris Parnham,4,D L Morton,59,0,2252221132x,11:2-7-1,3: 0-3-0,3: 0-2-0,2: 0-2-0,0:0-0-0,6:2-3-1,5:0-4-0,0:0-0-0,0:0-0-0,1:0-1-0,1:0-1-0,$204 035,5,BenchMark 72+,1600,L Fiore,0.4,01/04/26,Epilepsy WA (Bm72+),1-King Hit,2,2.15,01:37.39,Ascot,Soft 5,55,0:0-0-0,238354,1333694,1115409,23498,15179,23498,15372,$80000,35.64sec 600m,$14880,AUS
01/08/2026 00:00:00,Belmont Park,2,01-Aug-2026 12:59,1400,3yo+,BenchMark 66+,54,Of $80000  -  1st  $43840 | 2nd  $14880| 3rd  $7040| 4th  $3120| 5th  $2320,,Handicap,Congratulations William Pike - Leading Jockey 25/26 (Bm66+),Apprentices Can Claim,The Crimson Pirate,4,Gelding,Trapeze Artist,Emmalene,1,Chris Parnham,4,D L Morton,59,0,2252221132x,11:2-7-1,3: 0-3-0,3: 0-2-0,2: 0-2-0,0:0-0-0,6:2-3-1,5:0-4-0,0:0-0-0,0:0-0-0,1:0-1-0,1:0-1-0,$204 035,11,Listed,1800,L Fiore,1.9,14/03/26,Schweppes - J.C. Roberts Stakes,1-Aberdeen Flyer,3,3.1,01:48.90,Ascot,Good 4,56,0:0-0-0,237965,1330742,1115409,23498,15179,23498,15372,$125000,36.24sec 600m,$11000,AUS
01/08/2026 00:00:00,Belmont Park,2,01-Aug-2026 12:59,1400,3yo+,BenchMark 66+,54,Of $80000  -  1st  $43840 | 2nd  $14880| 3rd  $7040| 4th  $3120| 5th  $2320,,Handicap,Congratulations William Pike - Leading Jockey 25/26 (Bm66+),Apprentices Can Claim,The Crimson Pirate,4,Gelding,Trapeze Artist,Emmalene,1,Chris Parnham,4,D L Morton,59,0,2252221132x,11:2-7-1,3: 0-3-0,3: 0-2-0,2: 0-2-0,0:0-0-0,6:2-3-1,5:0-4-0,0:0-0-0,0:0-0-0,1:0-1-0,1:0-1-0,$204 035,6,Listed,1600,L Fiore,2.6,28/02/26,Lex Piper Stakes,2-Aberdeen Flyer,1,3.9,01:38.23,Ascot,Good 4,54,0:0-0-0,237645,1328285,1115409,23498,15179,23498,15372,$125000,35.10sec 600m,$68500,AUS
01/08/2026 00:00:00,Belmont Park,2,01-Aug-2026 12:59,1400,3yo+,BenchMark 66+,54,Of $80000  -  1st  $43840 | 2nd  $14880| 3rd  $7040| 4th  $3120| 5th  $2320,,Handicap,Congratulations William Pike - Leading Jockey 25/26 (Bm66+),Apprentices Can Claim,The Crimson Pirate,4,Gelding,Trapeze Artist,Emmalene,1,Chris Parnham,4,D L Morton,59,0,2252221132x,11:2-7-1,3: 0-3-0,3: 0-2-0,2: 0-2-0,0:0-0-0,6:2-3-1,5:0-4-0,0:0-0-0,0:0-0-0,1:0-1-0,1:0-1-0,$204 035,4,Class 1,1500,L Fiore,1.6,15/02/26,Wittens Irrigation & Design Hcp (C1),2-Moonwalk,1,1.75,01:32.37,Ascot,Good 4,60,0:0-0-0,237311,1325692,1115409,23498,15179,23498,15372,$30000,35.63sec 600m,$16440,AUS
01/08/2026 00:00:00,Belmont Park,2,01-Aug-2026 12:59,1400,3yo+,BenchMark 66+,54,Of $80000  -  1st  $43840 | 2nd  $14880| 3rd  $7040| 4th  $3120| 5th  $2320,,Handicap,Congratulations William Pike - Leading Jockey 25/26 (Bm66+),Apprentices Can Claim,The Crimson Pirate,4,Gelding,Trapeze Artist,Emmalene,1,Chris Parnham,4,D L Morton,59,0,2252221132x,11:2-7-1,3: 0-3-0,3: 0-2-0,2: 0-2-0,0:0-0-0,6:2-3-1,5:0-4-0,0:0-0-0,0:0-0-0,1:0-1-0,1:0-1-0,$204 035,6,Rest 1 Metro Win,1800,L Fiore,0.2,29/11/25,Bisley Workwear (Rs1mw),1-Mississippi Dawn,2,2.15,01:50.41,Ascot,Good 4,54.5,0:0-0-0,235666,1313770,1115409,23498,15179,23498,15372,$60000,36.12sec 600m,$11160,AUS
01/08/2026 00:00:00,Belmont Park,2,01-Aug-2026 12:59,1400,3yo+,BenchMark 66+,54,Of $80000  -  1st  $43840 | 2nd  $14880| 3rd  $7040| 4th  $3120| 5th  $2320,,Handicap,Congratulations William Pike - Leading Jockey 25/26 (Bm66+),Apprentices Can Claim,The Crimson Pirate,4,Gelding,Trapeze Artist,Emmalene,1,Chris Parnham,4,D L Morton,59,0,2252221132x,11:2-7-1,3: 0-3-0,3: 0-2-0,2: 0-2-0,0:0-0-0,6:2-3-1,5:0-4-0,0:0-0-0,0:0-0-0,1:0-1-0,1:0-1-0,$204 035,12,Rest 1 Metro Win,1600,L Fiore,0.1,22/11/25,MCA Polytrack (Rs1mw),1-Westbound,2,4.4,01:36.59,Ascot,Good 4,54.5,0:0-0-0,235506,1312519,1115409,23498,15179,23498,15372,$60000,36.07sec 600m,$11160,AUS
01/08/2026 00:00:00,Belmont Park,2,01-Aug-2026 12:59,1400,3yo+,BenchMark 66+,54,Of $80000  -  1st  $43840 | 2nd  $14880| 3rd  $7040| 4th  $3120| 5th  $2320,,Handicap,Congratulations William Pike - Leading Jockey 25/26 (Bm66+),Apprentices Can Claim,The Crimson Pirate,4,Gelding,Trapeze Artist,Emmalene,1,Chris Parnham,4,D L Morton,59,0,2252221132x,11:2-7-1,3: 0-3-0,3: 0-2-0,2: 0-2-0,0:0-0-0,6:2-3-1,5:0-4-0,0:0-0-0,0:0-0-0,1:0-1-0,1:0-1-0,$204 035,8,Maiden,1400,L Fiore,2.4,06/11/25,Swan Draught Mdn,1-Admire Astra,2,3.1,01:24.01,Northam,Good 4,57,0:0-0-0,235139,1309675,1115409,23498,15179,23498,15372,$25000,33.90sec 600m,$4650,AUS
01/08/2026 00:00:00,Belmont Park,2,01-Aug-2026 12:59,1400,3yo+,BenchMark 66+,54,Of $80000  -  1st  $43840 | 2nd  $14880| 3rd  $7040| 4th  $3120| 5th  $2320,,Handicap,Congratulations William Pike - Leading Jockey 25/26 (Bm66+),Apprentices Can Claim,The Crimson Pirate,4,Gelding,Trapeze Artist,Emmalene,1,Chris Parnham,4,D L Morton,59,0,2252221132x,11:2-7-1,3: 0-3-0,3: 0-2-0,2: 0-2-0,0:0-0-0,6:2-3-1,5:0-4-0,0:0-0-0,0:0-0-0,1:0-1-0,1:0-1-0,$204 035,6,Maiden,1200,W Pike,7.9,22/10/25,Morley Growers Market Mdn,1-Ourgirlcanrun,5,2.25,01:10.90,Belmont Park,Soft 5,56,0:0-0-0,234651,1306469,1115409,23498,15179,23498,12691,$25000,34.57sec 600m,$725,AUS
01/08/2026 00:00:00,Belmont Park,2,01-Aug-2026 12:59,1400,3yo+,BenchMark 66+,54,Of $80000  -  1st  $43840 | 2nd  $14880| 3rd  $7040| 4th  $3120| 5th  $2320,,Handicap,Congratulations William Pike - Leading Jockey 25/26 (Bm66+),Apprentices Can Claim,The Crimson Pirate,4,Gelding,Trapeze Artist,Emmalene,1,Chris Parnham,4,D L Morton,59,0,2252221132x,11:2-7-1,3: 0-3-0,3: 0-2-0,2: 0-2-0,0:0-0-0,6:2-3-1,5:0-4-0,0:0-0-0,0:0-0-0,1:0-1-0,1:0-1-0,$204 035,7,Maiden,1400,W Pike,1.0,13/08/25,Glenroy Chaff Mdn,1-Capable Angel,2,1.3,01:26.06,Belmont Park,Soft 5,55.5,0:0-0-0,232694,1291342,1115409,23498,15179,23498,12691,$25000,00.00sec 0m,$4650,AUS
01/08/2026 00:00:00,Belmont Park,2,01-Aug-2026 12:59,1400,3yo+,BenchMark 66+,54,Of $80000  -  1st  $43840 | 2nd  $14880| 3rd  $7040| 4th  $3120| 5th  $2320,,Handicap,Congratulations William Pike - Leading Jockey 25/26 (Bm66+),Apprentices Can Claim,The Crimson Pirate,4,Gelding,Trapeze Artist,Emmalene,1,Chris Parnham,4,D L Morton,59,0,2252221132x,11:2-7-1,3: 0-3-0,3: 0-2-0,2: 0-2-0,0:0-0-0,6:2-3-1,5:0-4-0,0:0-0-0,0:0-0-0,1:0-1-0,1:0-1-0,$204 035,12,Rst 0 Met Win-LY,1400,B Parnham,0.8,30/07/25,MCA Polytrack (Rs0ly),1-Talkaway,2,6,01:25.13,Belmont Park,Soft 6,57,0:0-0-0,232334,1288473,1115409,23498,15179,23498,13271,$35000,36.77sec 600m,$6510,AUS
01/08/2026 00:00:00,Belmont Park,2,01-Aug-2026 12:59,1400,3yo+,BenchMark 66+,54,Of $80000  -  1st  $43840 | 2nd  $14880| 3rd  $7040| 4th  $3120| 5th  $2320,,Handicap,Congratulations William Pike - Leading Jockey 25/26 (Bm66+),Apprentices Can Claim,Odinaka,6,Gelding,A Lot,Hottington,2,S Mc Gruddy,6,S J Wolfe,58,0,614x5365902,43:6-4-5,6: 0-0-1,12: 2-2-2,0: 0-0-0,0:0-0-0,29:4-2-3,10:0-2-2,4:2-0-0,0:0-0-0,6:1-0-0,6:1-1-2,$476 870,3,BenchMark 72+,1650,J Turner,1.0,18/07/26,North Beach Football Club 06 Premiership (Bm72+),1-Auto Cruise,2,31,01:42.86,Belmont Park,Soft 7,54,0:0-0-0,241452,1356901,974497,1682,4651,1682,15458,$80000,36.16sec 600m,$14880,AUS
01/08/2026 00:00:00,Belmont Park,2,01-Aug-2026 12:59,1400,3yo+,BenchMark 66+,54,Of $80000  -  1st  $43840 | 2nd  $14880| 3rd  $7040| 4th  $3120| 5th  $2320,,Handicap,Congratulations William Pike - Leading Jockey 25/26 (Bm66+),Apprentices Can Claim,Odinaka,6,Gelding,A Lot,Hottington,2,S Mc Gruddy,6,S J Wolfe,58,0,614x5365902,43:6-4-5,6: 0-0-1,12: 2-2-2,0: 0-0-0,0:0-0-0,29:4-2-3,10:0-2-2,4:2-0-0,0:0-0-0,6:1-0-0,6:1-1-2,$476 870,10,BenchMark 72+,1600,S Mc Gruddy,7.6,27/06/26,Bisley Workwear (Bm72+),1-Correct Choice,10,12,01:40.43,Belmont Park,Heavy 8,55,0:0-0-0,240853,1352212,974497,1682,4651,1682,4651,$80000,36.92sec 600m,$1440,AUS
01/08/2026 00:00:00,Belmont Park,2,01-Aug-2026 12:59,1400,3yo+,BenchMark 66+,54,Of $80000  -  1st  $43840 | 2nd  $14880| 3rd  $7040| 4th  $3120| 5th  $2320,,Handicap,Congratulations William Pike - Leading Jockey 25/26 (Bm66+),Apprentices Can Claim,Odinaka,6,Gelding,A Lot,Hottington,2,S Mc Gruddy,6,S J Wolfe,58,0,614x5365902,43:6-4-5,6: 0-0-1,12: 2-2-2,0: 0-0-0,0:0-0-0,29:4-2-3,10:0-2-2,4:2-0-0,0:0-0-0,6:1-0-0,6:1-1-2,$476 870,2,BenchMark 66+,1650,S Mc Gruddy,4.2,13/06/26,Happy 70th Birthday Phil Davey (Bm66+),1-Simply Thinkin',9,31,01:41.15,Belmont Park,Soft 6,59,0:0-0-0,240420,1348939,974497,1682,4651,1682,4651,$80000,35.58sec 600m,$1440,AUS
01/08/2026 00:00:00,Belmont Park,2,01-Aug-2026 12:59,1400,3yo+,BenchMark 66+,54,Of $80000  -  1st  $43840 | 2nd  $14880| 3rd  $7040| 4th  $3120| 5th  $2320,,Handicap,Congratulations William Pike - Leading Jockey 25/26 (Bm66+),Apprentices Can Claim,Odinaka,6,Gelding,A Lot,Hottington,2,S Mc Gruddy,6,S J Wolfe,58,0,614x5365902,43:6-4-5,6: 0-0-1,12: 2-2-2,0: 0-0-0,0:0-0-0,29:4-2-3,10:0-2-2,4:2-0-0,0:0-0-0,6:1-0-0,6:1-1-2,$476 870,7,BenchMark 66+,1800,S Mc Gruddy,3.6,09/05/26,Thank You Craig Staples (Bm66+),1-Westbound,5,12,01:50.59,Ascot,Good 4,60,0:0-0-0,239428,1341453,974497,1682,4651,1682,4651,$80000,35.23sec 600m,$2320,AUS
01/08/2026 00:00:00,Belmont Park,2,01-Aug-2026 12:59,1400,3yo+,BenchMark 66+,54,Of $80000  -  1st  $43840 | 2nd  $14880| 3rd  $7040| 4th  $3120| 5th  $2320,,Handicap,Congratulations William Pike - Leading Jockey 25/26 (Bm66+),Apprentices Can Claim,Odinaka,6,Gelding,A Lot,Hottington,2,S Mc Gruddy,6,S J Wolfe,58,0,614x5365902,43:6-4-5,6: 0-0-1,12: 2-2-2,0: 0-0-0,0:0-0-0,29:4-2-3,10:0-2-2,4:2-0-0,0:0-0-0,6:1-0-0,6:1-1-2,$476 870,2,BenchMark 66+,1600,P Harvey,1.8,25/04/26,Ule Hoof Oil (Bm66+),1-Noble Connection,6,3.6,01:38.48,Ascot,Good 4,60,0:0-0-0,239022,1338492,974497,1682,4651,1682,3809,$80000,35.16sec 600m,$1440,AUS
01/08/2026 00:00:00,Belmont Park,2,01-Aug-2026 12:59,1400,3yo+,BenchMark 66+,54,Of $80000  -  1st  $43840 | 2nd  $14880| 3rd  $7040| 4th  $3120| 5th  $2320,,Handicap,Congratulations William Pike - Leading Jockey 25/26 (Bm66+),Apprentices Can Claim,Odinaka,6,Gelding,A Lot,Hottington,2,S Mc Gruddy,6,S J Wolfe,58,0,614x5365902,43:6-4-5,6: 0-0-1,12: 2-2-2,0: 0-0-0,0:0-0-0,29:4-2-3,10:0-2-2,4:2-0-0,0:0-0-0,6:1-0-0,6:1-1-2,$476 870,4,BenchMark 66+,1400,S Mc Gruddy,0.7,11/04/26,Bisley Workwear (Bm66+),1-Rally The Troops,3,12,01:23.12,Ascot,Good 4,59.5,0:0-0-0,238664,1335867,974497,1682,4651,1682,4651,$80000,35.22sec 600m,$7040,AUS
01/08/2026 00:00:00,Belmont Park,2,01-Aug-2026 12:59,1400,3yo+,BenchMark 66+,54,Of $80000  -  1st  $43840 | 2nd  $14880| 3rd  $7040| 4th  $3120| 5th  $2320,,Handicap,Congratulations William Pike - Leading Jockey 25/26 (Bm66+),Apprentices Can Claim,Odinaka,6,Gelding,A Lot,Hottington,2,S Mc Gruddy,6,S J Wolfe,58,0,614x5365902,43:6-4-5,6: 0-0-1,12: 2-2-2,0: 0-0-0,0:0-0-0,29:4-2-3,10:0-2-2,4:2-0-0,0:0-0-0,6:1-0-0,6:1-1-2,$476 870,4,BenchMark 72+,1200,S Mc Gruddy,1.7,01/04/26,Mrs Mac's (Bm72+),1-Sisu Warrior,5,41,01:10.68,Ascot,Soft 5,56.5,0:0-0-0,238354,1333699,974497,1682,4651,1682,4651,$80000,35.45sec 600m,$2320,AUS
01/08/2026 00:00:00,Belmont Park,2,01-Aug-2026 12:59,1400,3yo+,BenchMark 66+,54,Of $80000  -  1st  $43840 | 2nd  $14880| 3rd  $7040| 4th  $3120| 5th  $2320,,Handicap,Congratulations William Pike - Leading Jockey 25/26 (Bm66+),Apprentices Can Claim,Odinaka,6,Gelding,A Lot,Hottington,2,S Mc Gruddy,6,S J Wolfe,58,0,614x5365902,43:6-4-5,6: 0-0-1,12: 2-2-2,0: 0-0-0,0:0-0-0,29:4-2-3,10:0-2-2,4:2-0-0,0:0-0-0,6:1-0-0,6:1-1-2,$476 870,3,BenchMark 72+,1600,S Mc Gruddy,1.2,15/11/25,Bisley Workwear (Bm72+),1-Asphalt,4,21,01:38.30,Ascot,Good 4,56.5,0:0-0-0,235353,1311296,974497,1682,4651,1682,4651,$80000,34.82sec 600m,$3120,AUS
01/08/2026 00:00:00,Belmont Park,2,01-Aug-2026 12:59,1400,3yo+,BenchMark 66+,54,Of $80000  -  1st  $43840 | 2nd  $14880| 3rd  $7040| 4th  $3120| 5th  $2320,,Handicap,Congratulations William Pike - Leading Jockey 25/26 (Bm66+),Apprentices Can Claim,Odinaka,6,Gelding,A Lot,Hottington,2,S Mc Gruddy,6,S J Wolfe,58,0,614x5365902,43:6-4-5,6: 0-0-1,12: 2-2-2,0: 0-0-0,0:0-0-0,29:4-2-3,10:0-2-2,4:2-0-0,0:0-0-0,6:1-0-0,6:1-1-2,$476 870,3,BenchMark 66+,1800,S Mc Gruddy,0.3,01/11/25,Quayclean (Bm66+),2-Funchal,1,12,01:51.11,Ascot,Good 4,57.5,0:0-0-0,234913,1308378,974497,1682,4651,1682,4651,$80000,35.58sec 600m,$43840,AUS
01/08/2026 00:00:00,Belmont Park,2,01-Aug-2026 12:59,1400,3yo+,BenchMark 66+,54,Of $80000  -  1st  $43840 | 2nd  $14880| 3rd  $7040| 4th  $3120| 5th  $2320,,Handicap,Congratulations William Pike - Leading Jockey 25/26 (Bm66+),Apprentices Can Claim,Odinaka,6,Gelding,A Lot,Hottington,2,S Mc Gruddy,6,S J Wolfe,58,0,614x5365902,43:6-4-5,6: 0-0-1,12: 2-2-2,0: 0-0-0,0:0-0-0,29:4-2-3,10:0-2-2,4:2-0-0,0:0-0-0,6:1-0-0,6:1-1-2,$476 870,1,BenchMark 72+,1600,S Mc Gruddy,1.6,18/10/25,Jayde Kinane (Bm72+),1-Prophet And Power,6,3.5,01:38.26,Ascot,Good 4,57,0:0-0-0,234518,1305485,974497,1682,4651,1682,4651,$80000,35.20sec 600m,$1440,AUS
01/08/2026 00:00:00,Belmont Park,2,01-Aug-2026 12:59,1400,3yo+,BenchMark 66+,54,Of $80000  -  1st  $43840 | 2nd  $14880| 3rd  $7040| 4th  $3120| 5th  $2320,,Handicap,Congratulations William Pike - Leading Jockey 25/26 (Bm66+),Apprentices Can Claim,Bird's The Word,7,Gelding,Galah,Wise Talk,3,A Hearn,7,Charlotte Skerritt,56.5,0,9430x15130x3,54:10-5-10,9: 1-1-1,20: 2-2-5,5: 1-0-1,0:0-0-0,32:7-3-6,19:1-2-4,3:2-0-0,0:0-0-0,8:2-0-2,7:0-0-2,$398 507,8,BenchMark 66+,1400,S Parnham,1.2,18/07/26,Budget Mini Bus (Bm66+),1-Mt Shirataku,3,51,01:26.54,Belmont Park,Soft 7,56,0:0-0-0,241452,1356903,957319,28841,14758,28841,12664,$80000,35.90sec 600m,$7040,AUS
01/08/2026 00:00:00,Belmont Park,2,01-Aug-2026 12:59,1400,3yo+,BenchMark 66+,54,Of $80000  -  1st  $43840 | 2nd  $14880| 3rd  $7040| 4th  $3120| 5th  $2320,,Handicap,Congratulations William Pike - Leading Jockey 25/26 (Bm66+),Apprentices Can Claim,Bird's The Word,7,Gelding,Galah,Wise Talk,3,A Hearn,7,Charlotte Skerritt,56.5,0,9430x15130x3,54:10-5-10,9: 1-1-1,20: 2-2-5,5: 1-0-1,0:0-0-0,32:7-3-6,19:1-2-4,3:2-0-0,0:0-0-0,8:2-0-2,7:0-0-2,$398 507,2,BenchMark 66+,1800,S Parnham,6.2,18/04/26,Mc Polytrack (Bm 66+),1-Holler Nuff,11,6,01:52.19,Ascot,Soft 5,58.5,0:0-0-0,238836,1337144,957319,28841,14758,28841,12664,$80000,36.55sec 600m,$0,AUS
01/08/2026 00:00:00,Belmont Park,2,01-Aug-2026 12:59,1400,3yo+,BenchMark 66+,54,Of $80000  -  1st  $43840 | 2nd  $14880| 3rd  $7040| 4th  $3120| 5th  $2320,,Handicap,Congratulations William Pike - Leading Jockey 25/26 (Bm66+),Apprentices Can Claim,Bird's The Word,7,Gelding,Galah,Wise Talk,3,A Hearn,7,Charlotte Skerritt,56.5,0,9430x15130x3,54:10-5-10,9: 1-1-1,20: 2-2-5,5: 1-0-1,0:0-0-0,32:7-3-6,19:1-2-4,3:2-0-0,0:0-0-0,8:2-0-2,7:0-0-2,$398 507,13,BenchMark 66+,1800,S Parnham,0.7,01/04/26,Bisley Workwear (Bm66+),1-Black For Cash,3,12,01:50.64,Ascot,Soft 5,56.5,0:0-0-0,238354,1333696,957319,28841,14758,28841,12664,$80000,36.90sec 600m,$7040,AUS
01/08/2026 00:00:00,Belmont Park,2,01-Aug-2026 12:59,1400,3yo+,BenchMark 66+,54,Of $80000  -  1st  $43840 | 2nd  $14880| 3rd  $7040| 4th  $3120| 5th  $2320,,Handicap,Congratulations William Pike - Leading Jockey 25/26 (Bm66+),Apprentices Can Claim,Bird's The Word,7,Gelding,Galah,Wise Talk,3,A Hearn,7,Charlotte Skerritt,56.5,0,9430x15130x3,54:10-5-10,9: 1-1-1,20: 2-2-5,5: 1-0-1,0:0-0-0,32:7-3-6,19:1-2-4,3:2-0-0,0:0-0-0,8:2-0-2,7:0-0-2,$398 507,2,Rest 1 Metro Win,1675,S Parnham,0.1,07/03/26,Redink Run (Rs1mw),2-Western Lady,1,8,01:41.60,Bunbury,Good 4,57,0:0-0-0,237789,1329366,957319,28841,14758,28841,12664,$60000,35.78sec 600m,$32880,AUS
01/08/2026 00:00:00,Belmont Park,2,01-Aug-2026 12:59,1400,3yo+,BenchMark 66+,54,Of $80000  -  1st  $43840 | 2nd  $14880| 3rd  $7040| 4th  $3120| 5th  $2320,,Handicap,Congratulations William Pike - Leading Jockey 25/26 (Bm66+),Apprentices Can Claim,Bird's The Word,7,Gelding,Galah,Wise Talk,3,A Hearn,7,Charlotte Skerritt,56.5,0,9430x15130x3,54:10-5-10,9: 1-1-1,20: 2-2-5,5: 1-0-1,0:0-0-0,32:7-3-6,19:1-2-4,3:2-0-0,0:0-0-0,8:2-0-2,7:0-0-2,$398 507,10,Rst 0 Met Win-LY,1400,S Parnham,2.0,28/02/26,TABtouch - Westspeed Platinum (Rs0ly),1-Magical Sequence,5,9,01:24.31,Ascot,Good 4,58,0:0-0-0,237645,1328284,957319,28841,14758,28841,12664,$40000,35.83sec 600m,$1160,AUS
01/08/2026 00:00:00,Belmont Park,2,01-Aug-2026 12:59,1400,3yo+,BenchMark 66+,54,Of $80000  -  1st  $43840 | 2nd  $14880| 3rd  $7040| 4th  $3120| 5th  $2320,,Handicap,Congratulations William Pike - Leading Jockey 25/26 (Bm66+),Apprentices Can Claim,Bird's The Word,7,Gelding,Galah,Wise Talk,3,A Hearn,7,Charlotte Skerritt,56.5,0,9430x15130x3,54:10-5-10,9: 1-1-1,20: 2-2-5,5: 1-0-1,0:0-0-0,32:7-3-6,19:1-2-4,3:2-0-0,0:0-0-0,8:2-0-2,7:0-0-2,$398 507,11,Rst 0 Met Win-LY,1200,S Parnham,0.3,07/02/26,TABtouch - Westspeed Platinum (Rs0ly),2-Rommel's Goddess,1,101,01:09.83,Ascot,Good 4,56.5,0:0-0-0,237166,1324587,957319,28841,14758,28841,12664,$40000,34.99sec 600m,$21920,AUS
01/08/2026 00:00:00,Belmont Park,2,01-Aug-2026 12:59,1400,3yo+,BenchMark 66+,54,Of $80000  -  1st  $43840 | 2nd  $14880| 3rd  $7040| 4th  $3120| 5th  $2320,,Handicap,Congratulations William Pike - Leading Jockey 25/26 (Bm66+),Apprentices Can Claim,Bird's The Word,7,Gelding,Galah,Wise Talk,3,A Hearn,7,Charlotte Skerritt,56.5,0,9430x15130x3,54:10-5-10,9: 1-1-1,20: 2-2-5,5: 1-0-1,0:0-0-0,32:7-3-6,19:1-2-4,3:2-0-0,0:0-0-0,8:2-0-2,7:0-0-2,$398 507,1,Rest 1 Metro Win,1600,A Hearn,4.5,18/10/25,Conquer Cystic Fibrosis (Rs1mw),1-Wembanyama,10,26,01:38.38,Ascot,Good 4,57,0:0-0-0,234518,1305486,957319,28841,14758,28841,14758,$60000,35.02sec 600m,$1080,AUS
01/08/2026 00:00:00,Belmont Park,2,01-Aug-2026 12:59,1400,3yo+,BenchMark 66+,54,Of $80000  -  1st  $43840 | 2nd  $14880| 3rd  $7040| 4th  $3120| 5th  $2320,,Handicap,Congratulations William Pike - Leading Jockey 25/26 (Bm66+),Apprentices Can Claim,Bird's The Word,7,Gelding,Galah,Wise Talk,3,A Hearn,7,Charlotte Skerritt,56.5,0,9430x15130x3,54:10-5-10,9: 1-1-1,20: 2-2-5,5: 1-0-1,0:0-0-0,32:7-3-6,19:1-2-4,3:2-0-0,0:0-0-0,8:2-0-2,7:0-0-2,$398 507,2,Rest 1 Metro Win,1760,A Hearn,1.6,04/10/25,CD Dodd (Rs1mw),1-The Jester's Son,3,15,01:47.81,Kalgoorlie,Good 4,56.5,0:0-0-0,234092,1302498,957319,28841,14758,28841,14758,$60000,35.97sec 600m,$5280,AUS
01/08/2026 00:00:00,Belmont Park,2,01-Aug-2026 12:59,1400,3yo+,BenchMark 66+,54,Of $80000  -  1st  $43840 | 2nd  $14880| 3rd  $7040| 4th  $3120| 5th  $2320,,Handicap,Congratulations William Pike - Leading Jockey 25/26 (Bm66+),Apprentices Can Claim,Bird's The Word,7,Gelding,Galah,Wise Talk,3,A Hearn,7,Charlotte Skerritt,56.5,0,9430x15130x3,54:10-5-10,9: 1-1-1,20: 2-2-5,5: 1-0-1,0:0-0-0,32:7-3-6,19:1-2-4,3:2-0-0,0:0-0-0,8:2-0-2,7:0-0-2,$398 507,7,Open,1600,A Galati,1.7,27/09/25,TABtouch - Westspeed Platinum Spring Series Final,1-Too Much Talk,4,26,01:38.48,Belmont Park,Good 4,57.5,0:0-0-0,233911,1301053,957319,28841,14758,28841,16335,$100000,34.63sec 600m,$3900,AUS
01/08/2026 00:00:00,Belmont Park,2,01-Aug-2026 12:59,1400,3yo+,BenchMark 66+,54,Of $80000  -  1st  $43840 | 2nd  $14880| 3rd  $7040| 4th  $3120| 5th  $2320,,Handicap,Congratulations William Pike - Leading Jockey 25/26 (Bm66+),Apprentices Can Claim,Bird's The Word,7,Gelding,Galah,Wise Talk,3,A Hearn,7,Charlotte Skerritt,56.5,0,9430x15130x3,54:10-5-10,9: 1-1-1,20: 2-2-5,5: 1-0-1,0:0-0-0,32:7-3-6,19:1-2-4,3:2-0-0,0:0-0-0,8:2-0-2,7:0-0-2,$398 507,2,Rst 0 Met Win-LY,1400,A Hearn,6.6,13/09/25,TABtouch - Westspeed Platinum (Rs0ly),1-Sweet Tea,9,21,01:25.17,Belmont Park,Soft 5,58.5,0:0-0-0,233532,1297996,957319,28841,14758,28841,14758,$40000,00.00sec 0m,$720,AUS
01/08/2026 00:00:00,Belmont Park,2,01-Aug-2026 12:59,1400,3yo+,BenchMark 66+,54,Of $80000  -  1st  $43840 | 2nd  $14880| 3rd  $7040| 4th  $3120| 5th  $2320,,Handicap,Congratulations William Pike - Leading Jockey 25/26 (Bm66+),Apprentices Can Claim,Deel Her In,5,Mare,Dundeel,Mining Tycoon,4,S Parnham,1,T M Andrews,56,0,521x578062x0,11:2-2-0,3: 0-1-0,2: 0-0-0,0: 0-0-0,0:0-0-0,9:2-2-0,2:0-0-0,0:0-0-0,0:0-0-0,3:1-0-0,2:0-0-0,$122 000,13,Rest 1 Metro Win,1200,S Parnham,5.8,18/07/26,Unite Resourcing (Rs1mw),1-In Confidence,10,26,01:13.27,Belmont Park,Soft 7,59,0:0-0-0,241452,1356905,1110509,13333,12664,13333,12664,$60000,35.83sec 600m,$1080,AUS
01/08/2026 00:00:00,Belmont Park,2,01-Aug-2026 12:59,1400,3yo+,BenchMark 66+,54,Of $80000  -  1st  $43840 | 2nd  $14880| 3rd  $7040| 4th  $3120| 5th  $2320,,Handicap,Congratulations William Pike - Leading Jockey 25/26 (Bm66+),Apprentices Can Claim,Deel Her In,5,Mare,Dundeel,Mining Tycoon,4,S Parnham,1,T M Andrews,56,0,521x578062x0,11:2-2-0,3: 0-1-0,2: 0-0-0,0: 0-0-0,0:0-0-0,9:2-2-0,2:0-0-0,0:0-0-0,0:0-0-0,3:1-0-0,2:0-0-0,$122 000,3,BenchMark 66+,1500,S O'Donnell,0.4,17/01/26,Drummond Golf (Bm66+),1-Bold Hero,2,4.2,01:30.78,Ascot,Good 4,55.5,0:0-0-0,236758,1321644,1110509,13333,12664,13333,4615,$80000,34.83sec 600m,$14880,AUS
01/08/2026 00:00:00,Belmont Park,2,01-Aug-2026 12:59,1400,3yo+,BenchMark 66+,54,Of $80000  -  1st  $43840 | 2nd  $14880| 3rd  $7040| 4th  $3120| 5th  $2320,,Handicap,Congratulations William Pike - Leading Jockey 25/26 (Bm66+),Apprentices Can Claim,Deel Her In,5,Mare,Dundeel,Mining Tycoon,4,S Parnham,1,T M Andrews,56,0,521x578062x0,11:2-2-0,3: 0-1-0,2: 0-0-0,0: 0-0-0,0:0-0-0,9:2-2-0,2:0-0-0,0:0-0-0,0:0-0-0,3:1-0-0,2:0-0-0,$122 000,3,BenchMark 66+,1200,S O'Donnell,2.9,01/01/26,Share Bets With Tabtouch Bet Loop (Bm66+),1-Prospector's Pick,6,11,01:11.20,Ascot,Good 4,55.5,0:0-0-0,236427,1319148,1110509,13333,12664,13333,4615,$80000,34.38sec 600m,$1440,AUS
01/08/2026 00:00:00,Belmont Park,2,01-Aug-2026 12:59,1400,3yo+,BenchMark 66+,54,Of $80000  -  1st  $43840 | 2nd  $14880| 3rd  $7040| 4th  $3120| 5th  $2320,,Handicap,Congratulations William Pike - Leading Jockey 25/26 (Bm66+),Apprentices Can Claim,Deel Her In,5,Mare,Dundeel,Mining Tycoon,4,S Parnham,1,T M Andrews,56,0,521x578062x0,11:2-2-0,3: 0-1-0,2: 0-0-0,0: 0-0-0,0:0-0-0,9:2-2-0,2:0-0-0,0:0-0-0,0:0-0-0,3:1-0-0,2:0-0-0,$122 000,12,BenchMark 66+,1200,S O'Donnell,7.4,22/11/25,Share Bets With TABtouch Bet Loop (Bm66+),1-Smooth Chino,13,16,01:10.81,Ascot,Good 4,56.5,0:0-0-0,235506,1312525,1110509,13333,12664,13333,4615,$80000,34.58sec 600m,$0,AUS
01/08/2026 00:00:00,Belmont Park,2,01-Aug-2026 12:59,1400,3yo+,BenchMark 66+,54,Of $80000  -  1st  $43840 | 2nd  $14880| 3rd  $7040| 4th  $3120| 5th  $2320,,Handicap,Congratulations William Pike - Leading Jockey 25/26 (Bm66+),Apprentices Can Claim,Deel Her In,5,Mare,Dundeel,Mining Tycoon,4,S Parnham,1,T M Andrews,56,0,521x578062x0,11:2-2-0,3: 0-1-0,2: 0-0-0,0: 0-0-0,0:0-0-0,9:2-2-0,2:0-0-0,0:0-0-0,0:0-0-0,3:1-0-0,2:0-0-0,$122 000,5,BenchMark 72+,1400,S O'Donnell,3.7,25/10/25,MCA Polytrack (Bm72+),1-Asphalt,8,15,01:23.54,Ascot,Soft 5,55,0:0-0-0,234704,1306932,1110509,13333,12664,13333,4615,$80000,34.71sec 600m,$1440,AUS
01/08/2026 00:00:00,Belmont Park,2,01-Aug-2026 12:59,1400,3yo+,BenchMark 66+,54,Of $80000  -  1st  $43840 | 2nd  $14880| 3rd  $7040| 4th  $3120| 5th  $2320,,Handicap,Congratulations William Pike - Leading Jockey 25/26 (Bm66+),Apprentices Can Claim,Deel Her In,5,Mare,Dundeel,Mining Tycoon,4,S Parnham,1,T M Andrews,56,0,521x578062x0,11:2-2-0,3: 0-1-0,2: 0-0-0,0: 0-0-0,0:0-0-0,9:2-2-0,2:0-0-0,0:0-0-0,0:0-0-0,3:1-0-0,2:0-0-0,$122 000,7,BenchMark 66+,1200,S O'Donnell,2.0,11/10/25,Reliable Asset Maintenance (Bm66+),1-Playin'it Sweet,7,9.5,01:10.11,Ascot,Good 4,57,0:0-0-0,234290,1303993,1110509,13333,12664,13333,4615,$80000,35.12sec 600m,$1440,AUS
01/08/2026 00:00:00,Belmont Park,2,01-Aug-2026 12:59,1400,3yo+,BenchMark 66+,54,Of $80000  -  1st  $43840 | 2nd  $14880| 3rd  $7040| 4th  $3120| 5th  $2320,,Handicap,Congratulations William Pike - Leading Jockey 25/26 (Bm66+),Apprentices Can Claim,Deel Her In,5,Mare,Dundeel,Mining Tycoon,4,S Parnham,1,T M Andrews,56,0,521x578062x0,11:2-2-0,3: 0-1-0,2: 0-0-0,0: 0-0-0,0:0-0-0,9:2-2-0,2:0-0-0,0:0-0-0,0:0-0-0,3:1-0-0,2:0-0-0,$122 000,7,BenchMark 72+,1200,S O'Donnell,2.4,27/09/25,Ascot Opening Day 11th Of October (Bm72+),1-Sonoftheboss,5,6.5,01:12.37,Belmont Park,Good 4,54.5,0:0-0-0,233911,1301054,1110509,13333,12664,13333,4615,$80000,34.00sec 600m,$2320,AUS
01/08/2026 00:00:00,Belmont Park,2,01-Aug-2026 12:59,1400,3yo+,BenchMark 66+,54,Of $80000  -  1st  $43840 | 2nd  $14880| 3rd  $7040| 4th  $3120| 5th  $2320,,Handicap,Congratulations William Pike - Leading Jockey 25/26 (Bm66+),Apprentices Can Claim,Deel Her In,5,Mare,Dundeel,Mining Tycoon,4,S Parnham,1,T M Andrews,56,0,521x578062x0,11:2-2-0,3: 0-1-0,2: 0-0-0,0: 0-0-0,0:0-0-0,9:2-2-0,2:0-0-0,0:0-0-0,0:0-0-0,3:1-0-0,2:0-0-0,$122 000,7,Listed,1500,S O'Donnell,0.8,22/02/25,Challenge Stakes,2-Flower Of Gold,1,11,01:31.36,Ascot,Good 4,53,0:0-0-0,227613,1255186,1110509,13333,12664,13333,4615,$125000,35.09sec 600m,$68500,AUS
01/08/2026 00:00:00,Belmont Park,2,01-Aug-2026 12:59,1400,3yo+,BenchMark 66+,54,Of $80000  -  1st  $43840 | 2nd  $14880| 3rd  $7040| 4th  $3120| 5th  $2320,,Handicap,Congratulations William Pike - Leading Jockey 25/26 (Bm66+),Apprentices Can Claim,Deel Her In,5,Mare,Dundeel,Mining Tycoon,4,S Parnham,1,T M Andrews,56,0,521x578062x0,11:2-2-0,3: 0-1-0,2: 0-0-0,0: 0-0-0,0:0-0-0,9:2-2-0,2:0-0-0,0:0-0-0,0:0-0-0,3:1-0-0,2:0-0-0,$122 000,2,Open,1400,S O'Donnell,0.3,08/02/25,Glenroy Chaff Hcp,1-All Grunt,2,2.2,01:23.73,Ascot,Good 4,55.5,0:0-0-0,227178,1251807,1110509,13333,12664,13333,4615,$80000,35.60sec 600m,$14880,AUS
01/08/2026 00:00:00,Belmont Park,2,01-Aug-2026 12:59,1400,3yo+,BenchMark 66+,54,Of $80000  -  1st  $43840 | 2nd  $14880| 3rd  $7040| 4th  $3120| 5th  $2320,,Handicap,Congratulations William Pike - Leading Jockey 25/26 (Bm66+),Apprentices Can Claim,Deel Her In,5,Mare,Dundeel,Mining Tycoon,4,S Parnham,1,T M Andrews,56,0,521x578062x0,11:2-2-0,3: 0-1-0,2: 0-0-0,0: 0-0-0,0:0-0-0,9:2-2-0,2:0-0-0,0:0-0-0,0:0-0-0,3:1-0-0,2:0-0-0,$122 000,8,Open,1400,S O'Donnell,1.7,25/01/25,Tabtouch - Have You Got The Touch Plate,1-Rock 'N' The Jam,5,3.4,01:24.14,Ascot,Good 4,54,0:0-0-0,226974,1250444,1110509,13333,12664,13333,4615,$80000,34.69sec 600m,$2320,AUS
01/08/2026 00:00:00,Belmont Park,2,01-Aug-2026 12:59,1400,3yo+,BenchMark 66+,54,Of $80000  -  1st  $43840 | 2nd  $14880| 3rd  $7040| 4th  $3120| 5th  $2320,,Handicap,Congratulations William Pike - Leading Jockey 25/26 (Bm66+),Apprentices Can Claim,In Confidence,4,Mare,King's Legacy,Sophia's Secret,5,W Pike,3,D L Morton,56,0,121x41,5:3-1-0,0: 0-0-0,2: 1-0-0,0: 0-0-0,0:0-0-0,2:1-0-0,3:2-1-0,0:0-0-0,0:0-0-0,2:1-0-0,2:1-1-0,$124 830,7,Rest 1 Metro Win,1200,L Fiore,0.7,18/07/26,Unite Resourcing (Rs1mw),2-Silent Diva,1,3.1,01:13.27,Belmont Park,Soft 7,56,0:0-0-0,241452,1356905,1122258,23498,12691,23498,15372,$60000,35.83sec 600m,$32880,AUS
01/08/2026 00:00:00,Belmont Park,2,01-Aug-2026 12:59,1400,3yo+,BenchMark 66+,54,Of $80000  -  1st  $43840 | 2nd  $14880| 3rd  $7040| 4th  $3120| 5th  $2320,,Handicap,Congratulations William Pike - Leading Jockey 25/26 (Bm66+),Apprentices Can Claim,In Confidence,4,Mare,King's Legacy,Sophia's Secret,5,W Pike,3,D L Morton,56,0,121x41,5:3-1-0,0: 0-0-0,2: 1-0-0,0: 0-0-0,0:0-0-0,2:1-0-0,3:2-1-0,0:0-0-0,0:0-0-0,2:1-0-0,2:1-1-0,$124 830,8,Rest 1 Metro Win,1000,L Fiore,2.4,20/06/26,Unite Resourcing (Rs1mw),1-Zourun Run,4,6,00:58.31,Belmont Park,Good 4,55.5,0:0-0-0,240643,1350607,1122258,23498,12691,23498,15372,$60000,33.55sec 600m,$2340,AUS
01/08/2026 00:00:00,Belmont Park,2,01-Aug-2026 12:59,1400,3yo+,BenchMark 66+,54,Of $80000  -  1st  $43840 | 2nd  $14880| 3rd  $7040| 4th  $3120| 5th  $2320,,Handicap,Congratulations William Pike - Leading Jockey 25/26 (Bm66+),Apprentices Can Claim,In Confidence,4,Mare,King's Legacy,Sophia's Secret,5,W Pike,3,D L Morton,56,0,121x41,5:3-1-0,0: 0-0-0,2: 1-0-0,0: 0-0-0,0:0-0-0,2:1-0-0,3:2-1-0,0:0-0-0,0:0-0-0,2:1-0-0,2:1-1-0,$124 830,2,Rest 0 Metro Wins,1200,L Fiore,1.4,18/06/25,Cash4Cans (Rs0mw),2-Maurice's Princess,1,1.4,01:13.16,Bunbury,Soft 7,56,0:0-0-0,231110,1279039,1122258,23498,12691,23498,15372,$35000,36.05sec 600m,$19180,AUS
01/08/2026 00:00:00,Belmont Park,2,01-Aug-2026 12:59,1400,3yo+,BenchMark 66+,54,Of $80000  -  1st  $43840 | 2nd  $14880| 3rd  $7040| 4th  $3120| 5th  $2320,,Handicap,Congratulations William Pike - Leading Jockey 25/26 (Bm66+),Apprentices Can Claim,In Confidence,4,Mare,King's Legacy,Sophia's Secret,5,W Pike,3,D L Morton,56,0,121x41,5:3-1-0,0: 0-0-0,2: 1-0-0,0: 0-0-0,0:0-0-0,2:1-0-0,3:2-1-0,0:0-0-0,0:0-0-0,2:1-0-0,2:1-1-0,$124 830,9,Open,1000,L Fiore,1.0,31/05/25,Barragup Self Storage Plate,1-Rostislav,2,5.5,00:58.36,Pinjarra Scarpside,Soft 6,55,0:0-0-0,230559,1274704,1122258,23498,12691,23498,15372,$80000,34.20sec 600m,$14880,AUS
01/08/2026 00:00:00,Belmont Park,2,01-Aug-2026 12:59,1400,3yo+,BenchMark 66+,54,Of $80000  -  1st  $43840 | 2nd  $14880| 3rd  $7040| 4th  $3120| 5th  $2320,,Handicap,Congratulations William Pike - Leading Jockey 25/26 (Bm66+),Apprentices Can Claim,In Confidence,4,Mare,King's Legacy,Sophia's Secret,5,W Pike,3,D L Morton,56,0,121x41,5:3-1-0,0: 0-0-0,2: 1-0-0,0: 0-0-0,0:0-0-0,2:1-0-0,3:2-1-0,0:0-0-0,0:0-0-0,2:1-0-0,2:1-1-0,$124 830,6,Maiden,1200,L Fiore,0.7,14/05/25,Sound Telegraph Mdn,2-Diamond Warrior,1,4.2,01:11.90,Pinjarra,Good 4,55,0:0-0-0,230012,1270873,1122258,23498,12691,23498,15372,$25000,33.91sec 600m,$13700,AUS
01/08/2026 00:00:00,Belmont Park,2,01-Aug-2026 12:59,1400,3yo+,BenchMark 66+,54,Of $80000  -  1st  $43840 | 2nd  $14880| 3rd  $7040| 4th  $3120| 5th  $2320,,Handicap,Congratulations William Pike - Leading Jockey 25/26 (Bm66+),Apprentices Can Claim,Diamonds'n'rubies,5,Mare,Maschino,Brittella,6,Holly Watson,6,Mitchell Pateman,55.5,0,41x3045x1211,13:4-1-2,4: 2-0-0,4: 2-1-1,2: 2-0-0,0:0-0-0,9:1-0-2,3:2-1-0,1:1-0-0,0:0-0-0,4:1-0-2,4:0-1-0,$187 512,9,Rest 1 Metro Win,1400,H Watson,0.6,11/07/26,Lawn Pride Australia (Rs1mw),2-Moonwalk,1,8,01:25.70,Belmont Park,Good 4,57.5,0:0-0-0,241265,1355407,1119940,27979,16516,27979,16516,$60000,35.65sec 600m,$32880,AUS
01/08/2026 00:00:00,Belmont Park,2,01-Aug-2026 12:59,1400,3yo+,BenchMark 66+,54,Of $80000  -  1st  $43840 | 2nd  $14880| 3rd  $7040| 4th  $3120| 5th  $2320,,Handicap,Congratulations William Pike - Leading Jockey 25/26 (Bm66+),Apprentices Can Claim,Diamonds'n'rubies,5,Mare,Maschino,Brittella,6,Holly Watson,6,Mitchell Pateman,55.5,0,41x3045x1211,13:4-1-2,4: 2-0-0,4: 2-1-1,2: 2-0-0,0:0-0-0,9:1-0-2,3:2-1-0,1:1-0-0,0:0-0-0,4:1-0-2,4:0-1-0,$187 512,10,Open,1400,H Watson,0.6,27/06/26,TABtouch - Westspeed Platinum Winter Series Final,2-Right To Silence,1,6.5,01:26.75,Belmont Park,Heavy 8,55,0:0-0-0,240853,1352208,1119940,27979,16516,27979,16516,$100000,37.21sec 600m,$54800,AUS
01/08/2026 00:00:00,Belmont Park,2,01-Aug-2026 12:59,1400,3yo+,BenchMark 66+,54,Of $80000  -  1st  $43840 | 2nd  $14880| 3rd  $7040| 4th  $3120| 5th  $2320,,Handicap,Congratulations William Pike - Leading Jockey 25/26 (Bm66+),Apprentices Can Claim,Diamonds'n'rubies,5,Mare,Maschino,Brittella,6,Holly Watson,6,Mitchell Pateman,55.5,0,41x3045x1211,13:4-1-2,4: 2-0-0,4: 2-1-1,2: 2-0-0,0:0-0-0,9:1-0-2,3:2-1-0,1:1-0-0,0:0-0-0,4:1-0-2,4:0-1-0,$187 512,1,Rst 0 Met Win-LY,1200,H Watson,1.3,30/05/26,TABtouch - Westspeed Platinum Series Heat 2 (Rs0ly),1-Mt Shirataku,2,6.5,01:11.19,Belmont Park,Soft 6,54.5,0:0-0-0,240026,1345864,1119940,27979,16516,27979,16516,$40000,35.04sec 600m,$7440,AUS
01/08/2026 00:00:00,Belmont Park,2,01-Aug-2026 12:59,1400,3yo+,BenchMark 66+,54,Of $80000  -  1st  $43840 | 2nd  $14880| 3rd  $7040| 4th  $3120| 5th  $2320,,Handicap,Congratulations William Pike - Leading Jockey 25/26 (Bm66+),Apprentices Can Claim,Diamonds'n'rubies,5,Mare,Maschino,Brittella,6,Holly Watson,6,Mitchell Pateman,55.5,0,41x3045x1211,13:4-1-2,4: 2-0-0,4: 2-1-1,2: 2-0-0,0:0-0-0,9:1-0-2,3:2-1-0,1:1-0-0,0:0-0-0,4:1-0-2,4:0-1-0,$187 512,2,Bench. 52+,1200,H Watson,1.8,14/05/26,Western Racepix (Bm52+),2-Lipstick Jungle,1,2.5,01:10.07,York,Soft 5,56.5,0:0-0-0,239552,1342465,1119940,27979,16516,27979,16516,$17000,00.00sec 0m,$9656,AUS
01/08/2026 00:00:00,Belmont Park,2,01-Aug-2026 12:59,1400,3yo+,BenchMark 66+,54,Of $80000  -  1st  $43840 | 2nd  $14880| 3rd  $7040| 4th  $3120| 5th  $2320,,Handicap,Congratulations William Pike - Leading Jockey 25/26 (Bm66+),Apprentices Can Claim,Diamonds'n'rubies,5,Mare,Maschino,Brittella,6,Holly Watson,6,Mitchell Pateman,55.5,0,41x3045x1211,13:4-1-2,4: 2-0-0,4: 2-1-1,2: 2-0-0,0:0-0-0,9:1-0-2,3:2-1-0,1:1-0-0,0:0-0-0,4:1-0-2,4:0-1-0,$187 512,6,Class 1,1200,H Watson,3.4,14/01/26,Quayclean Hcp (C1),1-Poblano,5,8.5,01:10.17,Ascot,Good 4,59,0:0-0-0,236706,1321221,1119940,27979,16516,27979,16516,$30000,34.86sec 600m,$870,AUS
01/08/2026 00:00:00,Belmont Park,2,01-Aug-2026 12:59,1400,3yo+,BenchMark 66+,54,Of $80000  -  1st  $43840 | 2nd  $14880| 3rd  $7040| 4th  $3120| 5th  $2320,,Handicap,Congratulations William Pike - Leading Jockey 25/26 (Bm66+),Apprentices Can Claim,Diamonds'n'rubies,5,Mare,Maschino,Brittella,6,Holly Watson,6,Mitchell Pateman,55.5,0,41x3045x1211,13:4-1-2,4: 2-0-0,4: 2-1-1,2: 2-0-0,0:0-0-0,9:1-0-2,3:2-1-0,1:1-0-0,0:0-0-0,4:1-0-2,4:0-1-0,$187 512,2,Class 2,1400,G O'Donnell,2.3,27/12/25,Swan Draught Hcp (C2),1-Scurgeofthewest,4,4,01:25.78,Geraldton,Good 3,54,0:0-0-0,236371,1318730,1119940,27979,16516,27979,16592,$24000,37.15sec 600m,$936,AUS
01/08/2026 00:00:00,Belmont Park,2,01-Aug-2026 12:59,1400,3yo+,BenchMark 66+,54,Of $80000  -  1st  $43840 | 2nd  $14880| 3rd  $7040| 4th  $3120| 5th  $2320,,Handicap,Congratulations William Pike - Leading Jockey 25/26 (Bm66+),Apprentices Can Claim,Diamonds'n'rubies,5,Mare,Maschino,Brittella,6,Holly Watson,6,Mitchell Pateman,55.5,0,41x3045x1211,13:4-1-2,4: 2-0-0,4: 2-1-1,2: 2-0-0,0:0-0-0,9:1-0-2,3:2-1-0,1:1-0-0,0:0-0-0,4:1-0-2,4:0-1-0,$187 512,3,Rst 0 Met Win-LY,1400,H Watson,3.4,22/11/25,TABtouch - Westspeed Platinum Series Heat 3 (Rs0ly),1-Bartime,11,4.4,01:24.25,Ascot,Good 4,55,0:0-0-0,235506,1312516,1119940,27979,16516,27979,16516,$40000,36.09sec 600m,$0,AUS
01/08/2026 00:00:00,Belmont Park,2,01-Aug-2026 12:59,1400,3yo+,BenchMark 66+,54,Of $80000  -  1st  $43840 | 2nd  $14880| 3rd  $7040| 4th  $3120| 5th  $2320,,Handicap,Congratulations William Pike - Leading Jockey 25/26 (Bm66+),Apprentices Can Claim,Diamonds'n'rubies,5,Mare,Maschino,Brittella,6,Holly Watson,6,Mitchell Pateman,55.5,0,41x3045x1211,13:4-1-2,4: 2-0-0,4: 2-1-1,2: 2-0-0,0:0-0-0,9:1-0-2,3:2-1-0,1:1-0-0,0:0-0-0,4:1-0-2,4:0-1-0,$187 512,8,Class 1,1300,H Watson,0.8,12/11/25,Schweppes Hcp (C1),1-Lanfranco,3,4.8,01:17.79,Belmont Park,Good 4,58,0:0-0-0,235255,1310459,1119940,27979,16516,27979,16516,$30000,35.31sec 600m,$2640,AUS
01/08/2026 00:00:00,Belmont Park,2,01-Aug-2026 12:59,1400,3yo+,BenchMark 66+,54,Of $80000  -  1st  $43840 | 2nd  $14880| 3rd  $7040| 4th  $3120| 5th  $2320,,Handicap,Congratulations William Pike - Leading Jockey 25/26 (Bm66+),Apprentices Can Claim,Diamonds'n'rubies,5,Mare,Maschino,Brittella,6,Holly Watson,6,Mitchell Pateman,55.5,0,41x3045x1211,13:4-1-2,4: 2-0-0,4: 2-1-1,2: 2-0-0,0:0-0-0,9:1-0-2,3:2-1-0,1:1-0-0,0:0-0-0,4:1-0-2,4:0-1-0,$187 512,1,Maiden,1300,H Watson,2.8,10/07/25,Save The Date Northam Cup ? 26 Oct Mdn,2-Ankareeda,1,2.8,01:17.92,Northam,Soft 5,56,0:0-0-0,231757,1283988,1119940,27979,16516,27979,16516,$25000,00.00sec 0m,$13700,AUS
01/08/2026 00:00:00,Belmont Park,2,01-Aug-2026 12:59,1400,3yo+,BenchMark 66+,54,Of $80000  -  1st  $43840 | 2nd  $14880| 3rd  $7040| 4th  $3120| 5th  $2320,,Handicap,Congratulations William Pike - Leading Jockey 25/26 (Bm66+),Apprentices Can Claim,Diamonds'n'rubies,5,Mare,Maschino,Brittella,6,Holly Watson,6,Mitchell Pateman,55.5,0,41x3045x1211,13:4-1-2,4: 2-0-0,4: 2-1-1,2: 2-0-0,0:0-0-0,9:1-0-2,3:2-1-0,1:1-0-0,0:0-0-0,4:1-0-2,4:0-1-0,$187 512,9,Maiden,1100,H Watson,1.4,25/06/25,Pro Con Australia Mdn,1-Silent Amarda,4,3.7,01:04.11,Northam,Good 4,55,0:0-0-0,231294,1280402,1119940,27979,16516,27979,16516,$25000,34.38sec 600m,$975,AUS
01/08/2026 00:00:00,Belmont Park,2,01-Aug-2026 12:59,1400,3yo+,BenchMark 66+,54,Of $80000  -  1st  $43840 | 2nd  $14880| 3rd  $7040| 4th  $3120| 5th  $2320,,Handicap,Congratulations William Pike - Leading Jockey 25/26 (Bm66+),Apprentices Can Claim,Celebrity Prince,7,Gelding,Xtravagant,Celebrity Miss,7,Brayden Gaerth,4,Mack Hall,54,0,0x075654240,32:4-5-2,9: 1-1-0,8: 2-1-2,2: 1-0-0,0:0-0-0,19:1-3-2,12:3-2-0,1:0-0-0,0:0-0-0,7:1-1-1,5:1-0-0,$195 879,12,Class 5,1300,W Pike,5.6,22/07/26,TABtouch Share My Bet Hcp (C5),1-Millstee,10,12,01:17.82,Pinjarra Scarpside,Good 4,57,0:0-0-0,241575,1357903,946532,28454,15260,28454,12691,$30000,34.14sec 600m,$540,AUS
01/08/2026 00:00:00,Belmont Park,2,01-Aug-2026 12:59,1400,3yo+,BenchMark 66+,54,Of $80000  -  1st  $43840 | 2nd  $14880| 3rd  $7040| 4th  $3120| 5th  $2320,,Handicap,Congratulations William Pike - Leading Jockey 25/26 (Bm66+),Apprentices Can Claim,Celebrity Prince,7,Gelding,Xtravagant,Celebrity Miss,7,Brayden Gaerth,4,Mack Hall,54,0,0x075654240,32:4-5-2,9: 1-1-0,8: 2-1-2,2: 1-0-0,0:0-0-0,19:1-3-2,12:3-2-0,1:0-0-0,0:0-0-0,7:1-1-1,5:1-0-0,$195 879,4,BenchMark 70+,1400,J Mc Naught,2.6,05/07/26,Magic Millions Digital (Bm70+),1-Monty Zoomer,4,8,01:24.35,Kalgoorlie,Soft 5,56,0:0-0-0,241090,1354006,946532,28454,15260,21068,16126,$24000,00.00sec 0m,$936,AUS
01/08/2026 00:00:00,Belmont Park,2,01-Aug-2026 12:59,1400,3yo+,BenchMark 66+,54,Of $80000  -  1st  $43840 | 2nd  $14880| 3rd  $7040| 4th  $3120| 5th  $2320,,Handicap,Congratulations William Pike - Leading Jockey 25/26 (Bm66+),Apprentices Can Claim,Celebrity Prince,7,Gelding,Xtravagant,Celebrity Miss,7,Brayden Gaerth,4,Mack Hall,54,0,0x075654240,32:4-5-2,9: 1-1-0,8: 2-1-2,2: 1-0-0,0:0-0-0,19:1-3-2,12:3-2-0,1:0-0-0,0:0-0-0,7:1-1-1,5:1-0-0,$195 879,3,BenchMark 70+,1400,J Mc Naught,0.9,07/06/26,Hot Dub Time Machine After Party Oct 3rd (Bm70+),1-Prawns Eleven,2,31,01:24.32,Kalgoorlie,Soft 5,55.5,0:0-0-0,240238,1347517,946532,28454,15260,21068,16126,$24000,00.00sec 0m,$4464,AUS
01/08/2026 00:00:00,Belmont Park,2,01-Aug-2026 12:59,1400,3yo+,BenchMark 66+,54,Of $80000  -  1st  $43840 | 2nd  $14880| 3rd  $7040| 4th  $3120| 5th  $2320,,Handicap,Congratulations William Pike - Leading Jockey 25/26 (Bm66+),Apprentices Can Claim,Celebrity Prince,7,Gelding,Xtravagant,Celebrity Miss,7,Brayden Gaerth,4,Mack Hall,54,0,0x075654240,32:4-5-2,9: 1-1-0,8: 2-1-2,2: 1-0-0,0:0-0-0,19:1-3-2,12:3-2-0,1:0-0-0,0:0-0-0,7:1-1-1,5:1-0-0,$195 879,9,BenchMark 70+,1300,Z Johnston-Porter,5.3,17/05/26,Goldfields Little Loads - Irene Lugg Memorial (Bm70+),1-Dont Wait For Luck,4,15,01:17.75,Kalgoorlie,Soft 5,56.5,0:0-0-0,239640,1343040,946532,28454,15260,21068,17062,$24000,00.00sec 0m,$936,AUS
01/08/2026 00:00:00,Belmont Park,2,01-Aug-2026 12:59,1400,3yo+,BenchMark 66+,54,Of $80000  -  1st  $43840 | 2nd  $14880| 3rd  $7040| 4th  $3120| 5th  $2320,,Handicap,Congratulations William Pike - Leading Jockey 25/26 (Bm66+),Apprentices Can Claim,Celebrity Prince,7,Gelding,Xtravagant,Celebrity Miss,7,Brayden Gaerth,4,Mack Hall,54,0,0x075654240,32:4-5-2,9: 1-1-0,8: 2-1-2,2: 1-0-0,0:0-0-0,19:1-3-2,12:3-2-0,1:0-0-0,0:0-0-0,7:1-1-1,5:1-0-0,$195 879,6,BenchMark 70+,1200,Z Johnston-Porter,2.3,10/05/26,Lakes Electrical Peter Palmer Memorial (Bm70+),1-Boab Boy,5,101,01:11.07,Kalgoorlie,Good 4,56.5,0:0-0-0,239439,1341532,946532,28454,15260,21068,17062,$24000,00.00sec 0m,$696,AUS
01/08/2026 00:00:00,Belmont Park,2,01-Aug-2026 12:59,1400,3yo+,BenchMark 66+,54,Of $80000  -  1st  $43840 | 2nd  $14880| 3rd  $7040| 4th  $3120| 5th  $2320,,Handicap,Congratulations William Pike - Leading Jockey 25/26 (Bm66+),Apprentices Can Claim,Celebrity Prince,7,Gelding,Xtravagant,Celebrity Miss,7,Brayden Gaerth,4,Mack Hall,54,0,0x075654240,32:4-5-2,9: 1-1-0,8: 2-1-2,2: 1-0-0,0:0-0-0,19:1-3-2,12:3-2-0,1:0-0-0,0:0-0-0,7:1-1-1,5:1-0-0,$195 879,9,BenchMark 64+,1200,Z Johnston-Porter,6.5,12/04/26,Thank You Topex & Access Hire (Bm64+),1-Just Famous,6,51,01:10.62,Kalgoorlie,Good 4,60.5,0:0-0-0,238689,1336040,946532,28454,15260,21068,17062,$24000,00.00sec 0m,$432,AUS
01/08/2026 00:00:00,Belmont Park,2,01-Aug-2026 12:59,1400,3yo+,BenchMark 66+,54,Of $80000  -  1st  $43840 | 2nd  $14880| 3rd  $7040| 4th  $3120| 5th  $2320,,Handicap,Congratulations William Pike - Leading Jockey 25/26 (Bm66+),Apprentices Can Claim,Celebrity Prince,7,Gelding,Xtravagant,Celebrity Miss,7,Brayden Gaerth,4,Mack Hall,54,0,0x075654240,32:4-5-2,9: 1-1-0,8: 2-1-2,2: 1-0-0,0:0-0-0,19:1-3-2,12:3-2-0,1:0-0-0,0:0-0-0,7:1-1-1,5:1-0-0,$195 879,1,BenchMark 70+,1400,A Galati,5.4,20/02/26,Drake-Brockman Building (Bm70+),1-Debonnaire,5,7.5,01:24.69,Esperance,Good 4,59,0:0-0-0,237461,1326803,946532,28454,15260,21068,16335,$30000,35.39sec 600m,$870,AUS
01/08/2026 00:00:00,Belmont Park,2,01-Aug-2026 12:59,1400,3yo+,BenchMark 66+,54,Of $80000  -  1st  $43840 | 2nd  $14880| 3rd  $7040| 4th  $3120| 5th  $2320,,Handicap,Congratulations William Pike - Leading Jockey 25/26 (Bm66+),Apprentices Can Claim,Celebrity Prince,7,Gelding,Xtravagant,Celebrity Miss,7,Brayden Gaerth,4,Mack Hall,54,0,0x075654240,32:4-5-2,9: 1-1-0,8: 2-1-2,2: 1-0-0,0:0-0-0,19:1-3-2,12:3-2-0,1:0-0-0,0:0-0-0,7:1-1-1,5:1-0-0,$195 879,1,BenchMark 70+,1400,W Wheatley,4.2,17/01/26,Spotty's Mechanical (Bm70+),1-Dothraki,7,41,01:23.96,Esperance,Good 4,59,0:0-0-0,236756,1321631,946532,28454,15260,21068,10619,$22000,36.02sec 600m,$396,AUS
01/08/2026 00:00:00,Belmont Park,2,01-Aug-2026 12:59,1400,3yo+,BenchMark 66+,54,Of $80000  -  1st  $43840 | 2nd  $14880| 3rd  $7040| 4th  $3120| 5th  $2320,,Handicap,Congratulations William Pike - Leading Jockey 25/26 (Bm66+),Apprentices Can Claim,Celebrity Prince,7,Gelding,Xtravagant,Celebrity Miss,7,Brayden Gaerth,4,Mack Hall,54,0,0x075654240,32:4-5-2,9: 1-1-0,8: 2-1-2,2: 1-0-0,0:0-0-0,19:1-3-2,12:3-2-0,1:0-0-0,0:0-0-0,7:1-1-1,5:1-0-0,$195 879,6,BenchMark 70+,1200,J Tsang,9.2,02/01/26,Kalgoorlie Miner (Bm70+),1-Dadirra,10,11,01:10.30,Esperance,Good 4,57,0:0-0-0,236463,1319449,946532,28454,15260,21068,17796,$22000,34.46sec 600m,$396,AUS
01/08/2026 00:00:00,Belmont Park,2,01-Aug-2026 12:59,1400,3yo+,BenchMark 66+,54,Of $80000  -  1st  $43840 | 2nd  $14880| 3rd  $7040| 4th  $3120| 5th  $2320,,Handicap,Congratulations William Pike - Leading Jockey 25/26 (Bm66+),Apprentices Can Claim,Celebrity Prince,7,Gelding,Xtravagant,Celebrity Miss,7,Brayden Gaerth,4,Mack Hall,54,0,0x075654240,32:4-5-2,9: 1-1-0,8: 2-1-2,2: 1-0-0,0:0-0-0,19:1-3-2,12:3-2-0,1:0-0-0,0:0-0-0,7:1-1-1,5:1-0-0,$195 879,11,BenchMark 70+,1300,Z Johnston-Porter,6.3,07/09/25,Willweld Coolgardie Sprint (Bm70+),1-Secret Attire,11,31,01:18.30,Kalgoorlie,Good 4,58.5,0:0-0-0,233369,1296690,946532,28454,15260,21068,17062,$24000,35.62sec 600m,$0,AUS
01/08/2026 00:00:00,Belmont Park,2,01-Aug-2026 12:59,1400,3yo+,BenchMark 66+,54,Of $80000  -  1st  $43840 | 2nd  $14880| 3rd  $7040| 4th  $3120| 5th  $2320,,Handicap,Congratulations William Pike - Leading Jockey 25/26 (Bm66+),Apprentices Can Claim,Classic Impact,5,Mare,Universal Ruler,Classic Pro,8,Brandon Louis,2,Daniel O'Connor,54,0,9379632162x,31:2-4-3,14: 1-2-2,8: 0-1-0,5: 0-1-0,0:0-0-0,25:2-4-3,6:0-0-0,0:0-0-0,0:0-0-0,3:0-0-0,3:0-1-0,$196 175,2,Rest 1 Metro Win,1800,B Louis,0.3,25/04/26,Reliable Asset Maintenance (Rs1mw),1-Uni Queen,2,4.2,01:51.91,Ascot,Good 4,56,0:0-0-0,239022,1338490,999215,26946,16166,19761,16166,$60000,35.11sec 600m,$11160,AUS
01/08/2026 00:00:00,Belmont Park,2,01-Aug-2026 12:59,1400,3yo+,BenchMark 66+,54,Of $80000  -  1st  $43840 | 2nd  $14880| 3rd  $7040| 4th  $3120| 5th  $2320,,Handicap,Congratulations William Pike - Leading Jockey 25/26 (Bm66+),Apprentices Can Claim,Classic Impact,5,Mare,Universal Ruler,Classic Pro,8,Brandon Louis,2,Daniel O'Connor,54,0,9379632162x,31:2-4-3,14: 1-2-2,8: 0-1-0,5: 0-1-0,0:0-0-0,25:2-4-3,6:0-0-0,0:0-0-0,0:0-0-0,3:0-0-0,3:0-1-0,$196 175,7,BenchMark 66+,1800,B Louis,4.3,01/04/26,Bisley Workwear (Bm66+),1-Black For Cash,6,7,01:50.64,Ascot,Soft 5,54,0:0-0-0,238354,1333696,999215,26946,16166,19761,16166,$80000,36.90sec 600m,$1440,AUS
01/08/2026 00:00:00,Belmont Park,2,01-Aug-2026 12:59,1400,3yo+,BenchMark 66+,54,Of $80000  -  1st  $43840 | 2nd  $14880| 3rd  $7040| 4th  $3120| 5th  $2320,,Handicap,Congratulations William Pike - Leading Jockey 25/26 (Bm66+),Apprentices Can Claim,Classic Impact,5,Mare,Universal Ruler,Classic Pro,8,Brandon Louis,2,Daniel O'Connor,54,0,9379632162x,31:2-4-3,14: 1-2-2,8: 0-1-0,5: 0-1-0,0:0-0-0,25:2-4-3,6:0-0-0,0:0-0-0,0:0-0-0,3:0-0-0,3:0-1-0,$196 175,5,Rest 1 Metro Win,1800,B Louis,2.3,28/02/26,Peters Investments (Rs1mw),2-Manzor Magic,1,3.5,01:51.87,Ascot,Good 4,55.5,0:0-0-0,237645,1328282,999215,26946,16166,19761,16166,$60000,35.41sec 600m,$32880,AUS
01/08/2026 00:00:00,Belmont Park,2,01-Aug-2026 12:59,1400,3yo+,BenchMark 66+,54,Of $80000  -  1st  $43840 | 2nd  $14880| 3rd  $7040| 4th  $3120| 5th  $2320,,Handicap,Congratulations William Pike - Leading Jockey 25/26 (Bm66+),Apprentices Can Claim,Classic Impact,5,Mare,Universal Ruler,Classic Pro,8,Brandon Louis,2,Daniel O'Connor,54,0,9379632162x,31:2-4-3,14: 1-2-2,8: 0-1-0,5: 0-1-0,0:0-0-0,25:2-4-3,6:0-0-0,0:0-0-0,0:0-0-0,3:0-0-0,3:0-1-0,$196 175,7,Rest 1 Metro Win,1800,B Louis,0.3,07/02/26,Andrich Cousins Reunion (Rs1mw),1-Lillian,2,13,01:49.30,Ascot,Good 4,54.5,0:0-0-0,237166,1324588,999215,26946,16166,19761,16166,$60000,35.25sec 600m,$11160,AUS
01/08/2026 00:00:00,Belmont Park,2,01-Aug-2026 12:59,1400,3yo+,BenchMark 66+,54,Of $80000  -  1st  $43840 | 2nd  $14880| 3rd  $7040| 4th  $3120| 5th  $2320,,Handicap,Congratulations William Pike - Leading Jockey 25/26 (Bm66+),Apprentices Can Claim,Classic Impact,5,Mare,Universal Ruler,Classic Pro,8,Brandon Louis,2,Daniel O'Connor,54,0,9379632162x,31:2-4-3,14: 1-2-2,8: 0-1-0,5: 0-1-0,0:0-0-0,25:2-4-3,6:0-0-0,0:0-0-0,0:0-0-0,3:0-0-0,3:0-1-0,$196 175,12,Rest 1 Metro Win,1800,B Louis,0.8,17/01/26,Reliable Asset Maintenance (Rs1mw),1-Invincible Thief,3,41,01:51.53,Ascot,Good 4,54.5,0:0-0-0,236758,1321645,999215,26946,16166,19761,16166,$60000,35.20sec 600m,$5280,AUS
01/08/2026 00:00:00,Belmont Park,2,01-Aug-2026 12:59,1400,3yo+,BenchMark 66+,54,Of $80000  -  1st  $43840 | 2nd  $14880| 3rd  $7040| 4th  $3120| 5th  $2320,,Handicap,Congratulations William Pike - Leading Jockey 25/26 (Bm66+),Apprentices Can Claim,Classic Impact,5,Mare,Universal Ruler,Classic Pro,8,Brandon Louis,2,Daniel O'Connor,54,0,9379632162x,31:2-4-3,14: 1-2-2,8: 0-1-0,5: 0-1-0,0:0-0-0,25:2-4-3,6:0-0-0,0:0-0-0,0:0-0-0,3:0-0-0,3:0-1-0,$196 175,9,Rst 0 Met Win-LY,1600,B Louis,1.8,10/01/26,TABtouch - Westspeed Platinum (Rs0ly),1-Impressive Jewel,6,17,01:37.34,Ascot,Good 4,54,0:0-0-0,236611,1320510,999215,26946,16166,19761,16166,$40000,35.93sec 600m,$720,AUS
01/08/2026 00:00:00,Belmont Park,2,01-Aug-2026 12:59,1400,3yo+,BenchMark 66+,54,Of $80000  -  1st  $43840 | 2nd  $14880| 3rd  $7040| 4th  $3120| 5th  $2320,,Handicap,Congratulations William Pike - Leading Jockey 25/26 (Bm66+),Apprentices Can Claim,Classic Impact,5,Mare,Universal Ruler,Classic Pro,8,Brandon Louis,2,Daniel O'Connor,54,0,9379632162x,31:2-4-3,14: 1-2-2,8: 0-1-0,5: 0-1-0,0:0-0-0,25:2-4-3,6:0-0-0,0:0-0-0,0:0-0-0,3:0-0-0,3:0-1-0,$196 175,4,Rest 1 Metro Win,1600,S O'Donnell,7.2,01/01/26,Liquor Barons (Rs1mw),1-Belta Of A Song,9,6.5,01:37.28,Ascot,Good 4,54,0:0-0-0,236427,1319149,999215,26946,16166,19761,4615,$60000,35.64sec 600m,$1080,AUS
01/08/2026 00:00:00,Belmont Park,2,01-Aug-2026 12:59,1400,3yo+,BenchMark 66+,54,Of $80000  -  1st  $43840 | 2nd  $14880| 3rd  $7040| 4th  $3120| 5th  $2320,,Handicap,Congratulations William Pike - Leading Jockey 25/26 (Bm66+),Apprentices Can Claim,Classic Impact,5,Mare,Universal Ruler,Classic Pro,8,Brandon Louis,2,Daniel O'Connor,54,0,9379632162x,31:2-4-3,14: 1-2-2,8: 0-1-0,5: 0-1-0,0:0-0-0,25:2-4-3,6:0-0-0,0:0-0-0,0:0-0-0,3:0-0-0,3:0-1-0,$196 175,5,BenchMark 66+,1600,B Louis,3.2,20/12/25,Ducimus & Rommel At Ridgeport Westspeed Platinum Mile (Bm66+),1-Auto Cruise,7,151,01:36.88,Ascot,Good 4,54,0:0-0-0,236215,1317535,999215,26946,16166,19761,16166,$125000,35.28sec 600m,$2250,AUS
01/08/2026 00:00:00,Belmont Park,2,01-Aug-2026 12:59,1400,3yo+,BenchMark 66+,54,Of $80000  -  1st  $43840 | 2nd  $14880| 3rd  $7040| 4th  $3120| 5th  $2320,,Handicap,Congratulations William Pike - Leading Jockey 25/26 (Bm66+),Apprentices Can Claim,Classic Impact,5,Mare,Universal Ruler,Classic Pro,8,Brandon Louis,2,Daniel O'Connor,54,0,9379632162x,31:2-4-3,14: 1-2-2,8: 0-1-0,5: 0-1-0,0:0-0-0,25:2-4-3,6:0-0-0,0:0-0-0,0:0-0-0,3:0-0-0,3:0-1-0,$196 175,7,Open,1400,B Louis,2.3,06/12/25,TABtouch ? Westspeed Platinum Series Final,1-Auto Cruise,3,91,01:24.76,Ascot,Good 4,55,0:0-0-0,235813,1314941,999215,26946,16166,19761,16166,$100000,35.35sec 600m,$8800,AUS
01/08/2026 00:00:00,Belmont Park,2,01-Aug-2026 12:59,1400,3yo+,BenchMark 66+,54,Of $80000  -  1st  $43840 | 2nd  $14880| 3rd  $7040| 4th  $3120| 5th  $2320,,Handicap,Congratulations William Pike - Leading Jockey 25/26 (Bm66+),Apprentices Can Claim,Classic Impact,5,Mare,Universal Ruler,Classic Pro,8,Brandon Louis,2,Daniel O'Connor,54,0,9379632162x,31:2-4-3,14: 1-2-2,8: 0-1-0,5: 0-1-0,0:0-0-0,25:2-4-3,6:0-0-0,0:0-0-0,0:0-0-0,3:0-0-0,3:0-1-0,$196 175,11,Rst 0 Met Win-LY,1400,C Cooper,2.3,22/11/25,TABtouch - Westspeed Platinum Series Heat 3 (Rs0ly),1-Bartime,9,101,01:24.25,Ascot,Good 4,53,0:0-0-0,235506,1312516,999215,26946,16166,19761,17382,$40000,36.09sec 600m,$720,AUS
01/08/2026 00:00:00,Belmont Park,2,01-Aug-2026 12:59,1400,3yo+,BenchMark 66+,54,Of $80000  -  1st  $43840 | 2nd  $14880| 3rd  $7040| 4th  $3120| 5th  $2320,,Handicap,Congratulations William Pike - Leading Jockey 25/26 (Bm66+),Apprentices Can Claim,Kelora,8,Gelding,Oratorio,Kelvin Rose,9,Laqdar Ramoly,5,N D Parnham,54,0,23357x90040,45:4-4-6,19: 3-4-2,21: 1-1-1,8: 1-1-1,0:0-0-0,30:2-3-5,13:2-1-1,2:0-0-0,0:0-0-0,6:0-0-0,6:0-0-1,$134 425,2,Rest 1 Metro Win,1650,L Ramoly,8.6,18/07/26,Peters Investments (Rs1mw),1-Western Miss,10,51,01:43.32,Belmont Park,Soft 7,55.5,0:0-0-0,241452,1356902,940465,10820,16432,10820,16432,$60000,36.05sec 600m,$1080,AUS
01/08/2026 00:00:00,Belmont Park,2,01-Aug-2026 12:59,1400,3yo+,BenchMark 66+,54,Of $80000  -  1st  $43840 | 2nd  $14880| 3rd  $7040| 4th  $3120| 5th  $2320,,Handicap,Congratulations William Pike - Leading Jockey 25/26 (Bm66+),Apprentices Can Claim,Kelora,8,Gelding,Oratorio,Kelvin Rose,9,Laqdar Ramoly,5,N D Parnham,54,0,23357x90040,45:4-4-6,19: 3-4-2,21: 1-1-1,8: 1-1-1,0:0-0-0,30:2-3-5,13:2-1-1,2:0-0-0,0:0-0-0,6:0-0-0,6:0-0-1,$134 425,8,Rest 1 Metro Win,1400,L Ramoly,2.1,11/07/26,Lawn Pride Australia (Rs1mw),1-Diamonds'n'rubies,4,61,01:25.70,Belmont Park,Good 4,56.5,0:0-0-0,241265,1355407,940465,10820,16432,10820,16432,$60000,35.65sec 600m,$2340,AUS
01/08/2026 00:00:00,Belmont Park,2,01-Aug-2026 12:59,1400,3yo+,BenchMark 66+,54,Of $80000  -  1st  $43840 | 2nd  $14880| 3rd  $7040| 4th  $3120| 5th  $2320,,Handicap,Congratulations William Pike - Leading Jockey 25/26 (Bm66+),Apprentices Can Claim,Kelora,8,Gelding,Oratorio,Kelvin Rose,9,Laqdar Ramoly,5,N D Parnham,54,0,23357x90040,45:4-4-6,19: 3-4-2,21: 1-1-1,8: 1-1-1,0:0-0-0,30:2-3-5,13:2-1-1,2:0-0-0,0:0-0-0,6:0-0-0,6:0-0-1,$134 425,15,Rest 1 Metro Win,1300,J Mc Naught,7.7,04/07/26,Happy 60th Birthday Tim Helfer (Rs1mw),1-Conducive,16,201,01:18.92,Belmont Park,Soft 6,56,0:0-0-0,241063,1353816,940465,10820,16432,10820,16126,$60000,36.64sec 600m,$0,AUS
01/08/2026 00:00:00,Belmont Park,2,01-Aug-2026 12:59,1400,3yo+,BenchMark 66+,54,Of $80000  -  1st  $43840 | 2nd  $14880| 3rd  $7040| 4th  $3120| 5th  $2320,,Handicap,Congratulations William Pike - Leading Jockey 25/26 (Bm66+),Apprentices Can Claim,Kelora,8,Gelding,Oratorio,Kelvin Rose,9,Laqdar Ramoly,5,N D Parnham,54,0,23357x90040,45:4-4-6,19: 3-4-2,21: 1-1-1,8: 1-1-1,0:0-0-0,30:2-3-5,13:2-1-1,2:0-0-0,0:0-0-0,6:0-0-0,6:0-0-1,$134 425,4,BenchMark 66+,1200,J Mc Naught,5.7,20/06/26,Lawn Pride Australia (Bm66+),1-Magnique,11,201,01:11.35,Belmont Park,Good 4,54.5,0:0-0-0,240643,1350610,940465,10820,16432,10820,16126,$80000,35.27sec 600m,$0,AUS
01/08/2026 00:00:00,Belmont Park,2,01-Aug-2026 12:59,1400,3yo+,BenchMark 66+,54,Of $80000  -  1st  $43840 | 2nd  $14880| 3rd  $7040| 4th  $3120| 5th  $2320,,Handicap,Congratulations William Pike - Leading Jockey 25/26 (Bm66+),Apprentices Can Claim,Kelora,8,Gelding,Oratorio,Kelvin Rose,9,Laqdar Ramoly,5,N D Parnham,54,0,23357x90040,45:4-4-6,19: 3-4-2,21: 1-1-1,8: 1-1-1,0:0-0-0,30:2-3-5,13:2-1-1,2:0-0-0,0:0-0-0,6:0-0-0,6:0-0-1,$134 425,8,Rest 1 Metro Win,1200,J Mc Naught,5.9,06/06/26,Swan Draught (Rs1mw),1-Spicy Thang,9,151,01:11.02,Belmont Park,Good 4,56.5,0:0-0-0,240215,1347369,940465,10820,16432,10820,16126,$60000,34.52sec 600m,$1080,AUS
01/08/2026 00:00:00,Belmont Park,2,01-Aug-2026 12:59,1400,3yo+,BenchMark 66+,54,Of $80000  -  1st  $43840 | 2nd  $14880| 3rd  $7040| 4th  $3120| 5th  $2320,,Handicap,Congratulations William Pike - Leading Jockey 25/26 (Bm66+),Apprentices Can Claim,Kelora,8,Gelding,Oratorio,Kelvin Rose,9,Laqdar Ramoly,5,N D Parnham,54,0,23357x90040,45:4-4-6,19: 3-4-2,21: 1-1-1,8: 1-1-1,0:0-0-0,30:2-3-5,13:2-1-1,2:0-0-0,0:0-0-0,6:0-0-0,6:0-0-1,$134 425,1,Rest 1 Metro Win,1600,C Parnham,2.9,13/12/25,PKF Perth (Rs1mw),1-Soldanelle,7,8,01:36.81,Ascot,Good 4,59,0:0-0-0,235977,1316113,940465,10820,16432,10820,15179,$60000,35.56sec 600m,$1080,AUS
01/08/2026 00:00:00,Belmont Park,2,01-Aug-2026 12:59,1400,3yo+,BenchMark 66+,54,Of $80000  -  1st  $43840 | 2nd  $14880| 3rd  $7040| 4th  $3120| 5th  $2320,,Handicap,Congratulations William Pike - Leading Jockey 25/26 (Bm66+),Apprentices Can Claim,Kelora,8,Gelding,Oratorio,Kelvin Rose,9,Laqdar Ramoly,5,N D Parnham,54,0,23357x90040,45:4-4-6,19: 3-4-2,21: 1-1-1,8: 1-1-1,0:0-0-0,30:2-3-5,13:2-1-1,2:0-0-0,0:0-0-0,6:0-0-0,6:0-0-1,$134 425,1,Class 5,1500,C Parnham,3.5,30/11/25,Alcoa Pinjarra Grandstand Cup (C5),1-Deamber,5,4,01:29.56,Pinjarra,Good 3,57,0:0-0-0,235693,1313946,940465,10820,16432,10820,15179,$40000,35.63sec 600m,$1160,AUS
01/08/2026 00:00:00,Belmont Park,2,01-Aug-2026 12:59,1400,3yo+,BenchMark 66+,54,Of $80000  -  1st  $43840 | 2nd  $14880| 3rd  $7040| 4th  $3120| 5th  $2320,,Handicap,Congratulations William Pike - Leading Jockey 25/26 (Bm66+),Apprentices Can Claim,Kelora,8,Gelding,Oratorio,Kelvin Rose,9,Laqdar Ramoly,5,N D Parnham,54,0,23357x90040,45:4-4-6,19: 3-4-2,21: 1-1-1,8: 1-1-1,0:0-0-0,30:2-3-5,13:2-1-1,2:0-0-0,0:0-0-0,6:0-0-0,6:0-0-1,$134 425,1,Rest 1 Metro Win,1600,C Parnham,2.2,22/11/25,MCA Polytrack (Rs1mw),1-Westbound,3,8.5,01:36.59,Ascot,Good 4,57.5,0:0-0-0,235506,1312519,940465,10820,16432,10820,15179,$60000,36.07sec 600m,$5280,AUS
01/08/2026 00:00:00,Belmont Park,2,01-Aug-2026 12:59,1400,3yo+,BenchMark 66+,54,Of $80000  -  1st  $43840 | 2nd  $14880| 3rd  $7040| 4th  $3120| 5th  $2320,,Handicap,Congratulations William Pike - Leading Jockey 25/26 (Bm66+),Apprentices Can Claim,Kelora,8,Gelding,Oratorio,Kelvin Rose,9,Laqdar Ramoly,5,N D Parnham,54,0,23357x90040,45:4-4-6,19: 3-4-2,21: 1-1-1,8: 1-1-1,0:0-0-0,30:2-3-5,13:2-1-1,2:0-0-0,0:0-0-0,6:0-0-0,6:0-0-1,$134 425,7,Rest 1 Metro Win,1500,C Parnham,2.2,01/11/25,MCA Polytrack (Rs1mw),1-Buthelezi,3,6.5,01:30.43,Ascot,Good 4,57,0:0-0-0,234913,1308379,940465,10820,16432,10820,15179,$60000,35.35sec 600m,$5280,AUS
01/08/2026 00:00:00,Belmont Park,2,01-Aug-2026 12:59,1400,3yo+,BenchMark 66+,54,Of $80000  -  1st  $43840 | 2nd  $14880| 3rd  $7040| 4th  $3120| 5th  $2320,,Handicap,Congratulations William Pike - Leading Jockey 25/26 (Bm66+),Apprentices Can Claim,Kelora,8,Gelding,Oratorio,Kelvin Rose,9,Laqdar Ramoly,5,N D Parnham,54,0,23357x90040,45:4-4-6,19: 3-4-2,21: 1-1-1,8: 1-1-1,0:0-0-0,30:2-3-5,13:2-1-1,2:0-0-0,0:0-0-0,6:0-0-0,6:0-0-1,$134 425,7,Rest 1 Metro Win,1400,C Parnham,2.3,25/10/25,Peters Investments (Rs1mw),1-Nicciana,2,9,01:23.38,Ascot,Soft 5,57,0:0-0-0,234704,1306934,940465,10820,16432,10820,15179,$60000,35.07sec 600m,$11160,AUS
meeting date,track,race number,start time,distance,age restrictions,class restrictions,weight restrictions,race prizemoney,sex restrictions,weight type,race name,jockeys can claim,horse name,horse age,horse sex,horse sire,horse dam,horse number,horse jockey,horse barrier,horse trainer,horse weight,horse claim,horse last10,horse record,horse record distance,horse record track,horse record track distance,horse record firm,horse record good,horse record soft,horse record heavy,horse record jumps,horse record first up,horse record second up,horse prize money,form barrier,form class,form distance,form jockey,form margin,form meeting date,form name,form other runners,form position,form price,form time,form track,form track condition,form weight,horse record synthetic,meeting id, race id, horse id, horse trainer id, horse jockey id, form trainer id, form jockey id,prizemoney,sectional,prizemoney won,country
01/08/2026 00:00:00,Belmont Park,3,01-Aug-2026 13:39,1000,3yo+,BenchMark 66+,54,Of $80000  -  1st  $43840 | 2nd  $14880| 3rd  $7040| 4th  $3120| 5th  $2320,,Handicap,Congratulations Holly Nottle - Leading Apprentice 25/26 (Bm66+),Apprentices Can Claim,Sinful Living,5,Mare,Safeguard,Paris Memory,1,Cassey Martinan,9,D & B Pearce,59,3,4x482457x403,30:6-3-4,26: 5-3-4,6: 2-1-1,6: 2-1-1,0:0-0-0,26:5-2-3,4:1-1-1,0:0-0-0,0:0-0-0,5:0-2-0,5:2-0-0,$623 680,5,BenchMark 72+,1000,H Nottle,1.9,25/07/26,Bisley Workwear (Bm72+),1-Pin Deep,3,15,00:57.91,Belmont Park,Good 4,57.5,0:0-0-0,241634,1358381,979696,27091,16738,27091,17687,$80000,33.40sec 600m,$7040,AUS
01/08/2026 00:00:00,Belmont Park,3,01-Aug-2026 13:39,1000,3yo+,BenchMark 66+,54,Of $80000  -  1st  $43840 | 2nd  $14880| 3rd  $7040| 4th  $3120| 5th  $2320,,Handicap,Congratulations Holly Nottle - Leading Apprentice 25/26 (Bm66+),Apprentices Can Claim,Sinful Living,5,Mare,Safeguard,Paris Memory,1,Cassey Martinan,9,D & B Pearce,59,3,4x482457x403,30:6-3-4,26: 5-3-4,6: 2-1-1,6: 2-1-1,0:0-0-0,26:5-2-3,4:1-1-1,0:0-0-0,0:0-0-0,5:0-2-0,5:2-0-0,$623 680,3,Listed,1000,N Faithfull,4.5,11/07/26,Beaufine Stakes,1-Immortal Bliss,10,26,00:58.07,Belmont Park,Good 4,54,0:0-0-0,241265,1355406,979696,27091,16738,27091,14702,$125000,34.25sec 600m,$2250,AUS
01/08/2026 00:00:00,Belmont Park,3,01-Aug-2026 13:39,1000,3yo+,BenchMark 66+,54,Of $80000  -  1st  $43840 | 2nd  $14880| 3rd  $7040| 4th  $3120| 5th  $2320,,Handicap,Congratulations Holly Nottle - Leading Apprentice 25/26 (Bm66+),Apprentices Can Claim,Sinful Living,5,Mare,Safeguard,Paris Memory,1,Cassey Martinan,9,D & B Pearce,59,3,4x482457x403,30:6-3-4,26: 5-3-4,6: 2-1-1,6: 2-1-1,0:0-0-0,26:5-2-3,4:1-1-1,0:0-0-0,0:0-0-0,5:0-2-0,5:2-0-0,$623 680,7,BenchMark 72+,1000,H Nottle,1.6,20/06/26,WA Racehorse Owners' Association (Bm72+),1-Baby Pearl,4,26,00:58.23,Belmont Park,Good 4,57.5,0:0-0-0,240643,1350609,979696,27091,16738,27091,17687,$80000,33.71sec 600m,$3120,AUS
01/08/2026 00:00:00,Belmont Park,3,01-Aug-2026 13:39,1000,3yo+,BenchMark 66+,54,Of $80000  -  1st  $43840 | 2nd  $14880| 3rd  $7040| 4th  $3120| 5th  $2320,,Handicap,Congratulations Holly Nottle - Leading Apprentice 25/26 (Bm66+),Apprentices Can Claim,Sinful Living,5,Mare,Safeguard,Paris Memory,1,Cassey Martinan,9,D & B Pearce,59,3,4x482457x403,30:6-3-4,26: 5-3-4,6: 2-1-1,6: 2-1-1,0:0-0-0,26:5-2-3,4:1-1-1,0:0-0-0,0:0-0-0,5:0-2-0,5:2-0-0,$623 680,4,BenchMark 72+,1000,L Fiore,3.2,28/02/26,Robert Harvey Memorial (Bm72+),1-Santanova,7,11,00:58.23,Ascot,Good 4,59.5,0:0-0-0,237645,1328283,979696,27091,16738,27091,15372,$80000,34.43sec 600m,$1440,AUS
01/08/2026 00:00:00,Belmont Park,3,01-Aug-2026 13:39,1000,3yo+,BenchMark 66+,54,Of $80000  -  1st  $43840 | 2nd  $14880| 3rd  $7040| 4th  $3120| 5th  $2320,,Handicap,Congratulations Holly Nottle - Leading Apprentice 25/26 (Bm66+),Apprentices Can Claim,Sinful Living,5,Mare,Safeguard,Paris Memory,1,Cassey Martinan,9,D & B Pearce,59,3,4x482457x403,30:6-3-4,26: 5-3-4,6: 2-1-1,6: 2-1-1,0:0-0-0,26:5-2-3,4:1-1-1,0:0-0-0,0:0-0-0,5:0-2-0,5:2-0-0,$623 680,6,BenchMark 72+,1000,C Cooper,4.0,31/01/26,Liquor Barons (Bm72+),1-Amaroo Star,5,17,00:57.17,Ascot,Good 4,58,0:0-0-0,237037,1323694,979696,27091,16738,27091,17382,$80000,34.13sec 600m,$2320,AUS
01/08/2026 00:00:00,Belmont Park,3,01-Aug-2026 13:39,1000,3yo+,BenchMark 66+,54,Of $80000  -  1st  $43840 | 2nd  $14880| 3rd  $7040| 4th  $3120| 5th  $2320,,Handicap,Congratulations Holly Nottle - Leading Apprentice 25/26 (Bm66+),Apprentices Can Claim,Sinful Living,5,Mare,Safeguard,Paris Memory,1,Cassey Martinan,9,D & B Pearce,59,3,4x482457x403,30:6-3-4,26: 5-3-4,6: 2-1-1,6: 2-1-1,0:0-0-0,26:5-2-3,4:1-1-1,0:0-0-0,0:0-0-0,5:0-2-0,5:2-0-0,$623 680,4,Listed,1100,N Faithfull,2.1,10/01/26,Miss Andretti Stakes,1-Acromantula,4,11,01:02.96,Ascot,Good 4,54,0:0-0-0,236611,1320517,979696,27091,16738,27091,14702,$125000,34.14sec 600m,$4875,AUS
01/08/2026 00:00:00,Belmont Park,3,01-Aug-2026 13:39,1000,3yo+,BenchMark 66+,54,Of $80000  -  1st  $43840 | 2nd  $14880| 3rd  $7040| 4th  $3120| 5th  $2320,,Handicap,Congratulations Holly Nottle - Leading Apprentice 25/26 (Bm66+),Apprentices Can Claim,Sinful Living,5,Mare,Safeguard,Paris Memory,1,Cassey Martinan,9,D & B Pearce,59,3,4x482457x403,30:6-3-4,26: 5-3-4,6: 2-1-1,6: 2-1-1,0:0-0-0,26:5-2-3,4:1-1-1,0:0-0-0,0:0-0-0,5:0-2-0,5:2-0-0,$623 680,2,BenchMark 72+,1000,H Nottle,0.7,01/01/26,MCA Polytrack (Bm72+),1-Haida Gwaii,2,9.5,00:58.20,Ascot,Good 4,56,0:0-0-0,236427,1319147,979696,27091,16738,27091,17687,$80000,33.69sec 600m,$14880,AUS
01/08/2026 00:00:00,Belmont Park,3,01-Aug-2026 13:39,1000,3yo+,BenchMark 66+,54,Of $80000  -  1st  $43840 | 2nd  $14880| 3rd  $7040| 4th  $3120| 5th  $2320,,Handicap,Congratulations Holly Nottle - Leading Apprentice 25/26 (Bm66+),Apprentices Can Claim,Sinful Living,5,Mare,Safeguard,Paris Memory,1,Cassey Martinan,9,D & B Pearce,59,3,4x482457x403,30:6-3-4,26: 5-3-4,6: 2-1-1,6: 2-1-1,0:0-0-0,26:5-2-3,4:1-1-1,0:0-0-0,0:0-0-0,5:0-2-0,5:2-0-0,$623 680,9,BenchMark 72+,1000,N Rawiller,5.1,06/12/25,Share Bets With TABtouch Bet Loop (Bm72+),1-Black Ora,8,11,00:58.05,Ascot,Good 4,59.5,0:0-0-0,235813,1314945,979696,27091,16738,27091,9718,$80000,34.23sec 600m,$1440,AUS
01/08/2026 00:00:00,Belmont Park,3,01-Aug-2026 13:39,1000,3yo+,BenchMark 66+,54,Of $80000  -  1st  $43840 | 2nd  $14880| 3rd  $7040| 4th  $3120| 5th  $2320,,Handicap,Congratulations Holly Nottle - Leading Apprentice 25/26 (Bm66+),Apprentices Can Claim,Sinful Living,5,Mare,Safeguard,Paris Memory,1,Cassey Martinan,9,D & B Pearce,59,3,4x482457x403,30:6-3-4,26: 5-3-4,6: 2-1-1,6: 2-1-1,0:0-0-0,26:5-2-3,4:1-1-1,0:0-0-0,0:0-0-0,5:0-2-0,5:2-0-0,$623 680,5,BenchMark 66+,1000,C Cooper,1.3,15/11/25,Jess Parnham 40th Birthday (Bm66+),1-Jaz Session,4,26,00:58.41,Ascot,Good 4,60.5,0:0-0-0,235353,1311297,979696,27091,16738,27091,17382,$80000,34.25sec 600m,$3120,AUS
01/08/2026 00:00:00,Belmont Park,3,01-Aug-2026 13:39,1000,3yo+,BenchMark 66+,54,Of $80000  -  1st  $43840 | 2nd  $14880| 3rd  $7040| 4th  $3120| 5th  $2320,,Handicap,Congratulations Holly Nottle - Leading Apprentice 25/26 (Bm66+),Apprentices Can Claim,Sinful Living,5,Mare,Safeguard,Paris Memory,1,Cassey Martinan,9,D & B Pearce,59,3,4x482457x403,30:6-3-4,26: 5-3-4,6: 2-1-1,6: 2-1-1,0:0-0-0,26:5-2-3,4:1-1-1,0:0-0-0,0:0-0-0,5:0-2-0,5:2-0-0,$623 680,5,BenchMark 72+,1000,C Cooper,2.3,19/07/25,Bunbury Volkswagen (Bm72+),1-Madhi Girl,4,13,00:58.75,Bunbury,Soft 7,56.5,0:0-0-0,232017,1286025,979696,27091,16738,27091,17382,$80000,00.00sec 0m,$3120,AUS
01/08/2026 00:00:00,Belmont Park,3,01-Aug-2026 13:39,1000,3yo+,BenchMark 66+,54,Of $80000  -  1st  $43840 | 2nd  $14880| 3rd  $7040| 4th  $3120| 5th  $2320,,Handicap,Congratulations Holly Nottle - Leading Apprentice 25/26 (Bm66+),Apprentices Can Claim,Amaroo Star,5,Gelding,Sessions,Music Beat,2,Chanel Cooper,4,Simon Miller,59,2,111x465x1116x,14:6-1-1,13: 6-1-1,3: 0-1-0,2: 0-1-0,0:0-0-0,9:6-1-1,5:0-0-0,0:0-0-0,0:0-0-0,4:1-0-1,4:1-1-0,$292 145,6,BenchMark 72+,1000,W Pike,1.9,28/02/26,Robert Harvey Memorial (Bm72+),1-Santanova,6,2.2,00:58.23,Ascot,Good 4,58,0:0-0-0,237645,1328283,996263,24928,17382,24928,12691,$80000,34.43sec 600m,$1440,AUS
01/08/2026 00:00:00,Belmont Park,3,01-Aug-2026 13:39,1000,3yo+,BenchMark 66+,54,Of $80000  -  1st  $43840 | 2nd  $14880| 3rd  $7040| 4th  $3120| 5th  $2320,,Handicap,Congratulations Holly Nottle - Leading Apprentice 25/26 (Bm66+),Apprentices Can Claim,Amaroo Star,5,Gelding,Sessions,Music Beat,2,Chanel Cooper,4,Simon Miller,59,2,111x465x1116x,14:6-1-1,13: 6-1-1,3: 0-1-0,2: 0-1-0,0:0-0-0,9:6-1-1,5:0-0-0,0:0-0-0,0:0-0-0,4:1-0-1,4:1-1-0,$292 145,3,BenchMark 72+,1000,W Pike,0.3,31/01/26,Liquor Barons (Bm72+),2-Keep Ita Mystery,1,2.6,00:57.17,Ascot,Good 4,56,0:0-0-0,237037,1323694,996263,24928,17382,24928,12691,$80000,34.13sec 600m,$43840,AUS
01/08/2026 00:00:00,Belmont Park,3,01-Aug-2026 13:39,1000,3yo+,BenchMark 66+,54,Of $80000  -  1st  $43840 | 2nd  $14880| 3rd  $7040| 4th  $3120| 5th  $2320,,Handicap,Congratulations Holly Nottle - Leading Apprentice 25/26 (Bm66+),Apprentices Can Claim,Amaroo Star,5,Gelding,Sessions,Music Beat,2,Chanel Cooper,4,Simon Miller,59,2,111x465x1116x,14:6-1-1,13: 6-1-1,3: 0-1-0,2: 0-1-0,0:0-0-0,9:6-1-1,5:0-0-0,0:0-0-0,0:0-0-0,4:1-0-1,4:1-1-0,$292 145,5,BenchMark 66+,1000,W Pike,0.6,10/01/26,Mrs Mac's (Bm66+),2-Tycoon Harry,1,2.6,00:57.55,Ascot,Good 4,57,0:0-0-0,236611,1320512,996263,24928,17382,24928,12691,$80000,33.95sec 600m,$43840,AUS
01/08/2026 00:00:00,Belmont Park,3,01-Aug-2026 13:39,1000,3yo+,BenchMark 66+,54,Of $80000  -  1st  $43840 | 2nd  $14880| 3rd  $7040| 4th  $3120| 5th  $2320,,Handicap,Congratulations Holly Nottle - Leading Apprentice 25/26 (Bm66+),Apprentices Can Claim,Amaroo Star,5,Gelding,Sessions,Music Beat,2,Chanel Cooper,4,Simon Miller,59,2,111x465x1116x,14:6-1-1,13: 6-1-1,3: 0-1-0,2: 0-1-0,0:0-0-0,9:6-1-1,5:0-0-0,0:0-0-0,0:0-0-0,4:1-0-1,4:1-1-0,$292 145,4,Rest 1 Metro Win,1000,W Pike,0.4,01/01/26,Ascend Trophies (Rs1mw),2-Magnique,1,3.3,00:58.16,Ascot,Good 4,58,0:0-0-0,236427,1319145,996263,24928,17382,24928,12691,$60000,33.54sec 600m,$32880,AUS
01/08/2026 00:00:00,Belmont Park,3,01-Aug-2026 13:39,1000,3yo+,BenchMark 66+,54,Of $80000  -  1st  $43840 | 2nd  $14880| 3rd  $7040| 4th  $3120| 5th  $2320,,Handicap,Congratulations Holly Nottle - Leading Apprentice 25/26 (Bm66+),Apprentices Can Claim,Amaroo Star,5,Gelding,Sessions,Music Beat,2,Chanel Cooper,4,Simon Miller,59,2,111x465x1116x,14:6-1-1,13: 6-1-1,3: 0-1-0,2: 0-1-0,0:0-0-0,9:6-1-1,5:0-0-0,0:0-0-0,0:0-0-0,4:1-0-1,4:1-1-0,$292 145,6,Open,1200,C Johnston-Porter,4.8,26/07/25,Morley Growers Market Hcp,1-Yorga Pride,5,9.5,01:11.87,Belmont Park,Soft 6,59,0:0-0-0,232207,1287472,996263,24928,17382,24928,15478,$80000,00.00sec 0m,$2320,AUS
01/08/2026 00:00:00,Belmont Park,3,01-Aug-2026 13:39,1000,3yo+,BenchMark 66+,54,Of $80000  -  1st  $43840 | 2nd  $14880| 3rd  $7040| 4th  $3120| 5th  $2320,,Handicap,Congratulations Holly Nottle - Leading Apprentice 25/26 (Bm66+),Apprentices Can Claim,Amaroo Star,5,Gelding,Sessions,Music Beat,2,Chanel Cooper,4,Simon Miller,59,2,111x465x1116x,14:6-1-1,13: 6-1-1,3: 0-1-0,2: 0-1-0,0:0-0-0,9:6-1-1,5:0-0-0,0:0-0-0,0:0-0-0,4:1-0-1,4:1-1-0,$292 145,10,Rest 1 Metro Win,1000,L Fiore,3.1,19/07/25,TABtouch Past The Post (Rs1mw),1-Terratif,6,7,00:59.42,Bunbury,Soft 6,58,0:0-0-0,232017,1286024,996263,24928,17382,24928,15372,$60000,00.00sec 0m,$1080,AUS
01/08/2026 00:00:00,Belmont Park,3,01-Aug-2026 13:39,1000,3yo+,BenchMark 66+,54,Of $80000  -  1st  $43840 | 2nd  $14880| 3rd  $7040| 4th  $3120| 5th  $2320,,Handicap,Congratulations Holly Nottle - Leading Apprentice 25/26 (Bm66+),Apprentices Can Claim,Amaroo Star,5,Gelding,Sessions,Music Beat,2,Chanel Cooper,4,Simon Miller,59,2,111x465x1116x,14:6-1-1,13: 6-1-1,3: 0-1-0,2: 0-1-0,0:0-0-0,9:6-1-1,5:0-0-0,0:0-0-0,0:0-0-0,4:1-0-1,4:1-1-0,$292 145,6,Open,1000,L Fiore,0.8,05/07/25,Hygain Hcp,1-Main Act,4,3.1,00:57.22,Pinjarra,Soft 5,59,0:0-0-0,231601,1282760,996263,24928,17382,24928,15372,$80000,33.64sec 600m,$3120,AUS
01/08/2026 00:00:00,Belmont Park,3,01-Aug-2026 13:39,1000,3yo+,BenchMark 66+,54,Of $80000  -  1st  $43840 | 2nd  $14880| 3rd  $7040| 4th  $3120| 5th  $2320,,Handicap,Congratulations Holly Nottle - Leading Apprentice 25/26 (Bm66+),Apprentices Can Claim,Amaroo Star,5,Gelding,Sessions,Music Beat,2,Chanel Cooper,4,Simon Miller,59,2,111x465x1116x,14:6-1-1,13: 6-1-1,3: 0-1-0,2: 0-1-0,0:0-0-0,9:6-1-1,5:0-0-0,0:0-0-0,0:0-0-0,4:1-0-1,4:1-1-0,$292 145,2,Rest 1 Metro Win,1000,L Fiore,0.1,29/03/25,Unite Resourcing (Rs1mw),2-Ahyeahrighto,1,2.6,00:58.00,Ascot,Good 4,56,0:0-0-0,228507,1261639,996263,24928,17382,24928,15372,$60000,33.95sec 600m,$32880,AUS
01/08/2026 00:00:00,Belmont Park,3,01-Aug-2026 13:39,1000,3yo+,BenchMark 66+,54,Of $80000  -  1st  $43840 | 2nd  $14880| 3rd  $7040| 4th  $3120| 5th  $2320,,Handicap,Congratulations Holly Nottle - Leading Apprentice 25/26 (Bm66+),Apprentices Can Claim,Amaroo Star,5,Gelding,Sessions,Music Beat,2,Chanel Cooper,4,Simon Miller,59,2,111x465x1116x,14:6-1-1,13: 6-1-1,3: 0-1-0,2: 0-1-0,0:0-0-0,9:6-1-1,5:0-0-0,0:0-0-0,0:0-0-0,4:1-0-1,4:1-1-0,$292 145,6,Rst 0 Met Win-LY,1000,L Fiore,0.5,19/03/25,Quayclean (Rs0ly),2-Lucky I Am,1,2.4,00:58.61,Ascot,Good 4,60,0:0-0-0,228225,1259805,996263,24928,17382,24928,15372,$35000,34.48sec 600m,$19180,AUS
01/08/2026 00:00:00,Belmont Park,3,01-Aug-2026 13:39,1000,3yo+,BenchMark 66+,54,Of $80000  -  1st  $43840 | 2nd  $14880| 3rd  $7040| 4th  $3120| 5th  $2320,,Handicap,Congratulations Holly Nottle - Leading Apprentice 25/26 (Bm66+),Apprentices Can Claim,Amaroo Star,5,Gelding,Sessions,Music Beat,2,Chanel Cooper,4,Simon Miller,59,2,111x465x1116x,14:6-1-1,13: 6-1-1,3: 0-1-0,2: 0-1-0,0:0-0-0,9:6-1-1,5:0-0-0,0:0-0-0,0:0-0-0,4:1-0-1,4:1-1-0,$292 145,4,Rst 0 Met Win-LY,1000,L Fiore,1.4,09/03/25,TABtouch - Have You Got The Touch (Rs0ly),2-Nicely Played,1,3.3,00:59.25,Ascot,Good 4,57.5,0:0-0-0,227964,1257882,996263,24928,17382,24928,15372,$35000,34.16sec 600m,$19180,AUS
01/08/2026 00:00:00,Belmont Park,3,01-Aug-2026 13:39,1000,3yo+,BenchMark 66+,54,Of $80000  -  1st  $43840 | 2nd  $14880| 3rd  $7040| 4th  $3120| 5th  $2320,,Handicap,Congratulations Holly Nottle - Leading Apprentice 25/26 (Bm66+),Apprentices Can Claim,Lord Shiva,6,Gelding,Playing God,Shakhimere,3,Holly Nottle,8,Mitchell Pateman,57,1.5,7x112x8x14224,19:4-6-2,16: 3-6-2,7: 1-2-2,7: 1-2-2,0:0-0-0,15:3-6-1,4:1-0-1,0:0-0-0,0:0-0-0,6:2-1-2,4:2-1-0,$169 087,9,BenchMark 66+,1000,H Nottle,4.0,04/07/26,Quayclean (Bm66+),1-Watto's Mark,4,8,00:57.92,Belmont Park,Soft 6,57.5,0:0-0-0,241063,1353814,967618,27979,17687,27979,17687,$80000,34.23sec 600m,$3120,AUS
01/08/2026 00:00:00,Belmont Park,3,01-Aug-2026 13:39,1000,3yo+,BenchMark 66+,54,Of $80000  -  1st  $43840 | 2nd  $14880| 3rd  $7040| 4th  $3120| 5th  $2320,,Handicap,Congratulations Holly Nottle - Leading Apprentice 25/26 (Bm66+),Apprentices Can Claim,Lord Shiva,6,Gelding,Playing God,Shakhimere,3,Holly Nottle,8,Mitchell Pateman,57,1.5,7x112x8x14224,19:4-6-2,16: 3-6-2,7: 1-2-2,7: 1-2-2,0:0-0-0,15:3-6-1,4:1-0-1,0:0-0-0,0:0-0-0,6:2-1-2,4:2-1-0,$169 087,6,BenchMark 72+,1000,H Watson,0.3,20/06/26,WA Racehorse Owners' Association (Bm72+),1-Baby Pearl,2,6.5,00:58.23,Belmont Park,Good 4,55.5,0:0-0-0,240643,1350609,967618,27979,17687,27979,16516,$80000,33.71sec 600m,$14880,AUS
01/08/2026 00:00:00,Belmont Park,3,01-Aug-2026 13:39,1000,3yo+,BenchMark 66+,54,Of $80000  -  1st  $43840 | 2nd  $14880| 3rd  $7040| 4th  $3120| 5th  $2320,,Handicap,Congratulations Holly Nottle - Leading Apprentice 25/26 (Bm66+),Apprentices Can Claim,Lord Shiva,6,Gelding,Playing God,Shakhimere,3,Holly Nottle,8,Mitchell Pateman,57,1.5,7x112x8x14224,19:4-6-2,16: 3-6-2,7: 1-2-2,7: 1-2-2,0:0-0-0,15:3-6-1,4:1-0-1,0:0-0-0,0:0-0-0,6:2-1-2,4:2-1-0,$169 087,7,BenchMark 66+,1000,H Nottle,0.1,06/06/26,Glenroy Chaff (Bm66+),1-Xentaro,2,3,00:57.36,Belmont Park,Good 4,57,0:0-0-0,240215,1347361,967618,27979,17687,27979,17687,$80000,33.30sec 600m,$14880,AUS
01/08/2026 00:00:00,Belmont Park,3,01-Aug-2026 13:39,1000,3yo+,BenchMark 66+,54,Of $80000  -  1st  $43840 | 2nd  $14880| 3rd  $7040| 4th  $3120| 5th  $2320,,Handicap,Congratulations Holly Nottle - Leading Apprentice 25/26 (Bm66+),Apprentices Can Claim,Lord Shiva,6,Gelding,Playing God,Shakhimere,3,Holly Nottle,8,Mitchell Pateman,57,1.5,7x112x8x14224,19:4-6-2,16: 3-6-2,7: 1-2-2,7: 1-2-2,0:0-0-0,15:3-6-1,4:1-0-1,0:0-0-0,0:0-0-0,6:2-1-2,4:2-1-0,$169 087,5,BenchMark 66+,1000,H Watson,1.7,23/05/26,Peters Investments (Bm66+),1-Baby Pearl,4,3,00:57.84,Belmont Park,Good 4,58,0:0-0-0,239806,1344315,967618,27979,17687,27979,16516,$80000,33.18sec 600m,$3120,AUS
01/08/2026 00:00:00,Belmont Park,3,01-Aug-2026 13:39,1000,3yo+,BenchMark 66+,54,Of $80000  -  1st  $43840 | 2nd  $14880| 3rd  $7040| 4th  $3120| 5th  $2320,,Handicap,Congratulations Holly Nottle - Leading Apprentice 25/26 (Bm66+),Apprentices Can Claim,Lord Shiva,6,Gelding,Playing God,Shakhimere,3,Holly Nottle,8,Mitchell Pateman,57,1.5,7x112x8x14224,19:4-6-2,16: 3-6-2,7: 1-2-2,7: 1-2-2,0:0-0-0,15:3-6-1,4:1-0-1,0:0-0-0,0:0-0-0,6:2-1-2,4:2-1-0,$169 087,4,Class 3,1000,H Nottle,2.3,29/04/26,MC Polytrack Hcp (C3),2-Cleanemup,1,2.1,00:58.36,Ascot,Soft 5,60,0:0-0-0,239185,1339537,967618,27979,17687,27979,17687,$30000,34.11sec 600m,$16440,AUS
01/08/2026 00:00:00,Belmont Park,3,01-Aug-2026 13:39,1000,3yo+,BenchMark 66+,54,Of $80000  -  1st  $43840 | 2nd  $14880| 3rd  $7040| 4th  $3120| 5th  $2320,,Handicap,Congratulations Holly Nottle - Leading Apprentice 25/26 (Bm66+),Apprentices Can Claim,Lord Shiva,6,Gelding,Playing God,Shakhimere,3,Holly Nottle,8,Mitchell Pateman,57,1.5,7x112x8x14224,19:4-6-2,16: 3-6-2,7: 1-2-2,7: 1-2-2,0:0-0-0,15:3-6-1,4:1-0-1,0:0-0-0,0:0-0-0,6:2-1-2,4:2-1-0,$169 087,6,BenchMark 66+,1000,H Watson,5.6,18/10/25,Project Building Supplies (Bm66+),1-Black Ora,8,4.2,00:58.05,Ascot,Good 4,56,0:0-0-0,234518,1305487,967618,27979,17687,27979,16516,$80000,33.90sec 600m,$1440,AUS
01/08/2026 00:00:00,Belmont Park,3,01-Aug-2026 13:39,1000,3yo+,BenchMark 66+,54,Of $80000  -  1st  $43840 | 2nd  $14880| 3rd  $7040| 4th  $3120| 5th  $2320,,Handicap,Congratulations Holly Nottle - Leading Apprentice 25/26 (Bm66+),Apprentices Can Claim,Lord Shiva,6,Gelding,Playing God,Shakhimere,3,Holly Nottle,8,Mitchell Pateman,57,1.5,7x112x8x14224,19:4-6-2,16: 3-6-2,7: 1-2-2,7: 1-2-2,0:0-0-0,15:3-6-1,4:1-0-1,0:0-0-0,0:0-0-0,6:2-1-2,4:2-1-0,$169 087,1,Rst 0 Met Win-LY,1000,H Watson,0.2,28/06/25,TABtouch Westspeed Platinum (Rs0ly),1-Empress Of India,2,1.9,00:56.95,Pinjarra,Good 4,59.5,0:0-0-0,231375,1280985,967618,27979,17687,27979,16516,$40000,33.13sec 600m,$7440,AUS
01/08/2026 00:00:00,Belmont Park,3,01-Aug-2026 13:39,1000,3yo+,BenchMark 66+,54,Of $80000  -  1st  $43840 | 2nd  $14880| 3rd  $7040| 4th  $3120| 5th  $2320,,Handicap,Congratulations Holly Nottle - Leading Apprentice 25/26 (Bm66+),Apprentices Can Claim,Lord Shiva,6,Gelding,Playing God,Shakhimere,3,Holly Nottle,8,Mitchell Pateman,57,1.5,7x112x8x14224,19:4-6-2,16: 3-6-2,7: 1-2-2,7: 1-2-2,0:0-0-0,15:3-6-1,4:1-0-1,0:0-0-0,0:0-0-0,6:2-1-2,4:2-1-0,$169 087,4,Class 3,1000,H Watson,4.8,21/05/25,Fimiston Hcp (C3),2-Strictly Cash,1,1.9,00:58.93,Belmont Park,Good 4,60,0:0-0-0,230235,1272468,967618,27979,17687,27979,16516,$30000,34.47sec 600m,$16440,AUS
01/08/2026 00:00:00,Belmont Park,3,01-Aug-2026 13:39,1000,3yo+,BenchMark 66+,54,Of $80000  -  1st  $43840 | 2nd  $14880| 3rd  $7040| 4th  $3120| 5th  $2320,,Handicap,Congratulations Holly Nottle - Leading Apprentice 25/26 (Bm66+),Apprentices Can Claim,Lord Shiva,6,Gelding,Playing God,Shakhimere,3,Holly Nottle,8,Mitchell Pateman,57,1.5,7x112x8x14224,19:4-6-2,16: 3-6-2,7: 1-2-2,7: 1-2-2,0:0-0-0,15:3-6-1,4:1-0-1,0:0-0-0,0:0-0-0,6:2-1-2,4:2-1-0,$169 087,5,Class 3,1000,Taj Dyson,0.8,07/05/25,MCA Polytrack Hcp (C3),2-Anaballistic,1,5.5,00:58.18,Ascot,Good 4,57.5,0:0-0-0,229836,1269517,967618,27979,17687,27979,16792,$30000,00.00sec 0m,$16440,AUS
01/08/2026 00:00:00,Belmont Park,3,01-Aug-2026 13:39,1000,3yo+,BenchMark 66+,54,Of $80000  -  1st  $43840 | 2nd  $14880| 3rd  $7040| 4th  $3120| 5th  $2320,,Handicap,Congratulations Holly Nottle - Leading Apprentice 25/26 (Bm66+),Apprentices Can Claim,Lord Shiva,6,Gelding,Playing God,Shakhimere,3,Holly Nottle,8,Mitchell Pateman,57,1.5,7x112x8x14224,19:4-6-2,16: 3-6-2,7: 1-2-2,7: 1-2-2,0:0-0-0,15:3-6-1,4:1-0-1,0:0-0-0,0:0-0-0,6:2-1-2,4:2-1-0,$169 087,7,Class 2,1100,L Fiore,3.3,27/11/24,Own The Dream Competition Now Open Hcp (C2),1-Raging Beauty,7,2.1,01:05.79,Geraldton,Good 3,60,0:0-0-0,225555,1240646,967618,27979,17687,24034,15372,$24000,00.00sec 0m,$432,AUS
01/08/2026 00:00:00,Belmont Park,3,01-Aug-2026 13:39,1000,3yo+,BenchMark 66+,54,Of $80000  -  1st  $43840 | 2nd  $14880| 3rd  $7040| 4th  $3120| 5th  $2320,,Handicap,Congratulations Holly Nottle - Leading Apprentice 25/26 (Bm66+),Apprentices Can Claim,Swingman,4,Gelding,Brutal,New Summer Night,4,S Parnham,7,J P Taylor,58,0,1100x212222x,11:3-5-0,4: 0-4-0,1: 1-0-0,0: 0-0-0,0:0-0-0,7:1-3-0,3:1-2-0,1:1-0-0,0:0-0-0,3:1-1-0,2:2-0-0,$181 180,5,Open,1000,C Cooper,0.6,09/05/26,Mitch Wake 30th Birthday Hcp,1-Kings Court,2,4,00:58.27,Ascot,Good 4,58,0:0-0-0,239428,1341454,1122179,19762,12664,19762,17382,$80000,00.00sec 0m,$14880,AUS
01/08/2026 00:00:00,Belmont Park,3,01-Aug-2026 13:39,1000,3yo+,BenchMark 66+,54,Of $80000  -  1st  $43840 | 2nd  $14880| 3rd  $7040| 4th  $3120| 5th  $2320,,Handicap,Congratulations Holly Nottle - Leading Apprentice 25/26 (Bm66+),Apprentices Can Claim,Swingman,4,Gelding,Brutal,New Summer Night,4,S Parnham,7,J P Taylor,58,0,1100x212222x,11:3-5-0,4: 0-4-0,1: 1-0-0,0: 0-0-0,0:0-0-0,7:1-3-0,3:1-2-0,1:1-0-0,0:0-0-0,3:1-1-0,2:2-0-0,$181 180,5,Open,1000,Z Johnston-Porter,0.1,18/04/26,Share Bets With TABtouch Bet Loop Hcp,1-Snitzalatte,2,2.7,00:57.98,Ascot,Soft 5,56.5,0:0-0-0,238836,1337142,1122179,19762,12664,19762,17062,$80000,34.77sec 600m,$14880,AUS
01/08/2026 00:00:00,Belmont Park,3,01-Aug-2026 13:39,1000,3yo+,BenchMark 66+,54,Of $80000  -  1st  $43840 | 2nd  $14880| 3rd  $7040| 4th  $3120| 5th  $2320,,Handicap,Congratulations Holly Nottle - Leading Apprentice 25/26 (Bm66+),Apprentices Can Claim,Swingman,4,Gelding,Brutal,New Summer Night,4,S Parnham,7,J P Taylor,58,0,1100x212222x,11:3-5-0,4: 0-4-0,1: 1-0-0,0: 0-0-0,0:0-0-0,7:1-3-0,3:1-2-0,1:1-0-0,0:0-0-0,3:1-1-0,2:2-0-0,$181 180,5,Open,1000,Z Johnston-Porter,0.3,01/04/26,Peters Investments Hcp,1-Snitzalatte,2,2.7,00:58.71,Ascot,Soft 5,57,0:0-0-0,238354,1333690,1122179,19762,12664,19762,17062,$80000,33.95sec 600m,$14880,AUS
01/08/2026 00:00:00,Belmont Park,3,01-Aug-2026 13:39,1000,3yo+,BenchMark 66+,54,Of $80000  -  1st  $43840 | 2nd  $14880| 3rd  $7040| 4th  $3120| 5th  $2320,,Handicap,Congratulations Holly Nottle - Leading Apprentice 25/26 (Bm66+),Apprentices Can Claim,Swingman,4,Gelding,Brutal,New Summer Night,4,S Parnham,7,J P Taylor,58,0,1100x212222x,11:3-5-0,4: 0-4-0,1: 1-0-0,0: 0-0-0,0:0-0-0,7:1-3-0,3:1-2-0,1:1-0-0,0:0-0-0,3:1-1-0,2:2-0-0,$181 180,2,Open,1200,H Nottle,0.9,21/03/26,MC Polytrack Hcp,1-Holler Nuff,2,3.7,01:09.66,Ascot,Good 4,57.5,0:0-0-0,238123,1331981,1122179,19762,12664,19762,17687,$80000,34.75sec 600m,$14880,AUS
01/08/2026 00:00:00,Belmont Park,3,01-Aug-2026 13:39,1000,3yo+,BenchMark 66+,54,Of $80000  -  1st  $43840 | 2nd  $14880| 3rd  $7040| 4th  $3120| 5th  $2320,,Handicap,Congratulations Holly Nottle - Leading Apprentice 25/26 (Bm66+),Apprentices Can Claim,Swingman,4,Gelding,Brutal,New Summer Night,4,S Parnham,7,J P Taylor,58,0,1100x212222x,11:3-5-0,4: 0-4-0,1: 1-0-0,0: 0-0-0,0:0-0-0,7:1-3-0,3:1-2-0,1:1-0-0,0:0-0-0,3:1-1-0,2:2-0-0,$181 180,2,Open,1200,S Parnham,0.1,07/03/26,Bunbury Volkswagen Hcp,2-God's Cross,1,3.4,01:10.65,Bunbury,Good 4,57.5,0:0-0-0,237789,1329369,1122179,19762,12664,19762,12664,$80000,35.64sec 600m,$43840,AUS
01/08/2026 00:00:00,Belmont Park,3,01-Aug-2026 13:39,1000,3yo+,BenchMark 66+,54,Of $80000  -  1st  $43840 | 2nd  $14880| 3rd  $7040| 4th  $3120| 5th  $2320,,Handicap,Congratulations Holly Nottle - Leading Apprentice 25/26 (Bm66+),Apprentices Can Claim,Swingman,4,Gelding,Brutal,New Summer Night,4,S Parnham,7,J P Taylor,58,0,1100x212222x,11:3-5-0,4: 0-4-0,1: 1-0-0,0: 0-0-0,0:0-0-0,7:1-3-0,3:1-2-0,1:1-0-0,0:0-0-0,3:1-1-0,2:2-0-0,$181 180,4,Open,1000,S Parnham,1.1,21/02/26,MCA Polytrack Hcp,1-Watto's Mark,2,7,00:58.16,Ascot,Good 4,56,0:0-0-0,237486,1327019,1122179,19762,12664,19762,12664,$80000,34.16sec 600m,$14880,AUS
01/08/2026 00:00:00,Belmont Park,3,01-Aug-2026 13:39,1000,3yo+,BenchMark 66+,54,Of $80000  -  1st  $43840 | 2nd  $14880| 3rd  $7040| 4th  $3120| 5th  $2320,,Handicap,Congratulations Holly Nottle - Leading Apprentice 25/26 (Bm66+),Apprentices Can Claim,Swingman,4,Gelding,Brutal,New Summer Night,4,S Parnham,7,J P Taylor,58,0,1100x212222x,11:3-5-0,4: 0-4-0,1: 1-0-0,0: 0-0-0,0:0-0-0,7:1-3-0,3:1-2-0,1:1-0-0,0:0-0-0,3:1-1-0,2:2-0-0,$181 180,6,Listed,1200,S Parnham,5.5,15/11/25,TABtouch - Placid Ark Stakes,1-Luana Miss,14,81,01:10.79,Ascot,Good 4,57,0:0-0-0,235353,1311301,1122179,19762,12664,19762,12664,$500000,35.71sec 600m,$0,AUS
01/08/2026 00:00:00,Belmont Park,3,01-Aug-2026 13:39,1000,3yo+,BenchMark 66+,54,Of $80000  -  1st  $43840 | 2nd  $14880| 3rd  $7040| 4th  $3120| 5th  $2320,,Handicap,Congratulations Holly Nottle - Leading Apprentice 25/26 (Bm66+),Apprentices Can Claim,Swingman,4,Gelding,Brutal,New Summer Night,4,S Parnham,7,J P Taylor,58,0,1100x212222x,11:3-5-0,4: 0-4-0,1: 1-0-0,0: 0-0-0,0:0-0-0,7:1-3-0,3:1-2-0,1:1-0-0,0:0-0-0,3:1-1-0,2:2-0-0,$181 180,14,Open,1100,S Parnham,8.0,01/11/25,TABtouch - Placid Ark Prelude,1-Luana Miss,10,51,01:04.38,Ascot,Good 4,56,0:0-0-0,234913,1308383,1122179,19762,12664,19762,12664,$100000,34.62sec 600m,$1800,AUS
01/08/2026 00:00:00,Belmont Park,3,01-Aug-2026 13:39,1000,3yo+,BenchMark 66+,54,Of $80000  -  1st  $43840 | 2nd  $14880| 3rd  $7040| 4th  $3120| 5th  $2320,,Handicap,Congratulations Holly Nottle - Leading Apprentice 25/26 (Bm66+),Apprentices Can Claim,Swingman,4,Gelding,Brutal,New Summer Night,4,S Parnham,7,J P Taylor,58,0,1100x212222x,11:3-5-0,4: 0-4-0,1: 1-0-0,0: 0-0-0,0:0-0-0,7:1-3-0,3:1-2-0,1:1-0-0,0:0-0-0,3:1-1-0,2:2-0-0,$181 180,3,Open,1200,S Parnham,0.3,13/09/25,Perth Racing Now Hiring Carnival Staff Plate,2-Brave Wasp,1,7.5,01:11.63,Belmont Park,Soft 5,56,0:0-0-0,233532,1297995,1122179,19762,12664,19762,12664,$80000,00.00sec 0m,$43840,AUS
01/08/2026 00:00:00,Belmont Park,3,01-Aug-2026 13:39,1000,3yo+,BenchMark 66+,54,Of $80000  -  1st  $43840 | 2nd  $14880| 3rd  $7040| 4th  $3120| 5th  $2320,,Handicap,Congratulations Holly Nottle - Leading Apprentice 25/26 (Bm66+),Apprentices Can Claim,Swingman,4,Gelding,Brutal,New Summer Night,4,S Parnham,7,J P Taylor,58,0,1100x212222x,11:3-5-0,4: 0-4-0,1: 1-0-0,0: 0-0-0,0:0-0-0,7:1-3-0,3:1-2-0,1:1-0-0,0:0-0-0,3:1-1-0,2:2-0-0,$181 180,3,Maiden,1100,S Parnham,1.2,28/08/25,TABtouch Better Your Bet Mdn,2-Bold Fight,1,3.4,01:05.30,Northam,Heavy 8,55.5,0:0-0-0,233081,1294441,1122179,19762,12664,19762,12664,$25000,35.55sec 600m,$13700,AUS
01/08/2026 00:00:00,Belmont Park,3,01-Aug-2026 13:39,1000,3yo+,BenchMark 66+,54,Of $80000  -  1st  $43840 | 2nd  $14880| 3rd  $7040| 4th  $3120| 5th  $2320,,Handicap,Congratulations Holly Nottle - Leading Apprentice 25/26 (Bm66+),Apprentices Can Claim,Big Me,8,Gelding,Your Song,Miss Eisenstadt,5,Joey Azzopardi,2,Rebecca Bayliss,57.5,0,311530930x0x,20:4-2-6,18: 4-2-6,0: 0-0-0,0: 0-0-0,0:0-0-0,13:3-1-5,4:0-1-0,3:1-0-1,0:0-0-0,3:1-0-1,2:0-1-1,$295 391,3,Bench. 70,1000,Ms D Keane,7.7,10/01/26,Jockey Assistance Program Sprint (Bm70),1-Gallant Son,13,51,00:58.63,Flemington,Good 3,59.5,0:0-0-0,236603,1320452,958261,26928,14814,7442,17092,$80000,00.00sec 0m,$0,AUS
01/08/2026 00:00:00,Belmont Park,3,01-Aug-2026 13:39,1000,3yo+,BenchMark 66+,54,Of $80000  -  1st  $43840 | 2nd  $14880| 3rd  $7040| 4th  $3120| 5th  $2320,,Handicap,Congratulations Holly Nottle - Leading Apprentice 25/26 (Bm66+),Apprentices Can Claim,Big Me,8,Gelding,Your Song,Miss Eisenstadt,5,Joey Azzopardi,2,Rebecca Bayliss,57.5,0,311530930x0x,20:4-2-6,18: 4-2-6,0: 0-0-0,0: 0-0-0,0:0-0-0,13:3-1-5,4:0-1-0,3:1-0-1,0:0-0-0,3:1-0-1,2:0-1-1,$295 391,9,Bench. 74,1000,J Childs,9.9,09/08/25,Darren Grech Myeloma Australia (Bm74),1-Don't Hope Do,11,14,00:59.92,Moonee Valley,Soft 6,61,0:0-0-0,232559,1290282,958261,26928,14814,26371,15041,$130000,35.92sec 600m,$0,AUS
01/08/2026 00:00:00,Belmont Park,3,01-Aug-2026 13:39,1000,3yo+,BenchMark 66+,54,Of $80000  -  1st  $43840 | 2nd  $14880| 3rd  $7040| 4th  $3120| 5th  $2320,,Handicap,Congratulations Holly Nottle - Leading Apprentice 25/26 (Bm66+),Apprentices Can Claim,Big Me,8,Gelding,Your Song,Miss Eisenstadt,5,Joey Azzopardi,2,Rebecca Bayliss,57.5,0,311530930x0x,20:4-2-6,18: 4-2-6,0: 0-0-0,0: 0-0-0,0:0-0-0,13:3-1-5,4:0-1-0,3:1-0-1,0:0-0-0,3:1-0-1,2:0-1-1,$295 391,12,Bench. 78,1000,J Childs,1.0,19/07/25,VRC Member Daniel Reynolds Sprint (Bm78),1-Losesomewinmore,3,31,00:57.38,Flemington,Good 4,59,0:0-0-0,232014,1286007,958261,26928,14814,26371,15041,$130000,32.76sec 600m,$11700,AUS
01/08/2026 00:00:00,Belmont Park,3,01-Aug-2026 13:39,1000,3yo+,BenchMark 66+,54,Of $80000  -  1st  $43840 | 2nd  $14880| 3rd  $7040| 4th  $3120| 5th  $2320,,Handicap,Congratulations Holly Nottle - Leading Apprentice 25/26 (Bm66+),Apprentices Can Claim,Big Me,8,Gelding,Your Song,Miss Eisenstadt,5,Joey Azzopardi,2,Rebecca Bayliss,57.5,0,311530930x0x,20:4-2-6,18: 4-2-6,0: 0-0-0,0: 0-0-0,0:0-0-0,13:3-1-5,4:0-1-0,3:1-0-1,0:0-0-0,3:1-0-1,2:0-1-1,$295 391,13,Bench. 84,1200,D Bates,8.4,28/06/25,Sportsbet More Places (Bm84),1-Zou Sensation,9,31,01:11.84,Caulfield,Soft 6,57,0:0-0-0,231365,1280942,958261,26928,14814,26371,15750,$130000,00.00sec 0m,$2600,AUS
01/08/2026 00:00:00,Belmont Park,3,01-Aug-2026 13:39,1000,3yo+,BenchMark 66+,54,Of $80000  -  1st  $43840 | 2nd  $14880| 3rd  $7040| 4th  $3120| 5th  $2320,,Handicap,Congratulations Holly Nottle - Leading Apprentice 25/26 (Bm66+),Apprentices Can Claim,Big Me,8,Gelding,Your Song,Miss Eisenstadt,5,Joey Azzopardi,2,Rebecca Bayliss,57.5,0,311530930x0x,20:4-2-6,18: 4-2-6,0: 0-0-0,0: 0-0-0,0:0-0-0,13:3-1-5,4:0-1-0,3:1-0-1,0:0-0-0,3:1-0-1,2:0-1-1,$295 391,7,Bench. 78,1000,Zac Lloyd,16.5,24/05/25,Taylor Construction (Bm78),1-Storm The Ramparts,10,13,01:01.33,Randwick,Heavy 9,61.5,0:0-0-0,230275,1272785,958261,26928,14814,26371,16537,$160000,36.49sec 600m,$3500,AUS
01/08/2026 00:00:00,Belmont Park,3,01-Aug-2026 13:39,1000,3yo+,BenchMark 66+,54,Of $80000  -  1st  $43840 | 2nd  $14880| 3rd  $7040| 4th  $3120| 5th  $2320,,Handicap,Congratulations Holly Nottle - Leading Apprentice 25/26 (Bm66+),Apprentices Can Claim,Big Me,8,Gelding,Your Song,Miss Eisenstadt,5,Joey Azzopardi,2,Rebecca Bayliss,57.5,0,311530930x0x,20:4-2-6,18: 4-2-6,0: 0-0-0,0: 0-0-0,0:0-0-0,13:3-1-5,4:0-1-0,3:1-0-1,0:0-0-0,3:1-0-1,2:0-1-1,$295 391,5,Bench. 90,1000,L Bates,1.9,03/05/25,Tobin Brothers Celebrating Lives (Bm90),1-Oak Hill,3,7.5,00:58.05,Caulfield,Good 3,51,0:0-0-0,229700,1268497,958261,26928,14814,26371,17399,$150000,33.44sec 600m,$13500,AUS
01/08/2026 00:00:00,Belmont Park,3,01-Aug-2026 13:39,1000,3yo+,BenchMark 66+,54,Of $80000  -  1st  $43840 | 2nd  $14880| 3rd  $7040| 4th  $3120| 5th  $2320,,Handicap,Congratulations Holly Nottle - Leading Apprentice 25/26 (Bm66+),Apprentices Can Claim,Big Me,8,Gelding,Your Song,Miss Eisenstadt,5,Joey Azzopardi,2,Rebecca Bayliss,57.5,0,311530930x0x,20:4-2-6,18: 4-2-6,0: 0-0-0,0: 0-0-0,0:0-0-0,13:3-1-5,4:0-1-0,3:1-0-1,0:0-0-0,3:1-0-1,2:0-1-1,$295 391,7,Open,1000,D Yendall,2.0,18/04/25,bet365 Country Discovery,1-Midwest,5,14,00:57.52,Echuca,Good 4,54,0:0-0-0,229261,1265593,958261,26928,14814,26371,2740,$500000,33.98sec 600m,$15000,AUS
01/08/2026 00:00:00,Belmont Park,3,01-Aug-2026 13:39,1000,3yo+,BenchMark 66+,54,Of $80000  -  1st  $43840 | 2nd  $14880| 3rd  $7040| 4th  $3120| 5th  $2320,,Handicap,Congratulations Holly Nottle - Leading Apprentice 25/26 (Bm66+),Apprentices Can Claim,Big Me,8,Gelding,Your Song,Miss Eisenstadt,5,Joey Azzopardi,2,Rebecca Bayliss,57.5,0,311530930x0x,20:4-2-6,18: 4-2-6,0: 0-0-0,0: 0-0-0,0:0-0-0,13:3-1-5,4:0-1-0,3:1-0-1,0:0-0-0,3:1-0-1,2:0-1-1,$295 391,3,Bench. 70,1000,R Mc Leod,1.3,04/04/25,Freeway Ford (Bm70),2-Dreamzel,1,2.8,00:58.78,Cranbourne,Good 4,62.5,0:0-0-0,228901,1263090,958261,26928,14814,26371,11899,$40000,34.36sec 600m,$22000,AUS
01/08/2026 00:00:00,Belmont Park,3,01-Aug-2026 13:39,1000,3yo+,BenchMark 66+,54,Of $80000  -  1st  $43840 | 2nd  $14880| 3rd  $7040| 4th  $3120| 5th  $2320,,Handicap,Congratulations Holly Nottle - Leading Apprentice 25/26 (Bm66+),Apprentices Can Claim,Big Me,8,Gelding,Your Song,Miss Eisenstadt,5,Joey Azzopardi,2,Rebecca Bayliss,57.5,0,311530930x0x,20:4-2-6,18: 4-2-6,0: 0-0-0,0: 0-0-0,0:0-0-0,13:3-1-5,4:0-1-0,3:1-0-1,0:0-0-0,3:1-0-1,2:0-1-1,$295 391,7,Bench. 70,1000,R Mc Leod,1.3,09/03/25,Mackenzie Family Shadoways Sprint (Bm70),2-Bon Shadow,1,2.3,00:58.50,Echuca,Good 4,60.5,0:0-0-0,227954,1257819,958261,26928,14814,26371,11899,$40000,33.56sec 600m,$22000,AUS
01/08/2026 00:00:00,Belmont Park,3,01-Aug-2026 13:39,1000,3yo+,BenchMark 66+,54,Of $80000  -  1st  $43840 | 2nd  $14880| 3rd  $7040| 4th  $3120| 5th  $2320,,Handicap,Congratulations Holly Nottle - Leading Apprentice 25/26 (Bm66+),Apprentices Can Claim,Big Me,8,Gelding,Your Song,Miss Eisenstadt,5,Joey Azzopardi,2,Rebecca Bayliss,57.5,0,311530930x0x,20:4-2-6,18: 4-2-6,0: 0-0-0,0: 0-0-0,0:0-0-0,13:3-1-5,4:0-1-0,3:1-0-1,0:0-0-0,3:1-0-1,2:0-1-1,$295 391,5,Bench. 70,1000,E Brown,1.4,14/02/25,The Orbit Logistics Valley Summer Sprint Series  Heat 2 (Bm70),1-Trapeze Warrior,3,3.3,00:58.25,Moonee Valley,Good 4,60.5,0:0-0-0,227389,1253453,958261,26928,14814,26371,15633,$60000,34.44sec 600m,$5400,AUS
01/08/2026 00:00:00,Belmont Park,3,01-Aug-2026 13:39,1000,3yo+,BenchMark 66+,54,Of $80000  -  1st  $43840 | 2nd  $14880| 3rd  $7040| 4th  $3120| 5th  $2320,,Handicap,Congratulations Holly Nottle - Leading Apprentice 25/26 (Bm66+),Apprentices Can Claim,Long Service Leaf,4,Gelding,Long Leaf,Enshrined,6,Chris Parnham,1,N D Parnham,57,0,1613x1146,8:4-0-1,5: 4-0-0,7: 4-0-1,5: 4-0-0,0:0-0-0,6:3-0-1,2:1-0-0,0:0-0-0,0:0-0-0,2:2-0-0,2:1-0-0,$189 240,1,BenchMark 72+,1000,C Parnham,2.6,25/07/26,Bisley Workwear (Bm72+),1-Pin Deep,6,1.9,00:57.91,Belmont Park,Good 4,54,0:0-0-0,241634,1358381,1124881,10820,15179,10820,15179,$80000,33.40sec 600m,$1440,AUS
01/08/2026 00:00:00,Belmont Park,3,01-Aug-2026 13:39,1000,3yo+,BenchMark 66+,54,Of $80000  -  1st  $43840 | 2nd  $14880| 3rd  $7040| 4th  $3120| 5th  $2320,,Handicap,Congratulations Holly Nottle - Leading Apprentice 25/26 (Bm66+),Apprentices Can Claim,Long Service Leaf,4,Gelding,Long Leaf,Enshrined,6,Chris Parnham,1,N D Parnham,57,0,1613x1146,8:4-0-1,5: 4-0-0,7: 4-0-1,5: 4-0-0,0:0-0-0,6:3-0-1,2:1-0-0,0:0-0-0,0:0-0-0,2:2-0-0,2:1-0-0,$189 240,2,Open,1200,C Parnham,1.9,13/06/26,Morley Growers Market Hcp,1-Bassett Hound,4,3.1,01:12.17,Belmont Park,Soft 6,59,0:0-0-0,240420,1348933,1124881,10820,15179,10820,15179,$80000,34.02sec 600m,$3120,AUS
01/08/2026 00:00:00,Belmont Park,3,01-Aug-2026 13:39,1000,3yo+,BenchMark 66+,54,Of $80000  -  1st  $43840 | 2nd  $14880| 3rd  $7040| 4th  $3120| 5th  $2320,,Handicap,Congratulations Holly Nottle - Leading Apprentice 25/26 (Bm66+),Apprentices Can Claim,Long Service Leaf,4,Gelding,Long Leaf,Enshrined,6,Chris Parnham,1,N D Parnham,57,0,1613x1146,8:4-0-1,5: 4-0-0,7: 4-0-1,5: 4-0-0,0:0-0-0,6:3-0-1,2:1-0-0,0:0-0-0,0:0-0-0,2:2-0-0,2:1-0-0,$189 240,6,Open,1000,C Parnham,1.2,30/05/26,TABtouch Punters Club Now On Sale Hcp,2-Eternal Wine,1,3.2,00:57.99,Belmont Park,Soft 6,58,0:0-0-0,240026,1345858,1124881,10820,15179,10820,15179,$80000,33.73sec 600m,$43840,AUS
01/08/2026 00:00:00,Belmont Park,3,01-Aug-2026 13:39,1000,3yo+,BenchMark 66+,54,Of $80000  -  1st  $43840 | 2nd  $14880| 3rd  $7040| 4th  $3120| 5th  $2320,,Handicap,Congratulations Holly Nottle - Leading Apprentice 25/26 (Bm66+),Apprentices Can Claim,Long Service Leaf,4,Gelding,Long Leaf,Enshrined,6,Chris Parnham,1,N D Parnham,57,0,1613x1146,8:4-0-1,5: 4-0-0,7: 4-0-1,5: 4-0-0,0:0-0-0,6:3-0-1,2:1-0-0,0:0-0-0,0:0-0-0,2:2-0-0,2:1-0-0,$189 240,2,Class 5,1000,C Parnham,0.3,20/05/26,Kalgoorlie-Boulder Reunion Hcp (C5),2-Under Influence,1,1.85,00:57.83,Belmont Park,Good 4,57.5,0:0-0-0,239745,1343863,1124881,10820,15179,10820,15179,$30000,33.56sec 600m,$16440,AUS
01/08/2026 00:00:00,Belmont Park,3,01-Aug-2026 13:39,1000,3yo+,BenchMark 66+,54,Of $80000  -  1st  $43840 | 2nd  $14880| 3rd  $7040| 4th  $3120| 5th  $2320,,Handicap,Congratulations Holly Nottle - Leading Apprentice 25/26 (Bm66+),Apprentices Can Claim,Long Service Leaf,4,Gelding,Long Leaf,Enshrined,6,Chris Parnham,1,N D Parnham,57,0,1613x1146,8:4-0-1,5: 4-0-0,7: 4-0-1,5: 4-0-0,0:0-0-0,6:3-0-1,2:1-0-0,0:0-0-0,0:0-0-0,2:2-0-0,2:1-0-0,$189 240,4,Rst 0 Met Win-LY,1200,B Parnham,3.4,12/11/25,TABtouch - Have You Got The Touch (Rs0ly),1-Hot And High,3,4.4,01:10.91,Belmont Park,Good 4,60,0:0-0-0,235255,1310455,1124881,10820,15179,10820,13271,$35000,00.00sec 0m,$3080,AUS
01/08/2026 00:00:00,Belmont Park,3,01-Aug-2026 13:39,1000,3yo+,BenchMark 66+,54,Of $80000  -  1st  $43840 | 2nd  $14880| 3rd  $7040| 4th  $3120| 5th  $2320,,Handicap,Congratulations Holly Nottle - Leading Apprentice 25/26 (Bm66+),Apprentices Can Claim,Long Service Leaf,4,Gelding,Long Leaf,Enshrined,6,Chris Parnham,1,N D Parnham,57,0,1613x1146,8:4-0-1,5: 4-0-0,7: 4-0-1,5: 4-0-0,0:0-0-0,6:3-0-1,2:1-0-0,0:0-0-0,0:0-0-0,2:2-0-0,2:1-0-0,$189 240,7,Class 3,1000,C Parnham,0.7,29/10/25,MCA Polytrack Hcp (C3),2-Call Of Duty,1,3.6,00:58.43,Belmont Park,Good 4,56,0:0-0-0,234838,1307933,1124881,10820,15179,10820,15179,$30000,33.19sec 600m,$16440,AUS
01/08/2026 00:00:00,Belmont Park,3,01-Aug-2026 13:39,1000,3yo+,BenchMark 66+,54,Of $80000  -  1st  $43840 | 2nd  $14880| 3rd  $7040| 4th  $3120| 5th  $2320,,Handicap,Congratulations Holly Nottle - Leading Apprentice 25/26 (Bm66+),Apprentices Can Claim,Long Service Leaf,4,Gelding,Long Leaf,Enshrined,6,Chris Parnham,1,N D Parnham,57,0,1613x1146,8:4-0-1,5: 4-0-0,7: 4-0-1,5: 4-0-0,0:0-0-0,6:3-0-1,2:1-0-0,0:0-0-0,0:0-0-0,2:2-0-0,2:1-0-0,$189 240,2,Rst 0 Met Win-LY,1200,C Parnham,1.0,15/10/25,Murlpirrmarra Connection (Rs0ly),1-Testy Pharoah,6,1.55,01:11.84,Ascot,Good 4,59,0:0-0-0,234412,1304902,1124881,10820,15179,10820,15179,$35000,34.92sec 600m,$630,AUS
01/08/2026 00:00:00,Belmont Park,3,01-Aug-2026 13:39,1000,3yo+,BenchMark 66+,54,Of $80000  -  1st  $43840 | 2nd  $14880| 3rd  $7040| 4th  $3120| 5th  $2320,,Handicap,Congratulations Holly Nottle - Leading Apprentice 25/26 (Bm66+),Apprentices Can Claim,Long Service Leaf,4,Gelding,Long Leaf,Enshrined,6,Chris Parnham,1,N D Parnham,57,0,1613x1146,8:4-0-1,5: 4-0-0,7: 4-0-1,5: 4-0-0,0:0-0-0,6:3-0-1,2:1-0-0,0:0-0-0,0:0-0-0,2:2-0-0,2:1-0-0,$189 240,6,Maiden,1000,C Parnham,0.7,24/09/25,Wittens Irrigation & Design Mdn,2-Conchetta's Dream,1,3,00:58.45,Belmont Park,Good 4,57,0:0-0-0,233848,1300520,1124881,10820,15179,10820,15179,$25000,34.19sec 600m,$13700,AUS
01/08/2026 00:00:00,Belmont Park,3,01-Aug-2026 13:39,1000,3yo+,BenchMark 66+,54,Of $80000  -  1st  $43840 | 2nd  $14880| 3rd  $7040| 4th  $3120| 5th  $2320,,Handicap,Congratulations Holly Nottle - Leading Apprentice 25/26 (Bm66+),Apprentices Can Claim,Girls Day Out,5,Mare,Long Leaf,Radiant Diva,7,B Parnham,5,D L Morton,56,0,2223x1521x18,12:4-4-2,4: 1-2-0,4: 1-0-1,1: 0-0-0,0:0-0-0,6:2-2-1,6:2-2-1,0:0-0-0,0:0-0-0,4:3-0-1,3:0-1-0,$160 690,4,BenchMark 72+,1200,L Fiore,3.4,18/07/26,Budget Car And Truck Rental (Bm72+),1-Urquharts Bluff,8,5,01:12.54,Belmont Park,Soft 7,54,0:0-0-0,241452,1356904,992497,23498,13271,23498,15372,$80000,35.30sec 600m,$1440,AUS
01/08/2026 00:00:00,Belmont Park,3,01-Aug-2026 13:39,1000,3yo+,BenchMark 66+,54,Of $80000  -  1st  $43840 | 2nd  $14880| 3rd  $7040| 4th  $3120| 5th  $2320,,Handicap,Congratulations Holly Nottle - Leading Apprentice 25/26 (Bm66+),Apprentices Can Claim,Girls Day Out,5,Mare,Long Leaf,Radiant Diva,7,B Parnham,5,D L Morton,56,0,2223x1521x18,12:4-4-2,4: 1-2-0,4: 1-0-1,1: 0-0-0,0:0-0-0,6:2-2-1,6:2-2-1,0:0-0-0,0:0-0-0,4:3-0-1,3:0-1-0,$160 690,8,Rst 0 Met Win-LY,1200,B Parnham,0.6,04/07/26,TABtouch - Westspeed Platinum (Rs0ly),2-Mai Aloha,1,6,01:12.12,Belmont Park,Soft 6,59,0:0-0-0,241063,1353813,992497,23498,13271,23498,13271,$40000,35.56sec 600m,$21920,AUS
01/08/2026 00:00:00,Belmont Park,3,01-Aug-2026 13:39,1000,3yo+,BenchMark 66+,54,Of $80000  -  1st  $43840 | 2nd  $14880| 3rd  $7040| 4th  $3120| 5th  $2320,,Handicap,Congratulations Holly Nottle - Leading Apprentice 25/26 (Bm66+),Apprentices Can Claim,Girls Day Out,5,Mare,Long Leaf,Radiant Diva,7,B Parnham,5,D L Morton,56,0,2223x1521x18,12:4-4-2,4: 1-2-0,4: 1-0-1,1: 0-0-0,0:0-0-0,6:2-2-1,6:2-2-1,0:0-0-0,0:0-0-0,4:3-0-1,3:0-1-0,$160 690,5,Rst 0 Met Win-LY,1100,L Fiore,0.2,01/04/26,TABtouch - Westspeed Platinum (Rs0ly),2-Rise To Glory,1,4.8,01:04.90,Ascot,Soft 5,57,0:0-0-0,238354,1333693,992497,23498,13271,23498,15372,$40000,35.27sec 600m,$21920,AUS
01/08/2026 00:00:00,Belmont Park,3,01-Aug-2026 13:39,1000,3yo+,BenchMark 66+,54,Of $80000  -  1st  $43840 | 2nd  $14880| 3rd  $7040| 4th  $3120| 5th  $2320,,Handicap,Congratulations Holly Nottle - Leading Apprentice 25/26 (Bm66+),Apprentices Can Claim,Girls Day Out,5,Mare,Long Leaf,Radiant Diva,7,B Parnham,5,D L Morton,56,0,2223x1521x18,12:4-4-2,4: 1-2-0,4: 1-0-1,1: 0-0-0,0:0-0-0,6:2-2-1,6:2-2-1,0:0-0-0,0:0-0-0,4:3-0-1,3:0-1-0,$160 690,5,Rst 0 Met Win-LY,1200,B Parnham,0.1,07/03/26,Bunbury Brighter (Rs0ly),1-Fantaxtic,2,3.6,01:10.37,Bunbury,Good 4,56.5,0:0-0-0,237789,1329365,992497,23498,13271,23498,13271,$40000,34.58sec 600m,$7440,AUS
01/08/2026 00:00:00,Belmont Park,3,01-Aug-2026 13:39,1000,3yo+,BenchMark 66+,54,Of $80000  -  1st  $43840 | 2nd  $14880| 3rd  $7040| 4th  $3120| 5th  $2320,,Handicap,Congratulations Holly Nottle - Leading Apprentice 25/26 (Bm66+),Apprentices Can Claim,Girls Day Out,5,Mare,Long Leaf,Radiant Diva,7,B Parnham,5,D L Morton,56,0,2223x1521x18,12:4-4-2,4: 1-2-0,4: 1-0-1,1: 0-0-0,0:0-0-0,6:2-2-1,6:2-2-1,0:0-0-0,0:0-0-0,4:3-0-1,3:0-1-0,$160 690,1,Rst 0 Met Win-LY,1000,L Fiore,3.4,11/02/26,Quayclean (Rs0ly),1-Tycoon Harry,5,2.35,00:58.13,Belmont Park,Good 3,55.5,0:0-0-0,237260,1325332,992497,23498,13271,23498,15372,$35000,34.13sec 600m,$1015,AUS
01/08/2026 00:00:00,Belmont Park,3,01-Aug-2026 13:39,1000,3yo+,BenchMark 66+,54,Of $80000  -  1st  $43840 | 2nd  $14880| 3rd  $7040| 4th  $3120| 5th  $2320,,Handicap,Congratulations Holly Nottle - Leading Apprentice 25/26 (Bm66+),Apprentices Can Claim,Girls Day Out,5,Mare,Long Leaf,Radiant Diva,7,B Parnham,5,D L Morton,56,0,2223x1521x18,12:4-4-2,4: 1-2-0,4: 1-0-1,1: 0-0-0,0:0-0-0,6:2-2-1,6:2-2-1,0:0-0-0,0:0-0-0,4:3-0-1,3:0-1-0,$160 690,7,Class 1,1000,L Fiore,0.4,28/01/26,Quayclean Hcp (C1),2-Don't Wink,1,2.4,00:58.59,Ascot,Good 4,59,0:0-0-0,236996,1323328,992497,23498,13271,23498,15372,$30000,34.15sec 600m,$16440,AUS
01/08/2026 00:00:00,Belmont Park,3,01-Aug-2026 13:39,1000,3yo+,BenchMark 66+,54,Of $80000  -  1st  $43840 | 2nd  $14880| 3rd  $7040| 4th  $3120| 5th  $2320,,Handicap,Congratulations Holly Nottle - Leading Apprentice 25/26 (Bm66+),Apprentices Can Claim,Girls Day Out,5,Mare,Long Leaf,Radiant Diva,7,B Parnham,5,D L Morton,56,0,2223x1521x18,12:4-4-2,4: 1-2-0,4: 1-0-1,1: 0-0-0,0:0-0-0,6:2-2-1,6:2-2-1,0:0-0-0,0:0-0-0,4:3-0-1,3:0-1-0,$160 690,2,Class 3,1300,B Parnham,2.7,16/07/25,TABtouch Better Your Bet Hcp (C3),1-Kervette,3,3.6,01:19.53,Northam,Soft 5,57,0:0-0-0,231964,1285587,992497,23498,13271,23498,13271,$30000,33.95sec 600m,$2640,AUS
01/08/2026 00:00:00,Belmont Park,3,01-Aug-2026 13:39,1000,3yo+,BenchMark 66+,54,Of $80000  -  1st  $43840 | 2nd  $14880| 3rd  $7040| 4th  $3120| 5th  $2320,,Handicap,Congratulations Holly Nottle - Leading Apprentice 25/26 (Bm66+),Apprentices Can Claim,Girls Day Out,5,Mare,Long Leaf,Radiant Diva,7,B Parnham,5,D L Morton,56,0,2223x1521x18,12:4-4-2,4: 1-2-0,4: 1-0-1,1: 0-0-0,0:0-0-0,6:2-2-1,6:2-2-1,0:0-0-0,0:0-0-0,4:3-0-1,3:0-1-0,$160 690,6,Class 1,1275,T Murray,3.3,03/07/25,Bunbury Volkswagen Hcp (C1),1-Land Of Fire,2,2.6,01:19.62,Bunbury Fibre Sand,Good ,55,0:0-0-0,231555,1282431,992497,23498,13271,23498,17704,$30000,00.00sec 0m,$5580,AUS
01/08/2026 00:00:00,Belmont Park,3,01-Aug-2026 13:39,1000,3yo+,BenchMark 66+,54,Of $80000  -  1st  $43840 | 2nd  $14880| 3rd  $7040| 4th  $3120| 5th  $2320,,Handicap,Congratulations Holly Nottle - Leading Apprentice 25/26 (Bm66+),Apprentices Can Claim,Girls Day Out,5,Mare,Long Leaf,Radiant Diva,7,B Parnham,5,D L Morton,56,0,2223x1521x18,12:4-4-2,4: 1-2-0,4: 1-0-1,1: 0-0-0,0:0-0-0,6:2-2-1,6:2-2-1,0:0-0-0,0:0-0-0,4:3-0-1,3:0-1-0,$160 690,2,Rst 0 Met Win-LY,1000,L Campbell,1.2,18/06/25,Breathe Accounting (Rs0ly),1-Coondle,2,2,00:59.69,Bunbury,Soft 7,57.5,0:0-0-0,231110,1279038,992497,23498,13271,23498,16928,$35000,00.00sec 0m,$6510,AUS
01/08/2026 00:00:00,Belmont Park,3,01-Aug-2026 13:39,1000,3yo+,BenchMark 66+,54,Of $80000  -  1st  $43840 | 2nd  $14880| 3rd  $7040| 4th  $3120| 5th  $2320,,Handicap,Congratulations Holly Nottle - Leading Apprentice 25/26 (Bm66+),Apprentices Can Claim,Girls Day Out,5,Mare,Long Leaf,Radiant Diva,7,B Parnham,5,D L Morton,56,0,2223x1521x18,12:4-4-2,4: 1-2-0,4: 1-0-1,1: 0-0-0,0:0-0-0,6:2-2-1,6:2-2-1,0:0-0-0,0:0-0-0,4:3-0-1,3:0-1-0,$160 690,5,Class 3,1000,L Campbell,0.4,04/06/25,Liquor Barons Northam Hcp (C3),1-Empress Of India,2,1.9,00:58.86,Northam,Soft 6,56,0:0-0-0,230690,1275764,992497,23498,13271,23498,16928,$30000,33.70sec 600m,$5580,AUS
01/08/2026 00:00:00,Belmont Park,3,01-Aug-2026 13:39,1000,3yo+,BenchMark 66+,54,Of $80000  -  1st  $43840 | 2nd  $14880| 3rd  $7040| 4th  $3120| 5th  $2320,,Handicap,Congratulations Holly Nottle - Leading Apprentice 25/26 (Bm66+),Apprentices Can Claim,Bonnie Lad,7,Gelding,Snippetson,Not So Pretty,8,Zephen Johnston-Porter,3,C & M Gangemi,54.5,0,620900x2581,36:7-5-3,23: 5-2-1,11: 2-2-0,10: 2-2-0,0:0-0-0,21:4-3-1,13:3-2-1,2:0-0-1,0:0-0-0,7:2-2-0,7:2-1-0,$232 554,3,Rest 1 Metro Win,1000,C Johnston-Porter,0.0,11/07/26,Glenroy Chaff (Rs1mw),2-Excess Baggage,1,17,00:58.53,Belmont Park,Good 4,55.5,0:0-0-0,241265,1355403,960806,27659,17062,27659,15478,$60000,34.45sec 600m,$32880,AUS
01/08/2026 00:00:00,Belmont Park,3,01-Aug-2026 13:39,1000,3yo+,BenchMark 66+,54,Of $80000  -  1st  $43840 | 2nd  $14880| 3rd  $7040| 4th  $3120| 5th  $2320,,Handicap,Congratulations Holly Nottle - Leading Apprentice 25/26 (Bm66+),Apprentices Can Claim,Bonnie Lad,7,Gelding,Snippetson,Not So Pretty,8,Zephen Johnston-Porter,3,C & M Gangemi,54.5,0,620900x2581,36:7-5-3,23: 5-2-1,11: 2-2-0,10: 2-2-0,0:0-0-0,21:4-3-1,13:3-2-1,2:0-0-1,0:0-0-0,7:2-2-0,7:2-1-0,$232 554,10,Rest 1 Metro Win,1000,J Turner,7.2,20/06/26,Unite Resourcing (Rs1mw),1-Zourun Run,8,71,00:58.31,Belmont Park,Good 4,56.5,0:0-0-0,240643,1350607,960806,27659,17062,27659,15458,$60000,33.55sec 600m,$1080,AUS
01/08/2026 00:00:00,Belmont Park,3,01-Aug-2026 13:39,1000,3yo+,BenchMark 66+,54,Of $80000  -  1st  $43840 | 2nd  $14880| 3rd  $7040| 4th  $3120| 5th  $2320,,Handicap,Congratulations Holly Nottle - Leading Apprentice 25/26 (Bm66+),Apprentices Can Claim,Bonnie Lad,7,Gelding,Snippetson,Not So Pretty,8,Zephen Johnston-Porter,3,C & M Gangemi,54.5,0,620900x2581,36:7-5-3,23: 5-2-1,11: 2-2-0,10: 2-2-0,0:0-0-0,21:4-3-1,13:3-2-1,2:0-0-1,0:0-0-0,7:2-2-0,7:2-1-0,$232 554,3,BenchMark 66+,1000,J Turner,3.2,06/06/26,Glenroy Chaff (Bm66+),1-Xentaro,5,19,00:57.36,Belmont Park,Good 4,55,0:0-0-0,240215,1347361,960806,27659,17062,27659,15458,$80000,33.30sec 600m,$2320,AUS
01/08/2026 00:00:00,Belmont Park,3,01-Aug-2026 13:39,1000,3yo+,BenchMark 66+,54,Of $80000  -  1st  $43840 | 2nd  $14880| 3rd  $7040| 4th  $3120| 5th  $2320,,Handicap,Congratulations Holly Nottle - Leading Apprentice 25/26 (Bm66+),Apprentices Can Claim,Bonnie Lad,7,Gelding,Snippetson,Not So Pretty,8,Zephen Johnston-Porter,3,C & M Gangemi,54.5,0,620900x2581,36:7-5-3,23: 5-2-1,11: 2-2-0,10: 2-2-0,0:0-0-0,21:4-3-1,13:3-2-1,2:0-0-1,0:0-0-0,7:2-2-0,7:2-1-0,$232 554,10,Rest 1 Metro Win,1000,J Turner,1.5,16/05/26,The Lawn Pride Australia (Rs1mw),1-Xentaro,2,91,00:58.32,Belmont Park,Soft 5,56.5,0:0-0-0,239612,1342847,960806,27659,17062,27659,15458,$60000,33.78sec 600m,$11160,AUS
01/08/2026 00:00:00,Belmont Park,3,01-Aug-2026 13:39,1000,3yo+,BenchMark 66+,54,Of $80000  -  1st  $43840 | 2nd  $14880| 3rd  $7040| 4th  $3120| 5th  $2320,,Handicap,Congratulations Holly Nottle - Leading Apprentice 25/26 (Bm66+),Apprentices Can Claim,Bonnie Lad,7,Gelding,Snippetson,Not So Pretty,8,Zephen Johnston-Porter,3,C & M Gangemi,54.5,0,620900x2581,36:7-5-3,23: 5-2-1,11: 2-2-0,10: 2-2-0,0:0-0-0,21:4-3-1,13:3-2-1,2:0-0-1,0:0-0-0,7:2-2-0,7:2-1-0,$232 554,14,Rst 0 Met Win-LY,1000,S Mc Gruddy,4.5,29/11/25,Share Bets With TABtouch Bet Loop (Rs0ly),1-Santanova,12,91,00:57.96,Ascot,Good 4,56.5,0:0-0-0,235666,1313765,960806,27659,17062,27659,4651,$40000,34.67sec 600m,$0,AUS
01/08/2026 00:00:00,Belmont Park,3,01-Aug-2026 13:39,1000,3yo+,BenchMark 66+,54,Of $80000  -  1st  $43840 | 2nd  $14880| 3rd  $7040| 4th  $3120| 5th  $2320,,Handicap,Congratulations Holly Nottle - Leading Apprentice 25/26 (Bm66+),Apprentices Can Claim,Bonnie Lad,7,Gelding,Snippetson,Not So Pretty,8,Zephen Johnston-Porter,3,C & M Gangemi,54.5,0,620900x2581,36:7-5-3,23: 5-2-1,11: 2-2-0,10: 2-2-0,0:0-0-0,21:4-3-1,13:3-2-1,2:0-0-1,0:0-0-0,7:2-2-0,7:2-1-0,$232 554,12,BenchMark 66+,1000,L Ramoly,5.7,15/11/25,Jess Parnham 40th Birthday (Bm66+),1-Jaz Session,11,101,00:58.41,Ascot,Good 4,54,0:0-0-0,235353,1311297,960806,27659,17062,27659,16432,$80000,34.25sec 600m,$0,AUS
01/08/2026 00:00:00,Belmont Park,3,01-Aug-2026 13:39,1000,3yo+,BenchMark 66+,54,Of $80000  -  1st  $43840 | 2nd  $14880| 3rd  $7040| 4th  $3120| 5th  $2320,,Handicap,Congratulations Holly Nottle - Leading Apprentice 25/26 (Bm66+),Apprentices Can Claim,Bonnie Lad,7,Gelding,Snippetson,Not So Pretty,8,Zephen Johnston-Porter,3,C & M Gangemi,54.5,0,620900x2581,36:7-5-3,23: 5-2-1,11: 2-2-0,10: 2-2-0,0:0-0-0,21:4-3-1,13:3-2-1,2:0-0-1,0:0-0-0,7:2-2-0,7:2-1-0,$232 554,10,Rest 1 Metro Win,1000,J Turner,3.3,25/10/25,Johnny Fox's (Rs1mw),1-Rolling Ruler,9,26,00:58.78,Ascot,Soft 5,58.5,0:0-0-0,234704,1306929,960806,27659,17062,27659,15458,$60000,34.16sec 600m,$1080,AUS
01/08/2026 00:00:00,Belmont Park,3,01-Aug-2026 13:39,1000,3yo+,BenchMark 66+,54,Of $80000  -  1st  $43840 | 2nd  $14880| 3rd  $7040| 4th  $3120| 5th  $2320,,Handicap,Congratulations Holly Nottle - Leading Apprentice 25/26 (Bm66+),Apprentices Can Claim,Bonnie Lad,7,Gelding,Snippetson,Not So Pretty,8,Zephen Johnston-Porter,3,C & M Gangemi,54.5,0,620900x2581,36:7-5-3,23: 5-2-1,11: 2-2-0,10: 2-2-0,0:0-0-0,21:4-3-1,13:3-2-1,2:0-0-1,0:0-0-0,7:2-2-0,7:2-1-0,$232 554,8,BenchMark 66+,1100,S Parnham,19.0,04/10/25,Yarradale Stud Ron Sayers Sprint (Bm66+),1-Immortal Bliss,12,26,01:04.13,Kalgoorlie,Good 4,55.5,0:0-0-0,234092,1302501,960806,27659,17062,27659,12664,$100000,34.33sec 600m,$0,AUS
01/08/2026 00:00:00,Belmont Park,3,01-Aug-2026 13:39,1000,3yo+,BenchMark 66+,54,Of $80000  -  1st  $43840 | 2nd  $14880| 3rd  $7040| 4th  $3120| 5th  $2320,,Handicap,Congratulations Holly Nottle - Leading Apprentice 25/26 (Bm66+),Apprentices Can Claim,Bonnie Lad,7,Gelding,Snippetson,Not So Pretty,8,Zephen Johnston-Porter,3,C & M Gangemi,54.5,0,620900x2581,36:7-5-3,23: 5-2-1,11: 2-2-0,10: 2-2-0,0:0-0-0,21:4-3-1,13:3-2-1,2:0-0-1,0:0-0-0,7:2-2-0,7:2-1-0,$232 554,3,Rest 1 Metro Win,1000,Z Johnston-Porter,0.2,20/09/25,Budget Mini Bus (Rs1mw),1-Black Ora,2,8,00:59.22,Belmont Park,Soft 5,56.5,0:0-0-0,233716,1299472,960806,27659,17062,27659,17062,$60000,34.63sec 600m,$11160,AUS
01/08/2026 00:00:00,Belmont Park,3,01-Aug-2026 13:39,1000,3yo+,BenchMark 66+,54,Of $80000  -  1st  $43840 | 2nd  $14880| 3rd  $7040| 4th  $3120| 5th  $2320,,Handicap,Congratulations Holly Nottle - Leading Apprentice 25/26 (Bm66+),Apprentices Can Claim,Bonnie Lad,7,Gelding,Snippetson,Not So Pretty,8,Zephen Johnston-Porter,3,C & M Gangemi,54.5,0,620900x2581,36:7-5-3,23: 5-2-1,11: 2-2-0,10: 2-2-0,0:0-0-0,21:4-3-1,13:3-2-1,2:0-0-1,0:0-0-0,7:2-2-0,7:2-1-0,$232 554,4,Rest 1 Metro Win,1000,J Turner,2.5,30/08/25,Mrs Mac's (Rs1mw),1-Niccimota,6,18,00:59.37,Belmont Park,Soft 6,60,0:0-0-0,233133,1294865,960806,27659,17062,27659,15458,$60000,34.95sec 600m,$1080,AUS
01/08/2026 00:00:00,Belmont Park,3,01-Aug-2026 13:39,1000,3yo+,BenchMark 66+,54,Of $80000  -  1st  $43840 | 2nd  $14880| 3rd  $7040| 4th  $3120| 5th  $2320,,Handicap,Congratulations Holly Nottle - Leading Apprentice 25/26 (Bm66+),Apprentices Can Claim,Excess Baggage,4,Mare,Exceedance,Acacia Road,9,Holly Watson,6,Luke Fernie,54,0,271x7126x2,8:2-3-0,4: 1-3-0,4: 1-2-0,2: 0-2-0,0:0-0-0,6:2-2-0,2:0-1-0,0:0-0-0,0:0-0-0,3:0-2-0,2:1-0-0,$68 550,11,Rest 1 Metro Win,1000,H Watson,0.0,11/07/26,Glenroy Chaff (Rs1mw),1-Bonnie Lad,2,14,00:58.53,Belmont Park,Good 4,55,0:0-0-0,241265,1355403,1117365,27420,16516,27420,16516,$60000,34.45sec 600m,$11160,AUS
01/08/2026 00:00:00,Belmont Park,3,01-Aug-2026 13:39,1000,3yo+,BenchMark 66+,54,Of $80000  -  1st  $43840 | 2nd  $14880| 3rd  $7040| 4th  $3120| 5th  $2320,,Handicap,Congratulations Holly Nottle - Leading Apprentice 25/26 (Bm66+),Apprentices Can Claim,Excess Baggage,4,Mare,Exceedance,Acacia Road,9,Holly Watson,6,Luke Fernie,54,0,271x7126x2,8:2-3-0,4: 1-3-0,4: 1-2-0,2: 0-2-0,0:0-0-0,6:2-2-0,2:0-1-0,0:0-0-0,0:0-0-0,3:0-2-0,2:1-0-0,$68 550,3,Open,1200,C Parnham,7.4,21/03/26,MC Polytrack Hcp,1-Holler Nuff,6,5.5,01:09.66,Ascot,Good 4,55.5,0:0-0-0,238123,1331981,1117365,27420,16516,27420,15179,$80000,34.75sec 600m,$1440,AUS
01/08/2026 00:00:00,Belmont Park,3,01-Aug-2026 13:39,1000,3yo+,BenchMark 66+,54,Of $80000  -  1st  $43840 | 2nd  $14880| 3rd  $7040| 4th  $3120| 5th  $2320,,Handicap,Congratulations Holly Nottle - Leading Apprentice 25/26 (Bm66+),Apprentices Can Claim,Excess Baggage,4,Mare,Exceedance,Acacia Road,9,Holly Watson,6,Luke Fernie,54,0,271x7126x2,8:2-3-0,4: 1-3-0,4: 1-2-0,2: 0-2-0,0:0-0-0,6:2-2-0,2:0-1-0,0:0-0-0,0:0-0-0,3:0-2-0,2:1-0-0,$68 550,8,Rest 1 Metro Win,1000,B Parnham,0.2,28/02/26,Mrs Mac's (Rs1mw),1-Pingers,2,6,00:58.66,Ascot,Good 4,54,0:0-0-0,237645,1328280,1117365,27420,16516,27420,13271,$60000,34.64sec 600m,$11160,AUS
01/08/2026 00:00:00,Belmont Park,3,01-Aug-2026 13:39,1000,3yo+,BenchMark 66+,54,Of $80000  -  1st  $43840 | 2nd  $14880| 3rd  $7040| 4th  $3120| 5th  $2320,,Handicap,Congratulations Holly Nottle - Leading Apprentice 25/26 (Bm66+),Apprentices Can Claim,Excess Baggage,4,Mare,Exceedance,Acacia Road,9,Holly Watson,6,Luke Fernie,54,0,271x7126x2,8:2-3-0,4: 1-3-0,4: 1-2-0,2: 0-2-0,0:0-0-0,6:2-2-0,2:0-1-0,0:0-0-0,0:0-0-0,3:0-2-0,2:1-0-0,$68 550,10,Class 1,1200,W Pike,0.3,11/02/26,Morley Growers Market Hcp (C1),2-Miss Valmalenco,1,1.6,01:11.74,Belmont Park,Good 3,57,0:0-0-0,237260,1325331,1117365,27420,16516,27420,12691,$30000,35.43sec 600m,$16440,AUS
01/08/2026 00:00:00,Belmont Park,3,01-Aug-2026 13:39,1000,3yo+,BenchMark 66+,54,Of $80000  -  1st  $43840 | 2nd  $14880| 3rd  $7040| 4th  $3120| 5th  $2320,,Handicap,Congratulations Holly Nottle - Leading Apprentice 25/26 (Bm66+),Apprentices Can Claim,Excess Baggage,4,Mare,Exceedance,Acacia Road,9,Holly Watson,6,Luke Fernie,54,0,271x7126x2,8:2-3-0,4: 1-3-0,4: 1-2-0,2: 0-2-0,0:0-0-0,6:2-2-0,2:0-1-0,0:0-0-0,0:0-0-0,3:0-2-0,2:1-0-0,$68 550,6,Listed,1200,H Watson,2.5,01/02/26,Greenfields Lodge Western Australian Breeders' Classic,1-Playin'it Sweet,7,9,01:10.17,Bunbury,Good 4,53,0:0-0-0,237059,1323861,1117365,27420,16516,27420,16516,$125000,33.91sec 600m,$2250,AUS
01/08/2026 00:00:00,Belmont Park,3,01-Aug-2026 13:39,1000,3yo+,BenchMark 66+,54,Of $80000  -  1st  $43840 | 2nd  $14880| 3rd  $7040| 4th  $3120| 5th  $2320,,Handicap,Congratulations Holly Nottle - Leading Apprentice 25/26 (Bm66+),Apprentices Can Claim,Excess Baggage,4,Mare,Exceedance,Acacia Road,9,Holly Watson,6,Luke Fernie,54,0,271x7126x2,8:2-3-0,4: 1-3-0,4: 1-2-0,2: 0-2-0,0:0-0-0,6:2-2-0,2:0-1-0,0:0-0-0,0:0-0-0,3:0-2-0,2:1-0-0,$68 550,7,Maiden,1000,J Azzopardi,0.3,29/09/25,Pud Worthington Memorial Mdn,2-Heaven Specified,1,3.2,00:59.21,Bunbury,Good 4,54,0:0-0-0,233942,1301269,1117365,27420,16516,27420,14814,$25000,34.37sec 600m,$13700,AUS
01/08/2026 00:00:00,Belmont Park,3,01-Aug-2026 13:39,1000,3yo+,BenchMark 66+,54,Of $80000  -  1st  $43840 | 2nd  $14880| 3rd  $7040| 4th  $3120| 5th  $2320,,Handicap,Congratulations Holly Nottle - Leading Apprentice 25/26 (Bm66+),Apprentices Can Claim,Excess Baggage,4,Mare,Exceedance,Acacia Road,9,Holly Watson,6,Luke Fernie,54,0,271x7126x2,8:2-3-0,4: 1-3-0,4: 1-2-0,2: 0-2-0,0:0-0-0,6:2-2-0,2:0-1-0,0:0-0-0,0:0-0-0,3:0-2-0,2:1-0-0,$68 550,8,Open,1200,J Azzopardi,1.9,13/09/25,Perth Racing Now Hiring Carnival Staff Plate,1-Swingman,7,13,01:11.63,Belmont Park,Soft 5,54,0:0-0-0,233532,1297995,1117365,27420,16516,27420,14814,$80000,00.00sec 0m,$1440,AUS
01/08/2026 00:00:00,Belmont Park,3,01-Aug-2026 13:39,1000,3yo+,BenchMark 66+,54,Of $80000  -  1st  $43840 | 2nd  $14880| 3rd  $7040| 4th  $3120| 5th  $2320,,Handicap,Congratulations Holly Nottle - Leading Apprentice 25/26 (Bm66+),Apprentices Can Claim,Excess Baggage,4,Mare,Exceedance,Acacia Road,9,Holly Watson,6,Luke Fernie,54,0,271x7126x2,8:2-3-0,4: 1-3-0,4: 1-2-0,2: 0-2-0,0:0-0-0,6:2-2-0,2:0-1-0,0:0-0-0,0:0-0-0,3:0-2-0,2:1-0-0,$68 550,2,Open,1000,J Azzopardi,0.4,30/08/25,MCA Polytrack Plate,1-Who's Bent,2,4.4,00:59.86,Belmont Park,Soft 6,54,0:0-0-0,233133,1294863,1117365,27420,16516,27420,14814,$80000,35.50sec 600m,$14880,AUS
meeting date,track,race number,start time,distance,age restrictions,class restrictions,weight restrictions,race prizemoney,sex restrictions,weight type,race name,jockeys can claim,horse name,horse age,horse sex,horse sire,horse dam,horse number,horse jockey,horse barrier,horse trainer,horse weight,horse claim,horse last10,horse record,horse record distance,horse record track,horse record track distance,horse record firm,horse record good,horse record soft,horse record heavy,horse record jumps,horse record first up,horse record second up,horse prize money,form barrier,form class,form distance,form jockey,form margin,form meeting date,form name,form other runners,form position,form price,form time,form track,form track condition,form weight,horse record synthetic,meeting id, race id, horse id, horse trainer id, horse jockey id, form trainer id, form jockey id,prizemoney,sectional,prizemoney won,country
01/08/2026 00:00:00,Belmont Park,4,01-Aug-2026 14:14,1200,4yo+,Rst 0 Met Win-LY,54,Of $40000  -  1st  $21920 | 2nd  $7440| 3rd  $3520| 4th  $1560| 5th  $1160,,Handicap,TABtouch - Westspeed Platinum (Rs0ly),Apprentices Can Claim,Ruler Rocket,7,Gelding,Universal Ruler,Extreme Dreams,1,Cassey Martinan,9,B V Watkins,57,3,37196x0x3880,27:5-4-6,8: 0-1-3,8: 1-1-3,3: 0-0-2,0:0-0-0,21:5-3-4,5:0-1-2,1:0-0-0,0:0-0-0,6:0-2-1,5:2-0-2,$283 292,4,Rst 0 Met Win-LY,1400,C Martinan,5.1,11/07/26,TABtouch - Westspeed Platinum (Rs0ly),1-Kelvinater,10,9,01:25.27,Belmont Park,Good 4,58,0:0-0-0,241265,1355401,965052,20265,16738,20265,16738,$40000,36.21sec 600m,$720,AUS
01/08/2026 00:00:00,Belmont Park,4,01-Aug-2026 14:14,1200,4yo+,Rst 0 Met Win-LY,54,Of $40000  -  1st  $21920 | 2nd  $7440| 3rd  $3520| 4th  $1560| 5th  $1160,,Handicap,TABtouch - Westspeed Platinum (Rs0ly),Apprentices Can Claim,Ruler Rocket,7,Gelding,Universal Ruler,Extreme Dreams,1,Cassey Martinan,9,B V Watkins,57,3,37196x0x3880,27:5-4-6,8: 0-1-3,8: 1-1-3,3: 0-0-2,0:0-0-0,21:5-3-4,5:0-1-2,1:0-0-0,0:0-0-0,6:0-2-1,5:2-0-2,$283 292,1,BenchMark 72+,1200,J Whiting,7.2,27/06/26,Mrs Mac's (Bm72+),1-Charino,8,26,01:12.52,Belmont Park,Heavy 8,55,0:0-0-0,240853,1352207,965052,20265,16738,20265,10067,$80000,35.47sec 600m,$1440,AUS
01/08/2026 00:00:00,Belmont Park,4,01-Aug-2026 14:14,1200,4yo+,Rst 0 Met Win-LY,54,Of $40000  -  1st  $21920 | 2nd  $7440| 3rd  $3520| 4th  $1560| 5th  $1160,,Handicap,TABtouch - Westspeed Platinum (Rs0ly),Apprentices Can Claim,Ruler Rocket,7,Gelding,Universal Ruler,Extreme Dreams,1,Cassey Martinan,9,B V Watkins,57,3,37196x0x3880,27:5-4-6,8: 0-1-3,8: 1-1-3,3: 0-0-2,0:0-0-0,21:5-3-4,5:0-1-2,1:0-0-0,0:0-0-0,6:0-2-1,5:2-0-2,$283 292,12,Rst 0 Met Win-LY,1300,C Martinan,3.3,13/06/26,TABtouch - Westspeed Platinum Series (Rs0ly),1-Speed Bubble,8,26,01:17.83,Belmont Park,Soft 6,59.5,0:0-0-0,240420,1348935,965052,20265,16738,20265,16738,$40000,35.34sec 600m,$720,AUS
01/08/2026 00:00:00,Belmont Park,4,01-Aug-2026 14:14,1200,4yo+,Rst 0 Met Win-LY,54,Of $40000  -  1st  $21920 | 2nd  $7440| 3rd  $3520| 4th  $1560| 5th  $1160,,Handicap,TABtouch - Westspeed Platinum (Rs0ly),Apprentices Can Claim,Ruler Rocket,7,Gelding,Universal Ruler,Extreme Dreams,1,Cassey Martinan,9,B V Watkins,57,3,37196x0x3880,27:5-4-6,8: 0-1-3,8: 1-1-3,3: 0-0-2,0:0-0-0,21:5-3-4,5:0-1-2,1:0-0-0,0:0-0-0,6:0-2-1,5:2-0-2,$283 292,8,Rst 0 Met Win-LY,1200,C Martinan,1.6,30/05/26,TABtouch - Westspeed Platinum Series Heat 2 (Rs0ly),1-Mt Shirataku,3,71,01:11.19,Belmont Park,Soft 6,59.5,0:0-0-0,240026,1345864,965052,20265,16738,20265,16738,$40000,35.04sec 600m,$3520,AUS
01/08/2026 00:00:00,Belmont Park,4,01-Aug-2026 14:14,1200,4yo+,Rst 0 Met Win-LY,54,Of $40000  -  1st  $21920 | 2nd  $7440| 3rd  $3520| 4th  $1560| 5th  $1160,,Handicap,TABtouch - Westspeed Platinum (Rs0ly),Apprentices Can Claim,Ruler Rocket,7,Gelding,Universal Ruler,Extreme Dreams,1,Cassey Martinan,9,B V Watkins,57,3,37196x0x3880,27:5-4-6,8: 0-1-3,8: 1-1-3,3: 0-0-2,0:0-0-0,21:5-3-4,5:0-1-2,1:0-0-0,0:0-0-0,6:0-2-1,5:2-0-2,$283 292,14,BenchMark 66+,1200,T Turner,13.4,01/11/25,PKF Perth (Bm66+),1-Smooth Chino,15,201,01:10.89,Ascot,Good 4,59,0:0-0-0,234913,1308385,965052,20265,16738,20265,10117,$80000,34.77sec 600m,$0,AUS
01/08/2026 00:00:00,Belmont Park,4,01-Aug-2026 14:14,1200,4yo+,Rst 0 Met Win-LY,54,Of $40000  -  1st  $21920 | 2nd  $7440| 3rd  $3520| 4th  $1560| 5th  $1160,,Handicap,TABtouch - Westspeed Platinum (Rs0ly),Apprentices Can Claim,Ruler Rocket,7,Gelding,Universal Ruler,Extreme Dreams,1,Cassey Martinan,9,B V Watkins,57,3,37196x0x3880,27:5-4-6,8: 0-1-3,8: 1-1-3,3: 0-0-2,0:0-0-0,21:5-3-4,5:0-1-2,1:0-0-0,0:0-0-0,6:0-2-1,5:2-0-2,$283 292,5,BenchMark 66+,1200,B Gaerth,2.9,29/03/25,Bisley Workwear (Bm66+),1-Siberian Siren,6,31,01:10.96,Ascot,Good 4,57.5,0:0-0-0,228507,1261642,965052,20265,16738,20265,15260,$80000,34.39sec 600m,$1440,AUS
01/08/2026 00:00:00,Belmont Park,4,01-Aug-2026 14:14,1200,4yo+,Rst 0 Met Win-LY,54,Of $40000  -  1st  $21920 | 2nd  $7440| 3rd  $3520| 4th  $1560| 5th  $1160,,Handicap,TABtouch - Westspeed Platinum (Rs0ly),Apprentices Can Claim,Ruler Rocket,7,Gelding,Universal Ruler,Extreme Dreams,1,Cassey Martinan,9,B V Watkins,57,3,37196x0x3880,27:5-4-6,8: 0-1-3,8: 1-1-3,3: 0-0-2,0:0-0-0,21:5-3-4,5:0-1-2,1:0-0-0,0:0-0-0,6:0-2-1,5:2-0-2,$283 292,12,Open,1099,B Gaerth,4.7,16/03/25,Wellington & Reeves Bluff Knoll,1-Rope Them In,9,61,01:05.31,Albany,Soft 6,55,0:0-0-0,228089,1258838,965052,20265,16738,20265,15260,$370000,35.37sec 600m,$12500,AUS
01/08/2026 00:00:00,Belmont Park,4,01-Aug-2026 14:14,1200,4yo+,Rst 0 Met Win-LY,54,Of $40000  -  1st  $21920 | 2nd  $7440| 3rd  $3520| 4th  $1560| 5th  $1160,,Handicap,TABtouch - Westspeed Platinum (Rs0ly),Apprentices Can Claim,Ruler Rocket,7,Gelding,Universal Ruler,Extreme Dreams,1,Cassey Martinan,9,B V Watkins,57,3,37196x0x3880,27:5-4-6,8: 0-1-3,8: 1-1-3,3: 0-0-2,0:0-0-0,21:5-3-4,5:0-1-2,1:0-0-0,0:0-0-0,6:0-2-1,5:2-0-2,$283 292,4,Rest 1 Metro Win,1100,B Gaerth,0.6,08/03/25,Bunbury Volkswagen (Rs1mw),2-Prized Recruit,1,15,01:05.85,Bunbury,Good 4,58,0:0-0-0,227926,1257602,965052,20265,16738,20265,15260,$60000,35.38sec 600m,$32880,AUS
01/08/2026 00:00:00,Belmont Park,4,01-Aug-2026 14:14,1200,4yo+,Rst 0 Met Win-LY,54,Of $40000  -  1st  $21920 | 2nd  $7440| 3rd  $3520| 4th  $1560| 5th  $1160,,Handicap,TABtouch - Westspeed Platinum (Rs0ly),Apprentices Can Claim,Ruler Rocket,7,Gelding,Universal Ruler,Extreme Dreams,1,Cassey Martinan,9,B V Watkins,57,3,37196x0x3880,27:5-4-6,8: 0-1-3,8: 1-1-3,3: 0-0-2,0:0-0-0,21:5-3-4,5:0-1-2,1:0-0-0,0:0-0-0,6:0-2-1,5:2-0-2,$283 292,8,Rest 1 Metro Win,1100,B Gaerth,3.1,01/02/25,TABtouch - Have You Got The Touch (Rs1mw),1-At Your Service,7,16,01:05.10,Ascot,Good 4,58.5,0:0-0-0,227090,1251210,965052,20265,16738,20265,15260,$60000,34.33sec 600m,$1080,AUS
01/08/2026 00:00:00,Belmont Park,4,01-Aug-2026 14:14,1200,4yo+,Rst 0 Met Win-LY,54,Of $40000  -  1st  $21920 | 2nd  $7440| 3rd  $3520| 4th  $1560| 5th  $1160,,Handicap,TABtouch - Westspeed Platinum (Rs0ly),Apprentices Can Claim,Ruler Rocket,7,Gelding,Universal Ruler,Extreme Dreams,1,Cassey Martinan,9,B V Watkins,57,3,37196x0x3880,27:5-4-6,8: 0-1-3,8: 1-1-3,3: 0-0-2,0:0-0-0,21:5-3-4,5:0-1-2,1:0-0-0,0:0-0-0,6:0-2-1,5:2-0-2,$283 292,6,BenchMark 66+,1200,J Whiting,1.1,11/01/25,Belhus Racing Join A Racing Syndicate (Bm66+),1-Angel Undercover,3,51,01:10.98,Ascot,Good 4,58.5,0:0-0-0,226708,1248376,965052,20265,16738,20265,10067,$80000,34.91sec 600m,$7040,AUS
01/08/2026 00:00:00,Belmont Park,4,01-Aug-2026 14:14,1200,4yo+,Rst 0 Met Win-LY,54,Of $40000  -  1st  $21920 | 2nd  $7440| 3rd  $3520| 4th  $1560| 5th  $1160,,Handicap,TABtouch - Westspeed Platinum (Rs0ly),Apprentices Can Claim,True Fiction,4,Gelding,Gingerbread Man,Mystic Maid,2,P Harvey,6,D R Harrison,59,0,1349x212323,16:2-3-4,6: 1-1-1,2: 0-1-1,0: 0-0-0,0:0-0-0,11:1-1-2,5:1-2-2,0:0-0-0,0:0-0-0,3:0-1-1,3:2-0-0,$126 070,10,Class 3,1200,R Cheung,1.7,16/07/26,Racing@ Pinjarra Park Wednesday July 22 Hcp (C3),1-Swansee,3,4.8,01:13.11,Pinjarra,Soft 7,58,0:0-0-0,241406,1356503,1120967,9257,3809,9257,17744,$30000,35.61sec 600m,$2640,AUS
01/08/2026 00:00:00,Belmont Park,4,01-Aug-2026 14:14,1200,4yo+,Rst 0 Met Win-LY,54,Of $40000  -  1st  $21920 | 2nd  $7440| 3rd  $3520| 4th  $1560| 5th  $1160,,Handicap,TABtouch - Westspeed Platinum (Rs0ly),Apprentices Can Claim,True Fiction,4,Gelding,Gingerbread Man,Mystic Maid,2,P Harvey,6,D R Harrison,59,0,1349x212323,16:2-3-4,6: 1-1-1,2: 0-1-1,0: 0-0-0,0:0-0-0,11:1-1-2,5:1-2-2,0:0-0-0,0:0-0-0,3:0-1-1,3:2-0-0,$126 070,7,Class 3,1200,P Harvey,0.9,02/07/26,TABtouch Same Race Multi Hcp (C3),1-Leetron,2,2.8,01:12.35,Pinjarra,Soft 5,60.5,0:0-0-0,241007,1353403,1120967,9257,3809,9257,3809,$30000,00.00sec 0m,$5580,AUS
01/08/2026 00:00:00,Belmont Park,4,01-Aug-2026 14:14,1200,4yo+,Rst 0 Met Win-LY,54,Of $40000  -  1st  $21920 | 2nd  $7440| 3rd  $3520| 4th  $1560| 5th  $1160,,Handicap,TABtouch - Westspeed Platinum (Rs0ly),Apprentices Can Claim,True Fiction,4,Gelding,Gingerbread Man,Mystic Maid,2,P Harvey,6,D R Harrison,59,0,1349x212323,16:2-3-4,6: 1-1-1,2: 0-1-1,0: 0-0-0,0:0-0-0,11:1-1-2,5:1-2-2,0:0-0-0,0:0-0-0,3:0-1-1,3:2-0-0,$126 070,7,Class 3,1400,R Cheung,1.8,18/06/26,TRSWA - WA Roofing Experts Hcp (C3),1-I'm Crafty,3,5.5,01:24.23,Northam,Good 4,57.5,0:0-0-0,240581,1350187,1120967,9257,3809,9257,17744,$30000,36.35sec 600m,$2640,AUS
01/08/2026 00:00:00,Belmont Park,4,01-Aug-2026 14:14,1200,4yo+,Rst 0 Met Win-LY,54,Of $40000  -  1st  $21920 | 2nd  $7440| 3rd  $3520| 4th  $1560| 5th  $1160,,Handicap,TABtouch - Westspeed Platinum (Rs0ly),Apprentices Can Claim,True Fiction,4,Gelding,Gingerbread Man,Mystic Maid,2,P Harvey,6,D R Harrison,59,0,1349x212323,16:2-3-4,6: 1-1-1,2: 0-1-1,0: 0-0-0,0:0-0-0,11:1-1-2,5:1-2-2,0:0-0-0,0:0-0-0,3:0-1-1,3:2-0-0,$126 070,6,Class 3,1400,R Cheung,1.1,03/06/26,Swan Draught Hcp (C3),1-Random Rewards,2,4.4,01:24.75,Belmont Park,Soft 5,57,0:0-0-0,240163,1346904,1120967,9257,3809,9257,17744,$30000,35.43sec 600m,$5580,AUS
01/08/2026 00:00:00,Belmont Park,4,01-Aug-2026 14:14,1200,4yo+,Rst 0 Met Win-LY,54,Of $40000  -  1st  $21920 | 2nd  $7440| 3rd  $3520| 4th  $1560| 5th  $1160,,Handicap,TABtouch - Westspeed Platinum (Rs0ly),Apprentices Can Claim,True Fiction,4,Gelding,Gingerbread Man,Mystic Maid,2,P Harvey,6,D R Harrison,59,0,1349x212323,16:2-3-4,6: 1-1-1,2: 0-1-1,0: 0-0-0,0:0-0-0,11:1-1-2,5:1-2-2,0:0-0-0,0:0-0-0,3:0-1-1,3:2-0-0,$126 070,1,Rst 0 Met Win-LY,1200,P Harvey,0.2,13/05/26,Batteries N More (Rs0ly),2-Sassy Snippet,1,6,01:11.72,Pinjarra,Good 4,59,0:0-0-0,239549,1342422,1120967,9257,3809,9257,3809,$35000,34.90sec 600m,$19180,AUS
01/08/2026 00:00:00,Belmont Park,4,01-Aug-2026 14:14,1200,4yo+,Rst 0 Met Win-LY,54,Of $40000  -  1st  $21920 | 2nd  $7440| 3rd  $3520| 4th  $1560| 5th  $1160,,Handicap,TABtouch - Westspeed Platinum (Rs0ly),Apprentices Can Claim,True Fiction,4,Gelding,Gingerbread Man,Mystic Maid,2,P Harvey,6,D R Harrison,59,0,1349x212323,16:2-3-4,6: 1-1-1,2: 0-1-1,0: 0-0-0,0:0-0-0,11:1-1-2,5:1-2-2,0:0-0-0,0:0-0-0,3:0-1-1,3:2-0-0,$126 070,1,Class 1,1000,P Harvey,0.2,22/04/26,Glenroy Chaff Hcp (C1),1-Mandible Magic,2,6.5,00:59.06,Ascot,Good 4,59.5,0:0-0-0,238952,1338038,1120967,9257,3809,9257,3809,$30000,34.59sec 600m,$5580,AUS
01/08/2026 00:00:00,Belmont Park,4,01-Aug-2026 14:14,1200,4yo+,Rst 0 Met Win-LY,54,Of $40000  -  1st  $21920 | 2nd  $7440| 3rd  $3520| 4th  $1560| 5th  $1160,,Handicap,TABtouch - Westspeed Platinum (Rs0ly),Apprentices Can Claim,True Fiction,4,Gelding,Gingerbread Man,Mystic Maid,2,P Harvey,6,D R Harrison,59,0,1349x212323,16:2-3-4,6: 1-1-1,2: 0-1-1,0: 0-0-0,0:0-0-0,11:1-1-2,5:1-2-2,0:0-0-0,0:0-0-0,3:0-1-1,3:2-0-0,$126 070,5,Class 1,1400,P Carbery,5.9,30/10/25,Vero Hcp (C1),1-Muddy Waters,9,3.8,01:23.05,Northam,Good 4,58,0:0-0-0,234845,1307991,1120967,9257,3809,9257,9877,$30000,35.45sec 600m,$540,AUS
01/08/2026 00:00:00,Belmont Park,4,01-Aug-2026 14:14,1200,4yo+,Rst 0 Met Win-LY,54,Of $40000  -  1st  $21920 | 2nd  $7440| 3rd  $3520| 4th  $1560| 5th  $1160,,Handicap,TABtouch - Westspeed Platinum (Rs0ly),Apprentices Can Claim,True Fiction,4,Gelding,Gingerbread Man,Mystic Maid,2,P Harvey,6,D R Harrison,59,0,1349x212323,16:2-3-4,6: 1-1-1,2: 0-1-1,0: 0-0-0,0:0-0-0,11:1-1-2,5:1-2-2,0:0-0-0,0:0-0-0,3:0-1-1,3:2-0-0,$126 070,6,Rst 0 Met Win-LY,1200,P Carbery,1.2,15/10/25,Indigenous Tennis & Learning / RTSA (Rs0ly),1-Vandoula Jet,4,13,01:11.47,Ascot,Good 4,58.5,0:0-0-0,234412,1304901,1120967,9257,3809,9257,9877,$35000,35.01sec 600m,$1365,AUS
01/08/2026 00:00:00,Belmont Park,4,01-Aug-2026 14:14,1200,4yo+,Rst 0 Met Win-LY,54,Of $40000  -  1st  $21920 | 2nd  $7440| 3rd  $3520| 4th  $1560| 5th  $1160,,Handicap,TABtouch - Westspeed Platinum (Rs0ly),Apprentices Can Claim,True Fiction,4,Gelding,Gingerbread Man,Mystic Maid,2,P Harvey,6,D R Harrison,59,0,1349x212323,16:2-3-4,6: 1-1-1,2: 0-1-1,0: 0-0-0,0:0-0-0,11:1-1-2,5:1-2-2,0:0-0-0,0:0-0-0,3:0-1-1,3:2-0-0,$126 070,5,Open,1400,J Whiting,2.8,27/09/25,Thank You Northam Race Club Plate,1-Heeza Phoenix,3,20,01:24.47,Belmont Park,Good 4,57,0:0-0-0,233911,1301047,1120967,9257,3809,9257,10067,$80000,34.96sec 600m,$7040,AUS
01/08/2026 00:00:00,Belmont Park,4,01-Aug-2026 14:14,1200,4yo+,Rst 0 Met Win-LY,54,Of $40000  -  1st  $21920 | 2nd  $7440| 3rd  $3520| 4th  $1560| 5th  $1160,,Handicap,TABtouch - Westspeed Platinum (Rs0ly),Apprentices Can Claim,True Fiction,4,Gelding,Gingerbread Man,Mystic Maid,2,P Harvey,6,D R Harrison,59,0,1349x212323,16:2-3-4,6: 1-1-1,2: 0-1-1,0: 0-0-0,0:0-0-0,11:1-1-2,5:1-2-2,0:0-0-0,0:0-0-0,3:0-1-1,3:2-0-0,$126 070,1,Maiden,1000,J Whiting,0.3,14/09/25,AFGRI Equipment Mdn,2-Celebrity Angel,1,4.2,00:59.36,Northam,Soft 5,55.5,0:0-0-0,233556,1298197,1120967,9257,3809,9257,10067,$25000,00.00sec 0m,$13700,AUS
01/08/2026 00:00:00,Belmont Park,4,01-Aug-2026 14:14,1200,4yo+,Rst 0 Met Win-LY,54,Of $40000  -  1st  $21920 | 2nd  $7440| 3rd  $3520| 4th  $1560| 5th  $1160,,Handicap,TABtouch - Westspeed Platinum (Rs0ly),Apprentices Can Claim,Champagne Crusader,4,Gelding,Universal Ruler,Latent Energy,3,Chloe Azzopardi,2,Simon Miller,58.5,0,15523x6417x5,12:2-1-1,6: 1-0-0,4: 1-0-1,2: 1-0-0,0:0-0-0,5:1-0-0,4:1-0-0,3:0-1-1,0:0-0-0,4:0-0-0,2:1-0-0,$96 080,4,Rest 1 Metro Win,1200,C Azzopardi,2.9,18/07/26,Unite Resourcing (Rs1mw),1-In Confidence,5,15,01:13.27,Belmont Park,Soft 7,57.5,0:0-0-0,241452,1356905,1122502,24928,15184,24928,15184,$60000,35.83sec 600m,$1740,AUS
01/08/2026 00:00:00,Belmont Park,4,01-Aug-2026 14:14,1200,4yo+,Rst 0 Met Win-LY,54,Of $40000  -  1st  $21920 | 2nd  $7440| 3rd  $3520| 4th  $1560| 5th  $1160,,Handicap,TABtouch - Westspeed Platinum (Rs0ly),Apprentices Can Claim,Champagne Crusader,4,Gelding,Universal Ruler,Latent Energy,3,Chloe Azzopardi,2,Simon Miller,58.5,0,15523x6417x5,12:2-1-1,6: 1-0-0,4: 1-0-1,2: 1-0-0,0:0-0-0,5:1-0-0,4:1-0-0,3:0-1-1,0:0-0-0,4:0-0-0,2:1-0-0,$96 080,12,Open,1200,J Azzopardi,1.8,07/03/26,Bunbury Volkswagen Hcp,1-Swingman,7,20,01:10.65,Bunbury,Good 4,57.5,0:0-0-0,237789,1329369,1122502,24928,15184,24928,14814,$80000,35.64sec 600m,$1440,AUS
01/08/2026 00:00:00,Belmont Park,4,01-Aug-2026 14:14,1200,4yo+,Rst 0 Met Win-LY,54,Of $40000  -  1st  $21920 | 2nd  $7440| 3rd  $3520| 4th  $1560| 5th  $1160,,Handicap,TABtouch - Westspeed Platinum (Rs0ly),Apprentices Can Claim,Champagne Crusader,4,Gelding,Universal Ruler,Latent Energy,3,Chloe Azzopardi,2,Simon Miller,58.5,0,15523x6417x5,12:2-1-1,6: 1-0-0,4: 1-0-1,2: 1-0-0,0:0-0-0,5:1-0-0,4:1-0-0,3:0-1-1,0:0-0-0,4:0-0-0,2:1-0-0,$96 080,4,Class 3,1200,C Azzopardi,1.4,25/02/26,Share Bets With TABtouch Bet Loop Hcp (C3),2-Hoya Destroyer,1,5.5,01:11.32,Belmont Park,Good 4,58,0:0-0-0,237592,1327852,1122502,24928,15184,24928,15184,$30000,34.41sec 600m,$16440,AUS
01/08/2026 00:00:00,Belmont Park,4,01-Aug-2026 14:14,1200,4yo+,Rst 0 Met Win-LY,54,Of $40000  -  1st  $21920 | 2nd  $7440| 3rd  $3520| 4th  $1560| 5th  $1160,,Handicap,TABtouch - Westspeed Platinum (Rs0ly),Apprentices Can Claim,Champagne Crusader,4,Gelding,Universal Ruler,Latent Energy,3,Chloe Azzopardi,2,Simon Miller,58.5,0,15523x6417x5,12:2-1-1,6: 1-0-0,4: 1-0-1,2: 1-0-0,0:0-0-0,5:1-0-0,4:1-0-0,3:0-1-1,0:0-0-0,4:0-0-0,2:1-0-0,$96 080,13,Open,1200,C Azzopardi,2.2,14/02/26,Magic Millions WA 3yo Trophy (RL),1-Twisted Steel,4,201,01:09.92,Pinjarra,Good 4,57,0:0-0-0,237310,1325688,1122502,24928,15184,24928,15184,$250000,34.55sec 600m,$9750,AUS
01/08/2026 00:00:00,Belmont Park,4,01-Aug-2026 14:14,1200,4yo+,Rst 0 Met Win-LY,54,Of $40000  -  1st  $21920 | 2nd  $7440| 3rd  $3520| 4th  $1560| 5th  $1160,,Handicap,TABtouch - Westspeed Platinum (Rs0ly),Apprentices Can Claim,Champagne Crusader,4,Gelding,Universal Ruler,Latent Energy,3,Chloe Azzopardi,2,Simon Miller,58.5,0,15523x6417x5,12:2-1-1,6: 1-0-0,4: 1-0-1,2: 1-0-0,0:0-0-0,5:1-0-0,4:1-0-0,3:0-1-1,0:0-0-0,4:0-0-0,2:1-0-0,$96 080,7,Class 1,1200,G O'Donnell,3.4,25/01/26,TABtouch Supports Pinjarra Park Racing Hcp (C1),1-Queen Aria,6,8,01:12.13,Pinjarra Scarpside,Good 4,54.5,0:0-0-0,236929,1322863,1122502,24928,15184,24928,16592,$30000,34.67sec 600m,$540,AUS
01/08/2026 00:00:00,Belmont Park,4,01-Aug-2026 14:14,1200,4yo+,Rst 0 Met Win-LY,54,Of $40000  -  1st  $21920 | 2nd  $7440| 3rd  $3520| 4th  $1560| 5th  $1160,,Handicap,TABtouch - Westspeed Platinum (Rs0ly),Apprentices Can Claim,Champagne Crusader,4,Gelding,Universal Ruler,Latent Energy,3,Chloe Azzopardi,2,Simon Miller,58.5,0,15523x6417x5,12:2-1-1,6: 1-0-0,4: 1-0-1,2: 1-0-0,0:0-0-0,5:1-0-0,4:1-0-0,3:0-1-1,0:0-0-0,4:0-0-0,2:1-0-0,$96 080,2,Open,1400,W Pike,1.7,06/09/25,MCA Polytrack Plate,1-Rock Fest,3,8.5,01:29.43,Belmont Park,Heavy 8,56,0:0-0-0,233341,1296493,1122502,24928,15184,24928,12691,$80000,00.00sec 0m,$7040,AUS
01/08/2026 00:00:00,Belmont Park,4,01-Aug-2026 14:14,1200,4yo+,Rst 0 Met Win-LY,54,Of $40000  -  1st  $21920 | 2nd  $7440| 3rd  $3520| 4th  $1560| 5th  $1160,,Handicap,TABtouch - Westspeed Platinum (Rs0ly),Apprentices Can Claim,Champagne Crusader,4,Gelding,Universal Ruler,Latent Energy,3,Chloe Azzopardi,2,Simon Miller,58.5,0,15523x6417x5,12:2-1-1,6: 1-0-0,4: 1-0-1,2: 1-0-0,0:0-0-0,5:1-0-0,4:1-0-0,3:0-1-1,0:0-0-0,4:0-0-0,2:1-0-0,$96 080,6,Class 1,1400,J Tsang,0.1,28/08/25,Sunday 26 Oct ? Procon Developments (Aust) Northam Cup Hcp (C1),1-Sandfire Rose,2,5,01:25.50,Northam,Heavy 8,54,0:0-0-0,233081,1294444,1122502,24928,15184,24928,17796,$30000,36.66sec 600m,$5580,AUS
01/08/2026 00:00:00,Belmont Park,4,01-Aug-2026 14:14,1200,4yo+,Rst 0 Met Win-LY,54,Of $40000  -  1st  $21920 | 2nd  $7440| 3rd  $3520| 4th  $1560| 5th  $1160,,Handicap,TABtouch - Westspeed Platinum (Rs0ly),Apprentices Can Claim,Champagne Crusader,4,Gelding,Universal Ruler,Latent Energy,3,Chloe Azzopardi,2,Simon Miller,58.5,0,15523x6417x5,12:2-1-1,6: 1-0-0,4: 1-0-1,2: 1-0-0,0:0-0-0,5:1-0-0,4:1-0-0,3:0-1-1,0:0-0-0,4:0-0-0,2:1-0-0,$96 080,3,Class 1,1300,J Tsang,4.6,20/08/25,Farewell Jane & Tom Whitehorn Hcp (C1),1-Pat's Last Bang,5,4.2,01:20.00,Pinjarra,Heavy 8,54.5,0:0-0-0,232885,1292877,1122502,24928,15184,24928,17796,$30000,00.00sec 0m,$870,AUS
01/08/2026 00:00:00,Belmont Park,4,01-Aug-2026 14:14,1200,4yo+,Rst 0 Met Win-LY,54,Of $40000  -  1st  $21920 | 2nd  $7440| 3rd  $3520| 4th  $1560| 5th  $1160,,Handicap,TABtouch - Westspeed Platinum (Rs0ly),Apprentices Can Claim,Champagne Crusader,4,Gelding,Universal Ruler,Latent Energy,3,Chloe Azzopardi,2,Simon Miller,58.5,0,15523x6417x5,12:2-1-1,6: 1-0-0,4: 1-0-1,2: 1-0-0,0:0-0-0,5:1-0-0,4:1-0-0,3:0-1-1,0:0-0-0,4:0-0-0,2:1-0-0,$96 080,4,Rst 0 Met Win-LY,1400,C Johnston-Porter,2.1,06/08/25,Glenroy Chaff (Rs0ly),1-Zourun Run,5,8,01:26.75,Belmont Park,Soft 5,60,0:0-0-0,232507,1289835,1122502,24928,15184,24928,15478,$35000,36.40sec 600m,$1015,AUS
01/08/2026 00:00:00,Belmont Park,4,01-Aug-2026 14:14,1200,4yo+,Rst 0 Met Win-LY,54,Of $40000  -  1st  $21920 | 2nd  $7440| 3rd  $3520| 4th  $1560| 5th  $1160,,Handicap,TABtouch - Westspeed Platinum (Rs0ly),Apprentices Can Claim,Champagne Crusader,4,Gelding,Universal Ruler,Latent Energy,3,Chloe Azzopardi,2,Simon Miller,58.5,0,15523x6417x5,12:2-1-1,6: 1-0-0,4: 1-0-1,2: 1-0-0,0:0-0-0,5:1-0-0,4:1-0-0,3:0-1-1,0:0-0-0,4:0-0-0,2:1-0-0,$96 080,10,Maiden,1300,C Johnston-Porter,0.7,24/07/25,TABtouch Supports The Northam Race Club Mdn,2-Kentucky Drive,1,3.7,01:19.51,Northam,Soft 6,55.5,0:0-0-0,232144,1287037,1122502,24928,15184,24928,15478,$25000,35.95sec 600m,$13700,AUS
01/08/2026 00:00:00,Belmont Park,4,01-Aug-2026 14:14,1200,4yo+,Rst 0 Met Win-LY,54,Of $40000  -  1st  $21920 | 2nd  $7440| 3rd  $3520| 4th  $1560| 5th  $1160,,Handicap,TABtouch - Westspeed Platinum (Rs0ly),Apprentices Can Claim,Lucky I Am,5,Mare,Universal Ruler,Lucky Roar,4,Chanel Cooper,2,J P Taylor,56.5,2,17x2826237x6,22:4-8-3,9: 3-2-1,6: 1-1-1,2: 1-0-0,0:0-0-0,14:2-7-3,7:2-0-0,1:0-1-0,0:0-0-0,5:0-2-2,4:0-2-0,$242 645,3,BenchMark 66+,1000,J Brown,6.4,04/07/26,Quayclean (Bm66+),1-Watto's Mark,6,20,00:57.92,Belmont Park,Soft 6,54.5,0:0-0-0,241063,1353814,995196,19762,17382,19762,1236,$80000,34.23sec 600m,$1440,AUS
01/08/2026 00:00:00,Belmont Park,4,01-Aug-2026 14:14,1200,4yo+,Rst 0 Met Win-LY,54,Of $40000  -  1st  $21920 | 2nd  $7440| 3rd  $3520| 4th  $1560| 5th  $1160,,Handicap,TABtouch - Westspeed Platinum (Rs0ly),Apprentices Can Claim,Lucky I Am,5,Mare,Universal Ruler,Lucky Roar,4,Chanel Cooper,2,J P Taylor,56.5,2,17x2826237x6,22:4-8-3,9: 3-2-1,6: 1-1-1,2: 1-0-0,0:0-0-0,14:2-7-3,7:2-0-0,1:0-1-0,0:0-0-0,5:0-2-2,4:0-2-0,$242 645,7,Rst 0 Met Win-LY,1100,C Cooper,2.9,01/04/26,TABtouch - Westspeed Platinum (Rs0ly),1-Girls Day Out,7,3.7,01:04.90,Ascot,Soft 5,57,0:0-0-0,238354,1333693,995196,19762,17382,19762,17382,$40000,35.27sec 600m,$720,AUS
01/08/2026 00:00:00,Belmont Park,4,01-Aug-2026 14:14,1200,4yo+,Rst 0 Met Win-LY,54,Of $40000  -  1st  $21920 | 2nd  $7440| 3rd  $3520| 4th  $1560| 5th  $1160,,Handicap,TABtouch - Westspeed Platinum (Rs0ly),Apprentices Can Claim,Lucky I Am,5,Mare,Universal Ruler,Lucky Roar,4,Chanel Cooper,2,J P Taylor,56.5,2,17x2826237x6,22:4-8-3,9: 3-2-1,6: 1-1-1,2: 1-0-0,0:0-0-0,14:2-7-3,7:2-0-0,1:0-1-0,0:0-0-0,5:0-2-2,4:0-2-0,$242 645,3,Rst 0 Met Win-LY,1200,C Cooper,0.7,14/03/26,MC Polytrack (Rs0ly),1-Urquharts Bluff,3,5,01:09.92,Ascot,Good 4,56,0:0-0-0,237965,1330736,995196,19762,17382,19762,17382,$40000,35.33sec 600m,$3520,AUS
01/08/2026 00:00:00,Belmont Park,4,01-Aug-2026 14:14,1200,4yo+,Rst 0 Met Win-LY,54,Of $40000  -  1st  $21920 | 2nd  $7440| 3rd  $3520| 4th  $1560| 5th  $1160,,Handicap,TABtouch - Westspeed Platinum (Rs0ly),Apprentices Can Claim,Lucky I Am,5,Mare,Universal Ruler,Lucky Roar,4,Chanel Cooper,2,J P Taylor,56.5,2,17x2826237x6,22:4-8-3,9: 3-2-1,6: 1-1-1,2: 1-0-0,0:0-0-0,14:2-7-3,7:2-0-0,1:0-1-0,0:0-0-0,5:0-2-2,4:0-2-0,$242 645,2,Rst 0 Met Win-LY,1000,C Cooper,0.9,04/03/26,Reliable Asset Maintenance (Rs0ly),1-Snow Prince,2,3.2,00:58.38,Belmont Park,Good 4,55.5,0:0-0-0,237739,1329038,995196,19762,17382,19762,17382,$35000,33.32sec 600m,$6510,AUS
01/08/2026 00:00:00,Belmont Park,4,01-Aug-2026 14:14,1200,4yo+,Rst 0 Met Win-LY,54,Of $40000  -  1st  $21920 | 2nd  $7440| 3rd  $3520| 4th  $1560| 5th  $1160,,Handicap,TABtouch - Westspeed Platinum (Rs0ly),Apprentices Can Claim,Lucky I Am,5,Mare,Universal Ruler,Lucky Roar,4,Chanel Cooper,2,J P Taylor,56.5,2,17x2826237x6,22:4-8-3,9: 3-2-1,6: 1-1-1,2: 1-0-0,0:0-0-0,14:2-7-3,7:2-0-0,1:0-1-0,0:0-0-0,5:0-2-2,4:0-2-0,$242 645,10,Rst 0 Met Win-LY,1200,C Cooper,1.9,07/02/26,TABtouch - Westspeed Platinum (Rs0ly),1-Bird's The Word,6,4,01:09.83,Ascot,Good 4,57,0:0-0-0,237166,1324587,995196,19762,17382,19762,17382,$40000,34.99sec 600m,$720,AUS
01/08/2026 00:00:00,Belmont Park,4,01-Aug-2026 14:14,1200,4yo+,Rst 0 Met Win-LY,54,Of $40000  -  1st  $21920 | 2nd  $7440| 3rd  $3520| 4th  $1560| 5th  $1160,,Handicap,TABtouch - Westspeed Platinum (Rs0ly),Apprentices Can Claim,Lucky I Am,5,Mare,Universal Ruler,Lucky Roar,4,Chanel Cooper,2,J P Taylor,56.5,2,17x2826237x6,22:4-8-3,9: 3-2-1,6: 1-1-1,2: 1-0-0,0:0-0-0,14:2-7-3,7:2-0-0,1:0-1-0,0:0-0-0,5:0-2-2,4:0-2-0,$242 645,3,Rest 1 Metro Win,1200,C Cooper,0.4,10/01/26,Morley Growers Market (Rs1mw),1-De Grandhomme,2,3.9,01:09.80,Ascot,Good 4,56,0:0-0-0,236611,1320516,995196,19762,17382,19762,17382,$60000,35.15sec 600m,$11160,AUS
01/08/2026 00:00:00,Belmont Park,4,01-Aug-2026 14:14,1200,4yo+,Rst 0 Met Win-LY,54,Of $40000  -  1st  $21920 | 2nd  $7440| 3rd  $3520| 4th  $1560| 5th  $1160,,Handicap,TABtouch - Westspeed Platinum (Rs0ly),Apprentices Can Claim,Lucky I Am,5,Mare,Universal Ruler,Lucky Roar,4,Chanel Cooper,2,J P Taylor,56.5,2,17x2826237x6,22:4-8-3,9: 3-2-1,6: 1-1-1,2: 1-0-0,0:0-0-0,14:2-7-3,7:2-0-0,1:0-1-0,0:0-0-0,5:0-2-2,4:0-2-0,$242 645,6,BenchMark 66+,1200,C Cooper,5.0,20/12/25,Ridgeport 2026 MM Yearlings Epona Classic (Bm66+),1-Jaz Session,8,3.6,01:10.77,Ascot,Good 4,54,0:0-0-0,236215,1317532,995196,19762,17382,19762,17382,$125000,34.86sec 600m,$2250,AUS
01/08/2026 00:00:00,Belmont Park,4,01-Aug-2026 14:14,1200,4yo+,Rst 0 Met Win-LY,54,Of $40000  -  1st  $21920 | 2nd  $7440| 3rd  $3520| 4th  $1560| 5th  $1160,,Handicap,TABtouch - Westspeed Platinum (Rs0ly),Apprentices Can Claim,Lucky I Am,5,Mare,Universal Ruler,Lucky Roar,4,Chanel Cooper,2,J P Taylor,56.5,2,17x2826237x6,22:4-8-3,9: 3-2-1,6: 1-1-1,2: 1-0-0,0:0-0-0,14:2-7-3,7:2-0-0,1:0-1-0,0:0-0-0,5:0-2-2,4:0-2-0,$242 645,4,Rst 0 Met Win-LY,1000,C Cooper,0.1,29/11/25,Share Bets With TABtouch Bet Loop (Rs0ly),1-Santanova,2,12,00:57.96,Ascot,Good 4,56,0:0-0-0,235666,1313765,995196,19762,17382,19762,17382,$40000,34.67sec 600m,$7440,AUS
01/08/2026 00:00:00,Belmont Park,4,01-Aug-2026 14:14,1200,4yo+,Rst 0 Met Win-LY,54,Of $40000  -  1st  $21920 | 2nd  $7440| 3rd  $3520| 4th  $1560| 5th  $1160,,Handicap,TABtouch - Westspeed Platinum (Rs0ly),Apprentices Can Claim,Lucky I Am,5,Mare,Universal Ruler,Lucky Roar,4,Chanel Cooper,2,J P Taylor,56.5,2,17x2826237x6,22:4-8-3,9: 3-2-1,6: 1-1-1,2: 1-0-0,0:0-0-0,14:2-7-3,7:2-0-0,1:0-1-0,0:0-0-0,5:0-2-2,4:0-2-0,$242 645,3,Open,1200,C Cooper,6.6,26/07/25,Morley Growers Market Hcp,1-Yorga Pride,7,4.4,01:11.87,Belmont Park,Soft 6,55.5,0:0-0-0,232207,1287472,995196,19762,17382,19762,17382,$80000,00.00sec 0m,$1440,AUS
01/08/2026 00:00:00,Belmont Park,4,01-Aug-2026 14:14,1200,4yo+,Rst 0 Met Win-LY,54,Of $40000  -  1st  $21920 | 2nd  $7440| 3rd  $3520| 4th  $1560| 5th  $1160,,Handicap,TABtouch - Westspeed Platinum (Rs0ly),Apprentices Can Claim,Lucky I Am,5,Mare,Universal Ruler,Lucky Roar,4,Chanel Cooper,2,J P Taylor,56.5,2,17x2826237x6,22:4-8-3,9: 3-2-1,6: 1-1-1,2: 1-0-0,0:0-0-0,14:2-7-3,7:2-0-0,1:0-1-0,0:0-0-0,5:0-2-2,4:0-2-0,$242 645,11,Class 3,1200,C Cooper,0.7,09/07/25,Bridgetown Jigsaw Puzzle Gallery Hcp (C3),2-Millstee,1,2.15,01:12.23,Pinjarra,Soft 7,56.5,0:0-0-0,231752,1283943,995196,19762,17382,19762,17382,$30000,35.63sec 600m,$16440,AUS
01/08/2026 00:00:00,Belmont Park,4,01-Aug-2026 14:14,1200,4yo+,Rst 0 Met Win-LY,54,Of $40000  -  1st  $21920 | 2nd  $7440| 3rd  $3520| 4th  $1560| 5th  $1160,,Handicap,TABtouch - Westspeed Platinum (Rs0ly),Apprentices Can Claim,Roaming America,4,Gelding,Rommel,Democrat,5,B Parnham,5,Mack Hall,57.5,0,5x5113x,5:2-0-1,2: 1-0-1,1: 0-0-0,0: 0-0-0,0:0-0-0,4:2-0-1,1:0-0-0,0:0-0-0,0:0-0-0,2:0-0-0,1:1-0-0,$70 880,8,Open,1200,J Noske,1.9,11/04/26,Mrs Mac's Hcp,1-Ladies Pro,3,20,01:10.15,Ascot,Good 4,58.5,0:0-0-0,238664,1335864,1122526,28454,13271,28454,14158,$80000,35.10sec 600m,$7040,AUS
01/08/2026 00:00:00,Belmont Park,4,01-Aug-2026 14:14,1200,4yo+,Rst 0 Met Win-LY,54,Of $40000  -  1st  $21920 | 2nd  $7440| 3rd  $3520| 4th  $1560| 5th  $1160,,Handicap,TABtouch - Westspeed Platinum (Rs0ly),Apprentices Can Claim,Roaming America,4,Gelding,Rommel,Democrat,5,B Parnham,5,Mack Hall,57.5,0,5x5113x,5:2-0-1,2: 1-0-1,1: 0-0-0,0: 0-0-0,0:0-0-0,4:2-0-1,1:0-0-0,0:0-0-0,0:0-0-0,2:0-0-0,1:1-0-0,$70 880,5,Class 1,1200,J Noske,1.1,22/03/26,TABtouch Same Race Multi Hcp (C1),2-Setagaya,1,7,01:12.14,Pinjarra,Good 4,59,0:0-0-0,238155,1332206,1122526,28454,13271,28454,14158,$30000,34.92sec 600m,$16440,AUS
01/08/2026 00:00:00,Belmont Park,4,01-Aug-2026 14:14,1200,4yo+,Rst 0 Met Win-LY,54,Of $40000  -  1st  $21920 | 2nd  $7440| 3rd  $3520| 4th  $1560| 5th  $1160,,Handicap,TABtouch - Westspeed Platinum (Rs0ly),Apprentices Can Claim,Roaming America,4,Gelding,Rommel,Democrat,5,B Parnham,5,Mack Hall,57.5,0,5x5113x,5:2-0-1,2: 1-0-1,1: 0-0-0,0: 0-0-0,0:0-0-0,4:2-0-1,1:0-0-0,0:0-0-0,0:0-0-0,2:0-0-0,1:1-0-0,$70 880,2,Maiden,1000,J Noske,0.8,11/03/26,MC Polytrack Mdn,2-Mamma Says So,1,5,00:58.56,Ascot,Good 4,57,0:0-0-0,237915,1330330,1122526,28454,13271,28454,14158,$25000,33.98sec 600m,$13700,AUS
01/08/2026 00:00:00,Belmont Park,4,01-Aug-2026 14:14,1200,4yo+,Rst 0 Met Win-LY,54,Of $40000  -  1st  $21920 | 2nd  $7440| 3rd  $3520| 4th  $1560| 5th  $1160,,Handicap,TABtouch - Westspeed Platinum (Rs0ly),Apprentices Can Claim,Roaming America,4,Gelding,Rommel,Democrat,5,B Parnham,5,Mack Hall,57.5,0,5x5113x,5:2-0-1,2: 1-0-1,1: 0-0-0,0: 0-0-0,0:0-0-0,4:2-0-1,1:0-0-0,0:0-0-0,0:0-0-0,2:0-0-0,1:1-0-0,$70 880,6,Maiden,1000,W Pike,2.2,25/02/26,Swan Draught Mdn,1-Slip The Jab,5,8.5,00:58.68,Belmont Park,Good 4,57,0:0-0-0,237592,1327848,1122526,28454,13271,28454,12691,$25000,33.39sec 600m,$725,AUS
01/08/2026 00:00:00,Belmont Park,4,01-Aug-2026 14:14,1200,4yo+,Rst 0 Met Win-LY,54,Of $40000  -  1st  $21920 | 2nd  $7440| 3rd  $3520| 4th  $1560| 5th  $1160,,Handicap,TABtouch - Westspeed Platinum (Rs0ly),Apprentices Can Claim,Roaming America,4,Gelding,Rommel,Democrat,5,B Parnham,5,Mack Hall,57.5,0,5x5113x,5:2-0-1,2: 1-0-1,1: 0-0-0,0: 0-0-0,0:0-0-0,4:2-0-1,1:0-0-0,0:0-0-0,0:0-0-0,2:0-0-0,1:1-0-0,$70 880,11,Maiden,1000,S Parnham,1.9,05/10/25,Purslowe Tinetti Funerals Mdn,1-Spirited Strike,5,20,00:59.76,Northam,Soft 5,57,0:0-0-0,234116,1302669,1122526,28454,13271,28454,12664,$25000,35.06sec 600m,$725,AUS
01/08/2026 00:00:00,Belmont Park,4,01-Aug-2026 14:14,1200,4yo+,Rst 0 Met Win-LY,54,Of $40000  -  1st  $21920 | 2nd  $7440| 3rd  $3520| 4th  $1560| 5th  $1160,,Handicap,TABtouch - Westspeed Platinum (Rs0ly),Apprentices Can Claim,Amarlime,5,Mare,Dash for Cash,Amaliemoo,6,C Johnston-Porter,12,A G Durrant,55.5,0,7122220x79x4,15:2-5-1,5: 0-2-1,0: 0-0-0,0: 0-0-0,0:0-0-0,13:2-4-1,2:0-1-0,0:0-0-0,0:0-0-0,4:1-1-0,3:0-0-1,$110 930,4,Class 3,1000,J Mc Naught,2.1,23/07/26,De Bortoli Family Winemakers Hcp (C3),1-Something Royal,4,10,00:58.57,Northam,Good 4,57.5,0:0-0-0,241579,1357938,999535,24034,15478,24034,16126,$30000,34.31sec 600m,$1170,AUS
01/08/2026 00:00:00,Belmont Park,4,01-Aug-2026 14:14,1200,4yo+,Rst 0 Met Win-LY,54,Of $40000  -  1st  $21920 | 2nd  $7440| 3rd  $3520| 4th  $1560| 5th  $1160,,Handicap,TABtouch - Westspeed Platinum (Rs0ly),Apprentices Can Claim,Amarlime,5,Mare,Dash for Cash,Amaliemoo,6,C Johnston-Porter,12,A G Durrant,55.5,0,7122220x79x4,15:2-5-1,5: 0-2-1,0: 0-0-0,0: 0-0-0,0:0-0-0,13:2-4-1,2:0-1-0,0:0-0-0,0:0-0-0,4:1-1-0,3:0-0-1,$110 930,4,Rst 0 Met Win-LY,1200,W Pike,4.6,07/02/26,TABtouch - Westspeed Platinum (Rs0ly),1-Bird's The Word,9,9.5,01:09.83,Ascot,Good 4,56.5,0:0-0-0,237166,1324587,999535,24034,15478,24034,12691,$40000,34.99sec 600m,$720,AUS
01/08/2026 00:00:00,Belmont Park,4,01-Aug-2026 14:14,1200,4yo+,Rst 0 Met Win-LY,54,Of $40000  -  1st  $21920 | 2nd  $7440| 3rd  $3520| 4th  $1560| 5th  $1160,,Handicap,TABtouch - Westspeed Platinum (Rs0ly),Apprentices Can Claim,Amarlime,5,Mare,Dash for Cash,Amaliemoo,6,C Johnston-Porter,12,A G Durrant,55.5,0,7122220x79x4,15:2-5-1,5: 0-2-1,0: 0-0-0,0: 0-0-0,0:0-0-0,13:2-4-1,2:0-1-0,0:0-0-0,0:0-0-0,4:1-1-0,3:0-0-1,$110 930,4,Rst 0 Met Win-LY,1100,L Fiore,3.8,24/01/26,TABtouch - Westspeed Platinum (Rs0ly),1-Urquharts Bluff,7,5,01:04.75,Ascot,Good 4,56.5,0:0-0-0,236907,1322712,999535,24034,15478,24034,15372,$40000,34.73sec 600m,$720,AUS
01/08/2026 00:00:00,Belmont Park,4,01-Aug-2026 14:14,1200,4yo+,Rst 0 Met Win-LY,54,Of $40000  -  1st  $21920 | 2nd  $7440| 3rd  $3520| 4th  $1560| 5th  $1160,,Handicap,TABtouch - Westspeed Platinum (Rs0ly),Apprentices Can Claim,Amarlime,5,Mare,Dash for Cash,Amaliemoo,6,C Johnston-Porter,12,A G Durrant,55.5,0,7122220x79x4,15:2-5-1,5: 0-2-1,0: 0-0-0,0: 0-0-0,0:0-0-0,13:2-4-1,2:0-1-0,0:0-0-0,0:0-0-0,4:1-1-0,3:0-0-1,$110 930,9,Class 3,1400,C Parnham,7.9,10/07/25,Grafton Electrics Hcp (C3),1-Just Famous,11,5.5,01:24.48,Northam,Soft 5,58.5,0:0-0-0,231757,1283992,999535,24034,15478,24034,15179,$30000,00.00sec 0m,$0,AUS
01/08/2026 00:00:00,Belmont Park,4,01-Aug-2026 14:14,1200,4yo+,Rst 0 Met Win-LY,54,Of $40000  -  1st  $21920 | 2nd  $7440| 3rd  $3520| 4th  $1560| 5th  $1160,,Handicap,TABtouch - Westspeed Platinum (Rs0ly),Apprentices Can Claim,Amarlime,5,Mare,Dash for Cash,Amaliemoo,6,C Johnston-Porter,12,A G Durrant,55.5,0,7122220x79x4,15:2-5-1,5: 0-2-1,0: 0-0-0,0: 0-0-0,0:0-0-0,13:2-4-1,2:0-1-0,0:0-0-0,0:0-0-0,4:1-1-0,3:0-0-1,$110 930,1,Class 3,1400,W Pike,0.2,26/06/25,Debortoli Family Winemakers Hcp (C3),1-Random Rewards,2,2.3,01:23.68,Northam,Good 4,58,0:0-0-0,231315,1280602,999535,24034,15478,24034,12691,$30000,34.68sec 600m,$5580,AUS
01/08/2026 00:00:00,Belmont Park,4,01-Aug-2026 14:14,1200,4yo+,Rst 0 Met Win-LY,54,Of $40000  -  1st  $21920 | 2nd  $7440| 3rd  $3520| 4th  $1560| 5th  $1160,,Handicap,TABtouch - Westspeed Platinum (Rs0ly),Apprentices Can Claim,Amarlime,5,Mare,Dash for Cash,Amaliemoo,6,C Johnston-Porter,12,A G Durrant,55.5,0,7122220x79x4,15:2-5-1,5: 0-2-1,0: 0-0-0,0: 0-0-0,0:0-0-0,13:2-4-1,2:0-1-0,0:0-0-0,0:0-0-0,4:1-1-0,3:0-0-1,$110 930,7,Rst 0 Met Win-LY,1200,Z Johnston-Porter,1.8,11/06/25,Bunbury Ford (Rs0ly),1-Lucky I Am,2,14,01:11.77,Bunbury,Soft 6,55.5,0:0-0-0,230908,1277431,999535,24034,15478,24034,17062,$35000,36.29sec 600m,$6510,AUS
01/08/2026 00:00:00,Belmont Park,4,01-Aug-2026 14:14,1200,4yo+,Rst 0 Met Win-LY,54,Of $40000  -  1st  $21920 | 2nd  $7440| 3rd  $3520| 4th  $1560| 5th  $1160,,Handicap,TABtouch - Westspeed Platinum (Rs0ly),Apprentices Can Claim,Amarlime,5,Mare,Dash for Cash,Amaliemoo,6,C Johnston-Porter,12,A G Durrant,55.5,0,7122220x79x4,15:2-5-1,5: 0-2-1,0: 0-0-0,0: 0-0-0,0:0-0-0,13:2-4-1,2:0-1-0,0:0-0-0,0:0-0-0,4:1-1-0,3:0-0-1,$110 930,4,Rst 0 Met Win-LY,1400,L Fiore,2.4,14/05/25,TABtouch Have You Got The Touch (Rs0ly),1-Rally The Troops,2,4.4,01:25.51,Pinjarra,Good 4,57.5,0:0-0-0,230012,1270872,999535,24034,15478,24034,15372,$35000,33.82sec 600m,$6510,AUS
01/08/2026 00:00:00,Belmont Park,4,01-Aug-2026 14:14,1200,4yo+,Rst 0 Met Win-LY,54,Of $40000  -  1st  $21920 | 2nd  $7440| 3rd  $3520| 4th  $1560| 5th  $1160,,Handicap,TABtouch - Westspeed Platinum (Rs0ly),Apprentices Can Claim,Amarlime,5,Mare,Dash for Cash,Amaliemoo,6,C Johnston-Porter,12,A G Durrant,55.5,0,7122220x79x4,15:2-5-1,5: 0-2-1,0: 0-0-0,0: 0-0-0,0:0-0-0,13:2-4-1,2:0-1-0,0:0-0-0,0:0-0-0,4:1-1-0,3:0-0-1,$110 930,6,Rst 0 Met Win-LY,1200,W Pike,0.6,30/04/25,Glenroy Chaff (Rs0ly),1-Main Act,2,5,01:10.45,Ascot,Good 4,59,0:0-0-0,229629,1268038,999535,24034,15478,24034,12691,$35000,35.58sec 600m,$6510,AUS
01/08/2026 00:00:00,Belmont Park,4,01-Aug-2026 14:14,1200,4yo+,Rst 0 Met Win-LY,54,Of $40000  -  1st  $21920 | 2nd  $7440| 3rd  $3520| 4th  $1560| 5th  $1160,,Handicap,TABtouch - Westspeed Platinum (Rs0ly),Apprentices Can Claim,Amarlime,5,Mare,Dash for Cash,Amaliemoo,6,C Johnston-Porter,12,A G Durrant,55.5,0,7122220x79x4,15:2-5-1,5: 0-2-1,0: 0-0-0,0: 0-0-0,0:0-0-0,13:2-4-1,2:0-1-0,0:0-0-0,0:0-0-0,4:1-1-0,3:0-0-1,$110 930,6,Rst 0 Met Win-LY,1400,W Pike,1.2,16/04/25,TABtouch Watch Sky Racing (Rs0ly),2-Sky God,1,6.5,01:24.25,Pinjarra,Good 4,55.5,0:0-0-0,229219,1265254,999535,24034,15478,24034,12691,$35000,34.50sec 600m,$19180,AUS
01/08/2026 00:00:00,Belmont Park,4,01-Aug-2026 14:14,1200,4yo+,Rst 0 Met Win-LY,54,Of $40000  -  1st  $21920 | 2nd  $7440| 3rd  $3520| 4th  $1560| 5th  $1160,,Handicap,TABtouch - Westspeed Platinum (Rs0ly),Apprentices Can Claim,Amarlime,5,Mare,Dash for Cash,Amaliemoo,6,C Johnston-Porter,12,A G Durrant,55.5,0,7122220x79x4,15:2-5-1,5: 0-2-1,0: 0-0-0,0: 0-0-0,0:0-0-0,13:2-4-1,2:0-1-0,0:0-0-0,0:0-0-0,4:1-1-0,3:0-0-1,$110 930,10,Rst 0 Met Win-LY,1200,W Pike,2.9,02/04/25,MCA Polytrack (Rs0ly),1-Flagship,7,21,01:10.47,Ascot,Good 4,57,0:0-0-0,228661,1262555,999535,24034,15478,24034,12691,$35000,35.09sec 600m,$630,AUS
01/08/2026 00:00:00,Belmont Park,4,01-Aug-2026 14:14,1200,4yo+,Rst 0 Met Win-LY,54,Of $40000  -  1st  $21920 | 2nd  $7440| 3rd  $3520| 4th  $1560| 5th  $1160,,Handicap,TABtouch - Westspeed Platinum (Rs0ly),Apprentices Can Claim,Bonny Rock,6,Mare,Awesome Rock,Bonny Be Good,7,Holly Watson,4,Mack Hall,55.5,0,12041x78610,41:6-8-2,20: 5-2-0,8: 0-1-2,4: 0-1-0,0:0-0-0,31:6-8-1,9:0-0-1,1:0-0-0,0:0-0-0,6:0-1-0,6:0-3-0,$212 944,5,Bench. 46+,1200,S Webster,6.6,16/07/26,Hahn 3.5 (Bm46+),1-Superb Vintage,12,12,01:13.09,Pinjarra,Soft 7,58.5,0:0-0-0,241406,1356502,980524,28454,16516,28454,17686,$17000,35.87sec 600m,$0,AUS
01/08/2026 00:00:00,Belmont Park,4,01-Aug-2026 14:14,1200,4yo+,Rst 0 Met Win-LY,54,Of $40000  -  1st  $21920 | 2nd  $7440| 3rd  $3520| 4th  $1560| 5th  $1160,,Handicap,TABtouch - Westspeed Platinum (Rs0ly),Apprentices Can Claim,Bonny Rock,6,Mare,Awesome Rock,Bonny Be Good,7,Holly Watson,4,Mack Hall,55.5,0,12041x78610,41:6-8-2,20: 5-2-0,8: 0-1-2,4: 0-1-0,0:0-0-0,31:6-8-1,9:0-0-1,1:0-0-0,0:0-0-0,6:0-1-0,6:0-3-0,$212 944,2,BenchMark 58+,1300,L Ramoly,0.5,05/07/26,Mines Rovers Football Club (Bm58+),2-High Precision,1,10,01:19.11,Kalgoorlie,Good 4,57.5,0:0-0-0,241090,1354010,980524,28454,16516,28454,16432,$24000,00.00sec 0m,$13152,AUS
01/08/2026 00:00:00,Belmont Park,4,01-Aug-2026 14:14,1200,4yo+,Rst 0 Met Win-LY,54,Of $40000  -  1st  $21920 | 2nd  $7440| 3rd  $3520| 4th  $1560| 5th  $1160,,Handicap,TABtouch - Westspeed Platinum (Rs0ly),Apprentices Can Claim,Bonny Rock,6,Mare,Awesome Rock,Bonny Be Good,7,Holly Watson,4,Mack Hall,55.5,0,12041x78610,41:6-8-2,20: 5-2-0,8: 0-1-2,4: 0-1-0,0:0-0-0,31:6-8-1,9:0-0-1,1:0-0-0,0:0-0-0,6:0-1-0,6:0-3-0,$212 944,7,BenchMark 58+,1200,S Webster,4.3,21/06/26,Forrest Electrical (Bm58+),1-The Lions' Gate,6,21,01:12.56,Kalgoorlie,Soft 5,55.5,0:0-0-0,240661,1350731,980524,28454,16516,28454,17686,$24000,00.00sec 0m,$432,AUS
01/08/2026 00:00:00,Belmont Park,4,01-Aug-2026 14:14,1200,4yo+,Rst 0 Met Win-LY,54,Of $40000  -  1st  $21920 | 2nd  $7440| 3rd  $3520| 4th  $1560| 5th  $1160,,Handicap,TABtouch - Westspeed Platinum (Rs0ly),Apprentices Can Claim,Bonny Rock,6,Mare,Awesome Rock,Bonny Be Good,7,Holly Watson,4,Mack Hall,55.5,0,12041x78610,41:6-8-2,20: 5-2-0,8: 0-1-2,4: 0-1-0,0:0-0-0,31:6-8-1,9:0-0-1,1:0-0-0,0:0-0-0,6:0-1-0,6:0-3-0,$212 944,4,Class 5,1200,S Webster,7.1,11/06/26,JK Racing Hcp (C5),1-Rodney Oh Rodney,8,61,01:14.08,Bunbury,Soft 6,52,0:0-0-0,240369,1348546,980524,28454,16516,28454,17686,$30000,00.00sec 0m,$540,AUS
01/08/2026 00:00:00,Belmont Park,4,01-Aug-2026 14:14,1200,4yo+,Rst 0 Met Win-LY,54,Of $40000  -  1st  $21920 | 2nd  $7440| 3rd  $3520| 4th  $1560| 5th  $1160,,Handicap,TABtouch - Westspeed Platinum (Rs0ly),Apprentices Can Claim,Bonny Rock,6,Mare,Awesome Rock,Bonny Be Good,7,Holly Watson,4,Mack Hall,55.5,0,12041x78610,41:6-8-2,20: 5-2-0,8: 0-1-2,4: 0-1-0,0:0-0-0,31:6-8-1,9:0-0-1,1:0-0-0,0:0-0-0,6:0-1-0,6:0-3-0,$212 944,5,Rst 0 Met Win-LY,1200,B Parnham,7.4,30/05/26,TABtouch - Westspeed Platinum Series Heat 2 (Rs0ly),1-Mt Shirataku,7,31,01:11.19,Belmont Park,Soft 6,56,0:0-0-0,240026,1345864,980524,28454,16516,28454,13271,$40000,35.04sec 600m,$720,AUS
01/08/2026 00:00:00,Belmont Park,4,01-Aug-2026 14:14,1200,4yo+,Rst 0 Met Win-LY,54,Of $40000  -  1st  $21920 | 2nd  $7440| 3rd  $3520| 4th  $1560| 5th  $1160,,Handicap,TABtouch - Westspeed Platinum (Rs0ly),Apprentices Can Claim,Bonny Rock,6,Mare,Awesome Rock,Bonny Be Good,7,Holly Watson,4,Mack Hall,55.5,0,12041x78610,41:6-8-2,20: 5-2-0,8: 0-1-2,4: 0-1-0,0:0-0-0,31:6-8-1,9:0-0-1,1:0-0-0,0:0-0-0,6:0-1-0,6:0-3-0,$212 944,5,BenchMark 58+,1200,M Derrick,0.1,19/02/26,Share Bets With TABtouch Bet Loop (Bm58+),2-Safe Hustle,1,5.5,01:12.64,Geraldton,Good 3,57.5,0:0-0-0,237438,1326641,980524,28454,16516,28454,16504,$24000,34.79sec 600m,$13152,AUS
01/08/2026 00:00:00,Belmont Park,4,01-Aug-2026 14:14,1200,4yo+,Rst 0 Met Win-LY,54,Of $40000  -  1st  $21920 | 2nd  $7440| 3rd  $3520| 4th  $1560| 5th  $1160,,Handicap,TABtouch - Westspeed Platinum (Rs0ly),Apprentices Can Claim,Bonny Rock,6,Mare,Awesome Rock,Bonny Be Good,7,Holly Watson,4,Mack Hall,55.5,0,12041x78610,41:6-8-2,20: 5-2-0,8: 0-1-2,4: 0-1-0,0:0-0-0,31:6-8-1,9:0-0-1,1:0-0-0,0:0-0-0,6:0-1-0,6:0-3-0,$212 944,5,Class 5,1400,N Faithfull,1.8,05/02/26,TABtouch Hcp (C5),1-Scurgeofthewest,4,7.5,01:24.74,Geraldton,Good 4,57.5,0:0-0-0,237119,1324259,980524,28454,16516,28454,14702,$24000,36.12sec 600m,$936,AUS
01/08/2026 00:00:00,Belmont Park,4,01-Aug-2026 14:14,1200,4yo+,Rst 0 Met Win-LY,54,Of $40000  -  1st  $21920 | 2nd  $7440| 3rd  $3520| 4th  $1560| 5th  $1160,,Handicap,TABtouch - Westspeed Platinum (Rs0ly),Apprentices Can Claim,Bonny Rock,6,Mare,Awesome Rock,Bonny Be Good,7,Holly Watson,4,Mack Hall,55.5,0,12041x78610,41:6-8-2,20: 5-2-0,8: 0-1-2,4: 0-1-0,0:0-0-0,31:6-8-1,9:0-0-1,1:0-0-0,0:0-0-0,6:0-1-0,6:0-3-0,$212 944,3,BenchMark 58+,1300,N Faithfull,3.8,18/01/26,Crofts Automotive (Bm58+),1-Secret Stones,11,4.4,01:17.84,Mt Barker,Good 3,57.5,0:0-0-0,236789,1321832,980524,28454,16516,28454,14702,$24000,36.00sec 600m,$0,AUS
01/08/2026 00:00:00,Belmont Park,4,01-Aug-2026 14:14,1200,4yo+,Rst 0 Met Win-LY,54,Of $40000  -  1st  $21920 | 2nd  $7440| 3rd  $3520| 4th  $1560| 5th  $1160,,Handicap,TABtouch - Westspeed Platinum (Rs0ly),Apprentices Can Claim,Bonny Rock,6,Mare,Awesome Rock,Bonny Be Good,7,Holly Watson,4,Mack Hall,55.5,0,12041x78610,41:6-8-2,20: 5-2-0,8: 0-1-2,4: 0-1-0,0:0-0-0,31:6-8-1,9:0-0-1,1:0-0-0,0:0-0-0,6:0-1-0,6:0-3-0,$212 944,3,BenchMark 58+,1413,N Faithfull,0.1,08/01/26,TABtouch Past The Post Payouts (Bm58+),1-Snippety Legend,2,8,01:26.15,Geraldton,Good 3,57.5,0:0-0-0,236570,1320196,980524,28454,16516,28454,14702,$24000,35.23sec 600m,$4464,AUS
01/08/2026 00:00:00,Belmont Park,4,01-Aug-2026 14:14,1200,4yo+,Rst 0 Met Win-LY,54,Of $40000  -  1st  $21920 | 2nd  $7440| 3rd  $3520| 4th  $1560| 5th  $1160,,Handicap,TABtouch - Westspeed Platinum (Rs0ly),Apprentices Can Claim,Bonny Rock,6,Mare,Awesome Rock,Bonny Be Good,7,Holly Watson,4,Mack Hall,55.5,0,12041x78610,41:6-8-2,20: 5-2-0,8: 0-1-2,4: 0-1-0,0:0-0-0,31:6-8-1,9:0-0-1,1:0-0-0,0:0-0-0,6:0-1-0,6:0-3-0,$212 944,6,Bench. 46+,1200,H Watson,0.1,28/12/25,TABtouch Supports Bunbury Racing (Bm46+),2-Zac Luvs To Fly,1,3.2,01:11.42,Bunbury,Good 4,59,0:0-0-0,236370,1318723,980524,28454,16516,28454,16516,$17000,36.10sec 600m,$9656,AUS
01/08/2026 00:00:00,Belmont Park,4,01-Aug-2026 14:14,1200,4yo+,Rst 0 Met Win-LY,54,Of $40000  -  1st  $21920 | 2nd  $7440| 3rd  $3520| 4th  $1560| 5th  $1160,,Handicap,TABtouch - Westspeed Platinum (Rs0ly),Apprentices Can Claim,Mia Gusto,7,Mare,Demerit,Mendicity,8,Holly Nottle,11,G J Kersley,54,1.5,2110580x666,43:6-5-3,12: 1-3-2,15: 3-0-2,5: 1-0-1,0:0-0-0,30:4-4-1,10:2-1-2,3:0-0-0,0:0-0-0,6:3-0-0,6:0-1-1,$275 277,7,Rst 0 Met Win-LY,1400,H Nottle,3.6,11/07/26,TABtouch - Westspeed Platinum (Rs0ly),1-Kelvinater,6,9,01:25.27,Belmont Park,Good 4,54.5,0:0-0-0,241265,1355401,961045,26038,17687,26038,17687,$40000,36.21sec 600m,$720,AUS
01/08/2026 00:00:00,Belmont Park,4,01-Aug-2026 14:14,1200,4yo+,Rst 0 Met Win-LY,54,Of $40000  -  1st  $21920 | 2nd  $7440| 3rd  $3520| 4th  $1560| 5th  $1160,,Handicap,TABtouch - Westspeed Platinum (Rs0ly),Apprentices Can Claim,Mia Gusto,7,Mare,Demerit,Mendicity,8,Holly Nottle,11,G J Kersley,54,1.5,2110580x666,43:6-5-3,12: 1-3-2,15: 3-0-2,5: 1-0-1,0:0-0-0,30:4-4-1,10:2-1-2,3:0-0-0,0:0-0-0,6:3-0-0,6:0-1-1,$275 277,3,Open,1400,J Azzopardi,4.5,27/06/26,TABtouch - Westspeed Platinum Winter Series Final,1-Diamonds'n'rubies,6,31,01:26.75,Belmont Park,Heavy 8,56.5,0:0-0-0,240853,1352208,961045,26038,17687,26038,14814,$100000,37.21sec 600m,$1800,AUS
01/08/2026 00:00:00,Belmont Park,4,01-Aug-2026 14:14,1200,4yo+,Rst 0 Met Win-LY,54,Of $40000  -  1st  $21920 | 2nd  $7440| 3rd  $3520| 4th  $1560| 5th  $1160,,Handicap,TABtouch - Westspeed Platinum (Rs0ly),Apprentices Can Claim,Mia Gusto,7,Mare,Demerit,Mendicity,8,Holly Nottle,11,G J Kersley,54,1.5,2110580x666,43:6-5-3,12: 1-3-2,15: 3-0-2,5: 1-0-1,0:0-0-0,30:4-4-1,10:2-1-2,3:0-0-0,0:0-0-0,6:3-0-0,6:0-1-1,$275 277,14,Rst 0 Met Win-LY,1300,H Nottle,3.0,13/06/26,TABtouch - Westspeed Platinum Series (Rs0ly),1-Speed Bubble,6,41,01:17.83,Belmont Park,Soft 6,55,0:0-0-0,240420,1348935,961045,26038,17687,26038,17687,$40000,35.34sec 600m,$720,AUS
01/08/2026 00:00:00,Belmont Park,4,01-Aug-2026 14:14,1200,4yo+,Rst 0 Met Win-LY,54,Of $40000  -  1st  $21920 | 2nd  $7440| 3rd  $3520| 4th  $1560| 5th  $1160,,Handicap,TABtouch - Westspeed Platinum (Rs0ly),Apprentices Can Claim,Mia Gusto,7,Mare,Demerit,Mendicity,8,Holly Nottle,11,G J Kersley,54,1.5,2110580x666,43:6-5-3,12: 1-3-2,15: 3-0-2,5: 1-0-1,0:0-0-0,30:4-4-1,10:2-1-2,3:0-0-0,0:0-0-0,6:3-0-0,6:0-1-1,$275 277,13,BenchMark 66+,1600,H Nottle,5.5,20/12/25,Ducimus & Rommel At Ridgeport Westspeed Platinum Mile (Bm66+),1-Auto Cruise,11,61,01:36.88,Ascot,Good 4,51,0:0-0-0,236215,1317535,961045,26038,17687,26038,17687,$125000,35.28sec 600m,$0,AUS
01/08/2026 00:00:00,Belmont Park,4,01-Aug-2026 14:14,1200,4yo+,Rst 0 Met Win-LY,54,Of $40000  -  1st  $21920 | 2nd  $7440| 3rd  $3520| 4th  $1560| 5th  $1160,,Handicap,TABtouch - Westspeed Platinum (Rs0ly),Apprentices Can Claim,Mia Gusto,7,Mare,Demerit,Mendicity,8,Holly Nottle,11,G J Kersley,54,1.5,2110580x666,43:6-5-3,12: 1-3-2,15: 3-0-2,5: 1-0-1,0:0-0-0,30:4-4-1,10:2-1-2,3:0-0-0,0:0-0-0,6:3-0-0,6:0-1-1,$275 277,5,Open,1400,F W Kersley,3.2,06/12/25,TABtouch ? Westspeed Platinum Series Final,1-Auto Cruise,8,41,01:24.76,Ascot,Good 4,59.5,0:0-0-0,235813,1314941,961045,26038,17687,26038,15839,$100000,35.35sec 600m,$1800,AUS
01/08/2026 00:00:00,Belmont Park,4,01-Aug-2026 14:14,1200,4yo+,Rst 0 Met Win-LY,54,Of $40000  -  1st  $21920 | 2nd  $7440| 3rd  $3520| 4th  $1560| 5th  $1160,,Handicap,TABtouch - Westspeed Platinum (Rs0ly),Apprentices Can Claim,Mia Gusto,7,Mare,Demerit,Mendicity,8,Holly Nottle,11,G J Kersley,54,1.5,2110580x666,43:6-5-3,12: 1-3-2,15: 3-0-2,5: 1-0-1,0:0-0-0,30:4-4-1,10:2-1-2,3:0-0-0,0:0-0-0,6:3-0-0,6:0-1-1,$275 277,13,Rst 0 Met Win-LY,1400,F W Kersley,1.2,22/11/25,TABtouch - Westspeed Platinum Series Heat 3 (Rs0ly),1-Bartime,5,51,01:24.25,Ascot,Good 4,59,0:0-0-0,235506,1312516,961045,26038,17687,26038,15839,$40000,36.09sec 600m,$1160,AUS
01/08/2026 00:00:00,Belmont Park,4,01-Aug-2026 14:14,1200,4yo+,Rst 0 Met Win-LY,54,Of $40000  -  1st  $21920 | 2nd  $7440| 3rd  $3520| 4th  $1560| 5th  $1160,,Handicap,TABtouch - Westspeed Platinum (Rs0ly),Apprentices Can Claim,Mia Gusto,7,Mare,Demerit,Mendicity,8,Holly Nottle,11,G J Kersley,54,1.5,2110580x666,43:6-5-3,12: 1-3-2,15: 3-0-2,5: 1-0-1,0:0-0-0,30:4-4-1,10:2-1-2,3:0-0-0,0:0-0-0,6:3-0-0,6:0-1-1,$275 277,14,Rst 0 Met Win-LY,1600,W Pike,5.6,12/11/25,Quayclean (Rs0ly),1-Golden Dore,12,7.5,01:37.72,Belmont Park,Good 4,57,0:0-0-0,235255,1310462,961045,26038,17687,26038,12691,$35000,35.59sec 600m,$0,AUS
01/08/2026 00:00:00,Belmont Park,4,01-Aug-2026 14:14,1200,4yo+,Rst 0 Met Win-LY,54,Of $40000  -  1st  $21920 | 2nd  $7440| 3rd  $3520| 4th  $1560| 5th  $1160,,Handicap,TABtouch - Westspeed Platinum (Rs0ly),Apprentices Can Claim,Mia Gusto,7,Mare,Demerit,Mendicity,8,Holly Nottle,11,G J Kersley,54,1.5,2110580x666,43:6-5-3,12: 1-3-2,15: 3-0-2,5: 1-0-1,0:0-0-0,30:4-4-1,10:2-1-2,3:0-0-0,0:0-0-0,6:3-0-0,6:0-1-1,$275 277,4,Rst 0 Met Win-LY,1400,H Nottle,0.7,29/10/25,Morley Growers Market (Rs0ly),2-Rainline,1,10,01:24.28,Belmont Park,Good 4,52.5,0:0-0-0,234838,1307937,961045,26038,17687,26038,17687,$35000,35.06sec 600m,$19180,AUS
01/08/2026 00:00:00,Belmont Park,4,01-Aug-2026 14:14,1200,4yo+,Rst 0 Met Win-LY,54,Of $40000  -  1st  $21920 | 2nd  $7440| 3rd  $3520| 4th  $1560| 5th  $1160,,Handicap,TABtouch - Westspeed Platinum (Rs0ly),Apprentices Can Claim,Mia Gusto,7,Mare,Demerit,Mendicity,8,Holly Nottle,11,G J Kersley,54,1.5,2110580x666,43:6-5-3,12: 1-3-2,15: 3-0-2,5: 1-0-1,0:0-0-0,30:4-4-1,10:2-1-2,3:0-0-0,0:0-0-0,6:3-0-0,6:0-1-1,$275 277,3,Class 5,1300,H Nottle,0.4,16/10/25,TABtouch Past The Post Payouts Hcp (C5),2-Amjaad,1,6,01:16.22,Northam,Good 4,52,0:0-0-0,234417,1304957,961045,26038,17687,26038,17687,$30000,34.87sec 600m,$16440,AUS
01/08/2026 00:00:00,Belmont Park,4,01-Aug-2026 14:14,1200,4yo+,Rst 0 Met Win-LY,54,Of $40000  -  1st  $21920 | 2nd  $7440| 3rd  $3520| 4th  $1560| 5th  $1160,,Handicap,TABtouch - Westspeed Platinum (Rs0ly),Apprentices Can Claim,Mia Gusto,7,Mare,Demerit,Mendicity,8,Holly Nottle,11,G J Kersley,54,1.5,2110580x666,43:6-5-3,12: 1-3-2,15: 3-0-2,5: 1-0-1,0:0-0-0,30:4-4-1,10:2-1-2,3:0-0-0,0:0-0-0,6:3-0-0,6:0-1-1,$275 277,9,Class 5,1100,H Nottle,4.1,05/10/25,De Bortoli Family Winemakers Hcp (C5),1-Pin Deep,2,26,01:04.68,Northam,Soft 5,51,0:0-0-0,234116,1302690,961045,26038,17687,26038,17687,$30000,35.14sec 600m,$5580,AUS
01/08/2026 00:00:00,Belmont Park,4,01-Aug-2026 14:14,1200,4yo+,Rst 0 Met Win-LY,54,Of $40000  -  1st  $21920 | 2nd  $7440| 3rd  $3520| 4th  $1560| 5th  $1160,,Handicap,TABtouch - Westspeed Platinum (Rs0ly),Apprentices Can Claim,Slick,5,Mare,Sessions,Silver Serena,9,Brandon Louis,8,Ms J Erkelens,55.5,0,066x8119x,7:2-0-0,1: 1-0-0,1: 0-0-0,0: 0-0-0,0:0-0-0,6:2-0-0,1:0-0-0,0:0-0-0,0:0-0-0,2:0-0-0,2:1-0-0,$46 505,1,Class 3,1400,S O'Donnell,4.5,11/02/26,Swan Draught Hcp (C3),1-Western Lady,9,5,01:24.35,Belmont Park,Good 3,57.5,0:0-0-0,237260,1325336,998643,24382,16166,24382,4615,$30000,35.97sec 600m,$540,AUS
01/08/2026 00:00:00,Belmont Park,4,01-Aug-2026 14:14,1200,4yo+,Rst 0 Met Win-LY,54,Of $40000  -  1st  $21920 | 2nd  $7440| 3rd  $3520| 4th  $1560| 5th  $1160,,Handicap,TABtouch - Westspeed Platinum (Rs0ly),Apprentices Can Claim,Slick,5,Mare,Sessions,Silver Serena,9,Brandon Louis,8,Ms J Erkelens,55.5,0,066x8119x,7:2-0-0,1: 1-0-0,1: 0-0-0,0: 0-0-0,0:0-0-0,6:2-0-0,1:0-0-0,0:0-0-0,0:0-0-0,2:0-0-0,2:1-0-0,$46 505,1,Class 1,1400,S O'Donnell,0.4,28/01/26,Morley Growers Market Hcp (C1),2-Admire Astra,1,3.4,01:24.78,Ascot,Good 4,58,0:0-0-0,236996,1323329,998643,24382,16166,24382,4615,$30000,35.55sec 600m,$16440,AUS
01/08/2026 00:00:00,Belmont Park,4,01-Aug-2026 14:14,1200,4yo+,Rst 0 Met Win-LY,54,Of $40000  -  1st  $21920 | 2nd  $7440| 3rd  $3520| 4th  $1560| 5th  $1160,,Handicap,TABtouch - Westspeed Platinum (Rs0ly),Apprentices Can Claim,Slick,5,Mare,Sessions,Silver Serena,9,Brandon Louis,8,Ms J Erkelens,55.5,0,066x8119x,7:2-0-0,1: 1-0-0,1: 0-0-0,0: 0-0-0,0:0-0-0,6:2-0-0,1:0-0-0,0:0-0-0,0:0-0-0,2:0-0-0,2:1-0-0,$46 505,4,Maiden,1200,S O'Donnell,0.2,15/01/26,John Ward & Mike Wilson Mdn,2-Can't Catch Me,1,7,01:11.66,Pinjarra Scarpside,Good 4,57,0:0-0-0,236711,1321274,998643,24382,16166,24382,4615,$25000,33.81sec 600m,$13700,AUS
01/08/2026 00:00:00,Belmont Park,4,01-Aug-2026 14:14,1200,4yo+,Rst 0 Met Win-LY,54,Of $40000  -  1st  $21920 | 2nd  $7440| 3rd  $3520| 4th  $1560| 5th  $1160,,Handicap,TABtouch - Westspeed Platinum (Rs0ly),Apprentices Can Claim,Slick,5,Mare,Sessions,Silver Serena,9,Brandon Louis,8,Ms J Erkelens,55.5,0,066x8119x,7:2-0-0,1: 1-0-0,1: 0-0-0,0: 0-0-0,0:0-0-0,6:2-0-0,1:0-0-0,0:0-0-0,0:0-0-0,2:0-0-0,2:1-0-0,$46 505,10,Maiden,1000,T Turner,4.4,10/12/25,Reliable Asset Maintenance Mdn,1-The Nun,8,31,00:58.91,Ascot,Good 4,56,0:0-0-0,235913,1315691,998643,24382,16166,24382,10117,$25000,33.96sec 600m,$450,AUS
01/08/2026 00:00:00,Belmont Park,4,01-Aug-2026 14:14,1200,4yo+,Rst 0 Met Win-LY,54,Of $40000  -  1st  $21920 | 2nd  $7440| 3rd  $3520| 4th  $1560| 5th  $1160,,Handicap,TABtouch - Westspeed Platinum (Rs0ly),Apprentices Can Claim,Slick,5,Mare,Sessions,Silver Serena,9,Brandon Louis,8,Ms J Erkelens,55.5,0,066x8119x,7:2-0-0,1: 1-0-0,1: 0-0-0,0: 0-0-0,0:0-0-0,6:2-0-0,1:0-0-0,0:0-0-0,0:0-0-0,2:0-0-0,2:1-0-0,$46 505,3,Maiden,1300,S O'Donnell,7.2,26/06/25,Count Apt ? 1965 Northam Cup Winner Mdn,1-Naughty Tortie,6,81,01:16.52,Northam,Good 4,56,0:0-0-0,231315,1280599,998643,24382,16166,24382,4615,$25000,34.66sec 600m,$450,AUS
01/08/2026 00:00:00,Belmont Park,4,01-Aug-2026 14:14,1200,4yo+,Rst 0 Met Win-LY,54,Of $40000  -  1st  $21920 | 2nd  $7440| 3rd  $3520| 4th  $1560| 5th  $1160,,Handicap,TABtouch - Westspeed Platinum (Rs0ly),Apprentices Can Claim,Slick,5,Mare,Sessions,Silver Serena,9,Brandon Louis,8,Ms J Erkelens,55.5,0,066x8119x,7:2-0-0,1: 1-0-0,1: 0-0-0,0: 0-0-0,0:0-0-0,6:2-0-0,1:0-0-0,0:0-0-0,0:0-0-0,2:0-0-0,2:1-0-0,$46 505,5,Maiden,1100,B Louis,4.7,02/06/25,Triple M Northam Mdn,1-Simply Royalty,6,151,01:03.58,Northam,Soft 5,55,0:0-0-0,230596,1274987,998643,24382,16166,24382,16166,$25000,33.88sec 600m,$450,AUS
01/08/2026 00:00:00,Belmont Park,4,01-Aug-2026 14:14,1200,4yo+,Rst 0 Met Win-LY,54,Of $40000  -  1st  $21920 | 2nd  $7440| 3rd  $3520| 4th  $1560| 5th  $1160,,Handicap,TABtouch - Westspeed Platinum (Rs0ly),Apprentices Can Claim,Slick,5,Mare,Sessions,Silver Serena,9,Brandon Louis,8,Ms J Erkelens,55.5,0,066x8119x,7:2-0-0,1: 1-0-0,1: 0-0-0,0: 0-0-0,0:0-0-0,6:2-0-0,1:0-0-0,0:0-0-0,0:0-0-0,2:0-0-0,2:1-0-0,$46 505,3,Maiden,1000,T Turner,7.5,22/05/25,BJS Elantis Mdn,1-Order Online,14,91,00:57.66,Pinjarra,Good 4,55,0:0-0-0,230247,1272538,998643,24382,16166,24382,10117,$25000,33.59sec 600m,$0,AUS
01/08/2026 00:00:00,Belmont Park,4,01-Aug-2026 14:14,1200,4yo+,Rst 0 Met Win-LY,54,Of $40000  -  1st  $21920 | 2nd  $7440| 3rd  $3520| 4th  $1560| 5th  $1160,,Handicap,TABtouch - Westspeed Platinum (Rs0ly),Apprentices Can Claim,Pat's Last Bang,5,Mare,Patronize,Secret Woman,10,S Parnham,7,A W Maley,55,0,67x06994212,24:4-3-2,7: 2-0-0,4: 0-0-0,1: 0-0-0,0:0-0-0,16:3-2-1,6:0-1-1,2:1-0-0,0:0-0-0,3:1-0-1,3:1-0-0,$120 706,5,Class 5,1300,N Faithfull,1.8,22/07/26,TABtouch Share My Bet Hcp (C5),1-Millstee,2,14,01:17.82,Pinjarra Scarpside,Good 4,54,0:0-0-0,241575,1357903,1110254,25392,12664,25392,14702,$30000,34.14sec 600m,$5580,AUS
01/08/2026 00:00:00,Belmont Park,4,01-Aug-2026 14:14,1200,4yo+,Rst 0 Met Win-LY,54,Of $40000  -  1st  $21920 | 2nd  $7440| 3rd  $3520| 4th  $1560| 5th  $1160,,Handicap,TABtouch - Westspeed Platinum (Rs0ly),Apprentices Can Claim,Pat's Last Bang,5,Mare,Patronize,Secret Woman,10,S Parnham,7,A W Maley,55,0,67x06994212,24:4-3-2,7: 2-0-0,4: 0-0-0,1: 0-0-0,0:0-0-0,16:3-2-1,6:0-1-1,2:1-0-0,0:0-0-0,3:1-0-1,3:1-0-0,$120 706,5,BenchMark 58+,1200,N Faithfull,0.1,12/07/26,Snap Printing Solutions Kalgoorlie (Bm58+),2-Dreamers Never Die,1,3.7,01:11.65,Kalgoorlie,Good 4,55,0:0-0-0,241299,1355650,1110254,25392,12664,25392,14702,$24000,00.00sec 0m,$13152,AUS
01/08/2026 00:00:00,Belmont Park,4,01-Aug-2026 14:14,1200,4yo+,Rst 0 Met Win-LY,54,Of $40000  -  1st  $21920 | 2nd  $7440| 3rd  $3520| 4th  $1560| 5th  $1160,,Handicap,TABtouch - Westspeed Platinum (Rs0ly),Apprentices Can Claim,Pat's Last Bang,5,Mare,Patronize,Secret Woman,10,S Parnham,7,A W Maley,55,0,67x06994212,24:4-3-2,7: 2-0-0,4: 0-0-0,1: 0-0-0,0:0-0-0,16:3-2-1,6:0-1-1,2:1-0-0,0:0-0-0,3:1-0-1,3:1-0-0,$120 706,11,Class 3,1400,N Faithfull,0.0,02/07/26,Racing@pinjarra Park Thursday July 16 Hcp (C3),1-Bannered,2,8,01:26.49,Pinjarra,Soft 5,55,0:0-0-0,241007,1353407,1110254,25392,12664,25392,14702,$30000,00.00sec 0m,$5580,AUS
01/08/2026 00:00:00,Belmont Park,4,01-Aug-2026 14:14,1200,4yo+,Rst 0 Met Win-LY,54,Of $40000  -  1st  $21920 | 2nd  $7440| 3rd  $3520| 4th  $1560| 5th  $1160,,Handicap,TABtouch - Westspeed Platinum (Rs0ly),Apprentices Can Claim,Pat's Last Bang,5,Mare,Patronize,Secret Woman,10,S Parnham,7,A W Maley,55,0,67x06994212,24:4-3-2,7: 2-0-0,4: 0-0-0,1: 0-0-0,0:0-0-0,16:3-2-1,6:0-1-1,2:1-0-0,0:0-0-0,3:1-0-1,3:1-0-0,$120 706,1,BenchMark 58+,1200,J Mc Naught,2.5,21/06/26,Forrest Electrical (Bm58+),1-The Lions' Gate,4,6.5,01:12.56,Kalgoorlie,Soft 5,54.5,0:0-0-0,240661,1350731,1110254,25392,12664,25392,16126,$24000,00.00sec 0m,$936,AUS
01/08/2026 00:00:00,Belmont Park,4,01-Aug-2026 14:14,1200,4yo+,Rst 0 Met Win-LY,54,Of $40000  -  1st  $21920 | 2nd  $7440| 3rd  $3520| 4th  $1560| 5th  $1160,,Handicap,TABtouch - Westspeed Platinum (Rs0ly),Apprentices Can Claim,Pat's Last Bang,5,Mare,Patronize,Secret Woman,10,S Parnham,7,A W Maley,55,0,67x06994212,24:4-3-2,7: 2-0-0,4: 0-0-0,1: 0-0-0,0:0-0-0,16:3-2-1,6:0-1-1,2:1-0-0,0:0-0-0,3:1-0-1,3:1-0-0,$120 706,4,Rst 0 Met Win-LY,1300,N Faithfull,4.1,27/05/26,Lawn Pride Australia (Rs0ly),1-Dark Ambition,9,31,01:17.30,Belmont Park,Good 4,54,0:0-0-0,239956,1345323,1110254,25392,12664,25392,14702,$35000,34.60sec 600m,$630,AUS
01/08/2026 00:00:00,Belmont Park,4,01-Aug-2026 14:14,1200,4yo+,Rst 0 Met Win-LY,54,Of $40000  -  1st  $21920 | 2nd  $7440| 3rd  $3520| 4th  $1560| 5th  $1160,,Handicap,TABtouch - Westspeed Platinum (Rs0ly),Apprentices Can Claim,Pat's Last Bang,5,Mare,Patronize,Secret Woman,10,S Parnham,7,A W Maley,55,0,67x06994212,24:4-3-2,7: 2-0-0,4: 0-0-0,1: 0-0-0,0:0-0-0,16:3-2-1,6:0-1-1,2:1-0-0,0:0-0-0,3:1-0-1,3:1-0-0,$120 706,1,BenchMark 56+,1400,A Hearn,17.4,16/05/26,Shark Bay Prawn (Bm56+),1-Dream Illusion,9,3.3,01:25.66,Carnarvon,Good ,58,0:0-0-0,239610,1342833,1110254,25392,12664,25392,14758,$20000,00.00sec 0m,$0,AUS
01/08/2026 00:00:00,Belmont Park,4,01-Aug-2026 14:14,1200,4yo+,Rst 0 Met Win-LY,54,Of $40000  -  1st  $21920 | 2nd  $7440| 3rd  $3520| 4th  $1560| 5th  $1160,,Handicap,TABtouch - Westspeed Platinum (Rs0ly),Apprentices Can Claim,Pat's Last Bang,5,Mare,Patronize,Secret Woman,10,S Parnham,7,A W Maley,55,0,67x06994212,24:4-3-2,7: 2-0-0,4: 0-0-0,1: 0-0-0,0:0-0-0,16:3-2-1,6:0-1-1,2:1-0-0,0:0-0-0,3:1-0-1,3:1-0-0,$120 706,7,Class 5,1300,N Faithfull,1.5,03/05/26,Racing WA Provincial Championship Heat Hcp (C5),1-Cheryl's Shout,6,19,01:17.50,Northam,Soft 5,54.5,0:0-0-0,239278,1340152,1110254,25392,12664,25392,14702,$30000,35.73sec 600m,$540,AUS
01/08/2026 00:00:00,Belmont Park,4,01-Aug-2026 14:14,1200,4yo+,Rst 0 Met Win-LY,54,Of $40000  -  1st  $21920 | 2nd  $7440| 3rd  $3520| 4th  $1560| 5th  $1160,,Handicap,TABtouch - Westspeed Platinum (Rs0ly),Apprentices Can Claim,Pat's Last Bang,5,Mare,Patronize,Secret Woman,10,S Parnham,7,A W Maley,55,0,67x06994212,24:4-3-2,7: 2-0-0,4: 0-0-0,1: 0-0-0,0:0-0-0,16:3-2-1,6:0-1-1,2:1-0-0,0:0-0-0,3:1-0-1,3:1-0-0,$120 706,13,BenchMark 58+,1203,K Dhurun,12.2,19/04/26,Resinvest Commodities Bm58+),1-Deep Discretion,14,10,01:12.64,Geraldton,Good 4,55,0:0-0-0,238865,1337352,1110254,25392,12664,25392,16515,$30000,35.78sec 600m,$0,AUS
01/08/2026 00:00:00,Belmont Park,4,01-Aug-2026 14:14,1200,4yo+,Rst 0 Met Win-LY,54,Of $40000  -  1st  $21920 | 2nd  $7440| 3rd  $3520| 4th  $1560| 5th  $1160,,Handicap,TABtouch - Westspeed Platinum (Rs0ly),Apprentices Can Claim,Pat's Last Bang,5,Mare,Patronize,Secret Woman,10,S Parnham,7,A W Maley,55,0,67x06994212,24:4-3-2,7: 2-0-0,4: 0-0-0,1: 0-0-0,0:0-0-0,16:3-2-1,6:0-1-1,2:1-0-0,0:0-0-0,3:1-0-1,3:1-0-0,$120 706,2,Open,1400,H Watson,2.9,06/12/25,TABtouch ? Westspeed Platinum Series Final,1-Auto Cruise,7,31,01:24.76,Ascot,Good 4,55.5,0:0-0-0,235813,1314941,1110254,25392,12664,25392,16516,$100000,35.35sec 600m,$1800,AUS
01/08/2026 00:00:00,Belmont Park,4,01-Aug-2026 14:14,1200,4yo+,Rst 0 Met Win-LY,54,Of $40000  -  1st  $21920 | 2nd  $7440| 3rd  $3520| 4th  $1560| 5th  $1160,,Handicap,TABtouch - Westspeed Platinum (Rs0ly),Apprentices Can Claim,Pat's Last Bang,5,Mare,Patronize,Secret Woman,10,S Parnham,7,A W Maley,55,0,67x06994212,24:4-3-2,7: 2-0-0,4: 0-0-0,1: 0-0-0,0:0-0-0,16:3-2-1,6:0-1-1,2:1-0-0,0:0-0-0,3:1-0-1,3:1-0-0,$120 706,6,Class 3,1200,S Parnham,2.1,12/11/25,Unite Resourcing Hcp (C3),1-Maalis Song,6,18,01:12.31,Belmont Park,Good 4,56.5,0:0-0-0,235255,1310460,1110254,25392,12664,25392,12664,$30000,34.91sec 600m,$540,AUS
01/08/2026 00:00:00,Belmont Park,4,01-Aug-2026 14:14,1200,4yo+,Rst 0 Met Win-LY,54,Of $40000  -  1st  $21920 | 2nd  $7440| 3rd  $3520| 4th  $1560| 5th  $1160,,Handicap,TABtouch - Westspeed Platinum (Rs0ly),Apprentices Can Claim,Cosmic Treat,4,Mare,Universal Ruler,Cosmic Jeuney,11,Chris Parnham,1,D T McAuliffe,54.5,0,44x51x28,6:1-1-0,1: 0-1-0,1: 0-1-0,1: 0-1-0,0:0-0-0,2:1-0-0,3:0-1-0,1:0-0-0,0:0-0-0,3:0-1-0,3:1-0-0,$38 960,5,Class 1,1300,C Johnston-Porter,2.1,22/07/26,TABtouch Download Today Hcp (C1),1-Optimus Prime,8,3.4,01:18.14,Pinjarra Scarpside,Soft 5,58.5,0:0-0-0,241575,1357900,1120775,23439,15179,23439,15478,$30000,35.25sec 600m,$540,AUS
01/08/2026 00:00:00,Belmont Park,4,01-Aug-2026 14:14,1200,4yo+,Rst 0 Met Win-LY,54,Of $40000  -  1st  $21920 | 2nd  $7440| 3rd  $3520| 4th  $1560| 5th  $1160,,Handicap,TABtouch - Westspeed Platinum (Rs0ly),Apprentices Can Claim,Cosmic Treat,4,Mare,Universal Ruler,Cosmic Jeuney,11,Chris Parnham,1,D T McAuliffe,54.5,0,44x51x28,6:1-1-0,1: 0-1-0,1: 0-1-0,1: 0-1-0,0:0-0-0,2:1-0-0,3:0-1-0,1:0-0-0,0:0-0-0,3:0-1-0,3:1-0-0,$38 960,2,Rst 0 Met Win-LY,1200,C Johnston-Porter,1.6,08/07/26,Drummond Golf (Rs0ly),1-Refemme No Angel,2,10,01:11.58,Belmont Park,Soft 5,57,0:0-0-0,241200,1354889,1120775,23439,15179,23439,15478,$35000,34.94sec 600m,$6510,AUS
01/08/2026 00:00:00,Belmont Park,4,01-Aug-2026 14:14,1200,4yo+,Rst 0 Met Win-LY,54,Of $40000  -  1st  $21920 | 2nd  $7440| 3rd  $3520| 4th  $1560| 5th  $1160,,Handicap,TABtouch - Westspeed Platinum (Rs0ly),Apprentices Can Claim,Cosmic Treat,4,Mare,Universal Ruler,Cosmic Jeuney,11,Chris Parnham,1,D T McAuliffe,54.5,0,44x51x28,6:1-1-0,1: 0-1-0,1: 0-1-0,1: 0-1-0,0:0-0-0,2:1-0-0,3:0-1-0,1:0-0-0,0:0-0-0,3:0-1-0,3:1-0-0,$38 960,9,Maiden,1406,H Nottle,0.6,31/12/25,Hygain Mdn,2-Joyoh,1,4.6,01:25.09,Pinjarra,Good 4,53,0:0-0-0,236421,1319122,1120775,23439,15179,23439,17687,$25000,35.68sec 600m,$13700,AUS
01/08/2026 00:00:00,Belmont Park,4,01-Aug-2026 14:14,1200,4yo+,Rst 0 Met Win-LY,54,Of $40000  -  1st  $21920 | 2nd  $7440| 3rd  $3520| 4th  $1560| 5th  $1160,,Handicap,TABtouch - Westspeed Platinum (Rs0ly),Apprentices Can Claim,Cosmic Treat,4,Mare,Universal Ruler,Cosmic Jeuney,11,Chris Parnham,1,D T McAuliffe,54.5,0,44x51x28,6:1-1-0,1: 0-1-0,1: 0-1-0,1: 0-1-0,0:0-0-0,2:1-0-0,3:0-1-0,1:0-0-0,0:0-0-0,3:0-1-0,3:1-0-0,$38 960,8,Maiden,1100,H Nottle,2.7,18/12/25,Own The Dream 2026 Mdn,1-Alebrije,5,5.5,01:05.32,Bunbury,Good 4,53,0:0-0-0,236177,1317235,1120775,23439,15179,23439,17687,$25000,34.69sec 600m,$725,AUS
01/08/2026 00:00:00,Belmont Park,4,01-Aug-2026 14:14,1200,4yo+,Rst 0 Met Win-LY,54,Of $40000  -  1st  $21920 | 2nd  $7440| 3rd  $3520| 4th  $1560| 5th  $1160,,Handicap,TABtouch - Westspeed Platinum (Rs0ly),Apprentices Can Claim,Cosmic Treat,4,Mare,Universal Ruler,Cosmic Jeuney,11,Chris Parnham,1,D T McAuliffe,54.5,0,44x51x28,6:1-1-0,1: 0-1-0,1: 0-1-0,1: 0-1-0,0:0-0-0,2:1-0-0,3:0-1-0,1:0-0-0,0:0-0-0,3:0-1-0,3:1-0-0,$38 960,7,Rst 0 Met Win-LY,1000,Z Johnston-Porter,2.3,20/08/25,Farewell Dylan Bentley (Rs0ly),1-Desert Life,4,5,00:59.70,Pinjarra,Heavy 8,55,0:0-0-0,232885,1292873,1120775,23439,15179,23439,17062,$35000,00.00sec 0m,$1365,AUS
01/08/2026 00:00:00,Belmont Park,4,01-Aug-2026 14:14,1200,4yo+,Rst 0 Met Win-LY,54,Of $40000  -  1st  $21920 | 2nd  $7440| 3rd  $3520| 4th  $1560| 5th  $1160,,Handicap,TABtouch - Westspeed Platinum (Rs0ly),Apprentices Can Claim,Cosmic Treat,4,Mare,Universal Ruler,Cosmic Jeuney,11,Chris Parnham,1,D T McAuliffe,54.5,0,44x51x28,6:1-1-0,1: 0-1-0,1: 0-1-0,1: 0-1-0,0:0-0-0,2:1-0-0,3:0-1-0,1:0-0-0,0:0-0-0,3:0-1-0,3:1-0-0,$38 960,5,Open,1000,B Parnham,5.0,09/08/25,Bert Harrison 3yo Plate,1-Castle Road,4,5.5,00:58.17,Pinjarra,Soft 6,54,0:0-0-0,232629,1290801,1120775,23439,15179,23439,13271,$80000,34.36sec 600m,$3120,AUS
01/08/2026 00:00:00,Belmont Park,4,01-Aug-2026 14:14,1200,4yo+,Rst 0 Met Win-LY,54,Of $40000  -  1st  $21920 | 2nd  $7440| 3rd  $3520| 4th  $1560| 5th  $1160,,Handicap,TABtouch - Westspeed Platinum (Rs0ly),Apprentices Can Claim,Cawarra,4,Mare,Playing God,Lado Ciego,12,Laqdar Ramoly,3,N D Parnham,54,0,68575x42413,13:1-1-1,5: 0-0-1,7: 0-1-1,3: 0-0-1,0:0-0-0,9:0-0-0,4:1-1-1,0:0-0-0,0:0-0-0,3:0-0-0,3:0-1-0,$38 335,6,Class 1,1200,R Cheung,0.5,08/07/26,Share Bets With TABtouch Bet Loop Hcp (C1),1-Bookends,3,10,01:12.55,Belmont Park,Soft 5,55.5,0:0-0-0,241200,1354891,1118570,10820,16432,10820,17744,$30000,35.88sec 600m,$2640,AUS
01/08/2026 00:00:00,Belmont Park,4,01-Aug-2026 14:14,1200,4yo+,Rst 0 Met Win-LY,54,Of $40000  -  1st  $21920 | 2nd  $7440| 3rd  $3520| 4th  $1560| 5th  $1160,,Handicap,TABtouch - Westspeed Platinum (Rs0ly),Apprentices Can Claim,Cawarra,4,Mare,Playing God,Lado Ciego,12,Laqdar Ramoly,3,N D Parnham,54,0,68575x42413,13:1-1-1,5: 0-0-1,7: 0-1-1,3: 0-0-1,0:0-0-0,9:0-0-0,4:1-1-1,0:0-0-0,0:0-0-0,3:0-0-0,3:0-1-0,$38 335,7,Maiden,1100,R Cheung,2.2,21/06/26,Blue Spec Drilling Chile Mdn,2-Le Beau,1,2.1,01:05.45,Kalgoorlie,Soft 5,54,0:0-0-0,240661,1350728,1118570,10820,16432,10820,17744,$20000,00.00sec 0m,$11360,AUS
01/08/2026 00:00:00,Belmont Park,4,01-Aug-2026 14:14,1200,4yo+,Rst 0 Met Win-LY,54,Of $40000  -  1st  $21920 | 2nd  $7440| 3rd  $3520| 4th  $1560| 5th  $1160,,Handicap,TABtouch - Westspeed Platinum (Rs0ly),Apprentices Can Claim,Cawarra,4,Mare,Playing God,Lado Ciego,12,Laqdar Ramoly,3,N D Parnham,54,0,68575x42413,13:1-1-1,5: 0-0-1,7: 0-1-1,3: 0-0-1,0:0-0-0,9:0-0-0,4:1-1-1,0:0-0-0,0:0-0-0,3:0-0-0,3:0-1-0,$38 335,8,Maiden,1300,C Parnham,3.3,10/06/26,MC Polytrack Mdn,1-Western Jet,4,7.5,01:18.02,Belmont Park,Soft 5,56,0:0-0-0,240366,1348509,1118570,10820,16432,10820,15179,$25000,35.13sec 600m,$975,AUS
01/08/2026 00:00:00,Belmont Park,4,01-Aug-2026 14:14,1200,4yo+,Rst 0 Met Win-LY,54,Of $40000  -  1st  $21920 | 2nd  $7440| 3rd  $3520| 4th  $1560| 5th  $1160,,Handicap,TABtouch - Westspeed Platinum (Rs0ly),Apprentices Can Claim,Cawarra,4,Mare,Playing God,Lado Ciego,12,Laqdar Ramoly,3,N D Parnham,54,0,68575x42413,13:1-1-1,5: 0-0-1,7: 0-1-1,3: 0-0-1,0:0-0-0,9:0-0-0,4:1-1-1,0:0-0-0,0:0-0-0,3:0-0-0,3:0-1-0,$38 335,4,Maiden,1000,C Parnham,1.2,03/06/26,Lawn Pride Australia Mdn ,1-Busy Fingers,2,3.6,00:59.19,Belmont Park,Soft 5,56,0:0-0-0,240163,1346900,1118570,10820,16432,10820,15179,$25000,34.18sec 600m,$4650,AUS
01/08/2026 00:00:00,Belmont Park,4,01-Aug-2026 14:14,1200,4yo+,Rst 0 Met Win-LY,54,Of $40000  -  1st  $21920 | 2nd  $7440| 3rd  $3520| 4th  $1560| 5th  $1160,,Handicap,TABtouch - Westspeed Platinum (Rs0ly),Apprentices Can Claim,Cawarra,4,Mare,Playing God,Lado Ciego,12,Laqdar Ramoly,3,N D Parnham,54,0,68575x42413,13:1-1-1,5: 0-0-1,7: 0-1-1,3: 0-0-1,0:0-0-0,9:0-0-0,4:1-1-1,0:0-0-0,0:0-0-0,3:0-0-0,3:0-1-0,$38 335,10,Maiden,1000,S Parnham,4.4,20/05/26,Ashok Parekh & Co Mdn,1-Jolson Al,4,17,00:58.54,Belmont Park,Good 4,55.5,0:0-0-0,239745,1343864,1118570,10820,16432,10820,12664,$25000,33.86sec 600m,$975,AUS
01/08/2026 00:00:00,Belmont Park,4,01-Aug-2026 14:14,1200,4yo+,Rst 0 Met Win-LY,54,Of $40000  -  1st  $21920 | 2nd  $7440| 3rd  $3520| 4th  $1560| 5th  $1160,,Handicap,TABtouch - Westspeed Platinum (Rs0ly),Apprentices Can Claim,Cawarra,4,Mare,Playing God,Lado Ciego,12,Laqdar Ramoly,3,N D Parnham,54,0,68575x42413,13:1-1-1,5: 0-0-1,7: 0-1-1,3: 0-0-1,0:0-0-0,9:0-0-0,4:1-1-1,0:0-0-0,0:0-0-0,3:0-0-0,3:0-1-0,$38 335,5,Maiden,1200,J Mc Naught,8.7,26/12/25,Country Comfort Mdn,1-A Summer Fling,5,12,01:11.91,Pinjarra,Good 4,55,0:0-0-0,236304,1318220,1118570,10820,16432,10820,16126,$25000,34.99sec 600m,$725,AUS
01/08/2026 00:00:00,Belmont Park,4,01-Aug-2026 14:14,1200,4yo+,Rst 0 Met Win-LY,54,Of $40000  -  1st  $21920 | 2nd  $7440| 3rd  $3520| 4th  $1560| 5th  $1160,,Handicap,TABtouch - Westspeed Platinum (Rs0ly),Apprentices Can Claim,Cawarra,4,Mare,Playing God,Lado Ciego,12,Laqdar Ramoly,3,N D Parnham,54,0,68575x42413,13:1-1-1,5: 0-0-1,7: 0-1-1,3: 0-0-1,0:0-0-0,9:0-0-0,4:1-1-1,0:0-0-0,0:0-0-0,3:0-0-0,3:0-1-0,$38 335,7,Maiden,1400,C Parnham,3.7,11/12/25,Hygain Edge Mdn,1-Aitch Montana,7,5,01:23.87,Pinjarra,Good 4,55,0:0-0-0,235923,1315744,1118570,10820,16432,10820,15179,$25000,35.47sec 600m,$450,AUS
01/08/2026 00:00:00,Belmont Park,4,01-Aug-2026 14:14,1200,4yo+,Rst 0 Met Win-LY,54,Of $40000  -  1st  $21920 | 2nd  $7440| 3rd  $3520| 4th  $1560| 5th  $1160,,Handicap,TABtouch - Westspeed Platinum (Rs0ly),Apprentices Can Claim,Cawarra,4,Mare,Playing God,Lado Ciego,12,Laqdar Ramoly,3,N D Parnham,54,0,68575x42413,13:1-1-1,5: 0-0-1,7: 0-1-1,3: 0-0-1,0:0-0-0,9:0-0-0,4:1-1-1,0:0-0-0,0:0-0-0,3:0-0-0,3:0-1-0,$38 335,1,Rst 0 Met Win-LY,1400,S Parnham,1.7,03/12/25,Bisley Workwear (Rs0ly),1-Refemme No Angel,5,12,01:25.27,Belmont Park,Good 4,57,0:0-0-0,235758,1314486,1118570,10820,16432,10820,12664,$35000,35.90sec 600m,$1015,AUS
01/08/2026 00:00:00,Belmont Park,4,01-Aug-2026 14:14,1200,4yo+,Rst 0 Met Win-LY,54,Of $40000  -  1st  $21920 | 2nd  $7440| 3rd  $3520| 4th  $1560| 5th  $1160,,Handicap,TABtouch - Westspeed Platinum (Rs0ly),Apprentices Can Claim,Cawarra,4,Mare,Playing God,Lado Ciego,12,Laqdar Ramoly,3,N D Parnham,54,0,68575x42413,13:1-1-1,5: 0-0-1,7: 0-1-1,3: 0-0-1,0:0-0-0,9:0-0-0,4:1-1-1,0:0-0-0,0:0-0-0,3:0-0-0,3:0-1-0,$38 335,11,Maiden,1200,J Brown,4.2,12/11/25,Morley Growers Market Mdn,1-Miss Defies Me,8,18,01:12.19,Belmont Park,Good 4,54,0:0-0-0,235255,1310456,1118570,10820,16432,10820,1236,$25000,34.39sec 600m,$450,AUS
01/08/2026 00:00:00,Belmont Park,4,01-Aug-2026 14:14,1200,4yo+,Rst 0 Met Win-LY,54,Of $40000  -  1st  $21920 | 2nd  $7440| 3rd  $3520| 4th  $1560| 5th  $1160,,Handicap,TABtouch - Westspeed Platinum (Rs0ly),Apprentices Can Claim,Cawarra,4,Mare,Playing God,Lado Ciego,12,Laqdar Ramoly,3,N D Parnham,54,0,68575x42413,13:1-1-1,5: 0-0-1,7: 0-1-1,3: 0-0-1,0:0-0-0,9:0-0-0,4:1-1-1,0:0-0-0,0:0-0-0,3:0-0-0,3:0-1-0,$38 335,3,Maiden,1200,C Parnham,3.4,29/10/25,Drummond Golf Mdn ,1-Maalis Song,6,4.6,01:12.25,Belmont Park,Good 4,54,0:0-0-0,234838,1307934,1118570,10820,16432,10820,15179,$25000,33.41sec 600m,$450,AUS
01/08/2026 00:00:00,Belmont Park,4,01-Aug-2026 14:14,1200,4yo+,Rst 0 Met Win-LY,54,Of $40000  -  1st  $21920 | 2nd  $7440| 3rd  $3520| 4th  $1560| 5th  $1160,,Handicap,TABtouch - Westspeed Platinum (Rs0ly),Apprentices Can Claim,Village Girl,7,Mare,Universal Ruler,Amber Dream,13,S O'Donnell,10,Takahide Ikenushi,54,0,6659400770,58:7-5-6,26: 4-1-2,19: 1-1-2,9: 1-0-1,0:0-0-0,38:6-3-4,15:1-1-1,5:0-1-1,0:0-0-0,4:2-0-1,4:0-0-0,$198 853,8,Bench. 46+,1200,T Atherden,6.8,16/07/26,Hahn 3.5 (Bm46+),1-Superb Vintage,13,17,01:13.09,Pinjarra,Soft 7,56.5,0:0-0-0,241406,1356502,959232,28479,4615,28479,17865,$17000,35.87sec 600m,$0,AUS
01/08/2026 00:00:00,Belmont Park,4,01-Aug-2026 14:14,1200,4yo+,Rst 0 Met Win-LY,54,Of $40000  -  1st  $21920 | 2nd  $7440| 3rd  $3520| 4th  $1560| 5th  $1160,,Handicap,TABtouch - Westspeed Platinum (Rs0ly),Apprentices Can Claim,Village Girl,7,Mare,Universal Ruler,Amber Dream,13,S O'Donnell,10,Takahide Ikenushi,54,0,6659400770,58:7-5-6,26: 4-1-2,19: 1-1-2,9: 1-0-1,0:0-0-0,38:6-3-4,15:1-1-1,5:0-1-1,0:0-0-0,4:2-0-1,4:0-0-0,$198 853,5,Open,1400,N Faithfull,4.6,27/06/26,TABtouch - Westspeed Platinum Winter Series Final,1-Diamonds'n'rubies,7,20,01:26.75,Belmont Park,Heavy 8,55,0:0-0-0,240853,1352208,959232,28479,4615,28479,14702,$100000,37.21sec 600m,$1800,AUS
01/08/2026 00:00:00,Belmont Park,4,01-Aug-2026 14:14,1200,4yo+,Rst 0 Met Win-LY,54,Of $40000  -  1st  $21920 | 2nd  $7440| 3rd  $3520| 4th  $1560| 5th  $1160,,Handicap,TABtouch - Westspeed Platinum (Rs0ly),Apprentices Can Claim,Village Girl,7,Mare,Universal Ruler,Amber Dream,13,S O'Donnell,10,Takahide Ikenushi,54,0,6659400770,58:7-5-6,26: 4-1-2,19: 1-1-2,9: 1-0-1,0:0-0-0,38:6-3-4,15:1-1-1,5:0-1-1,0:0-0-0,4:2-0-1,4:0-0-0,$198 853,11,Rst 0 Met Win-LY,1300,N Riordan,3.2,13/06/26,TABtouch - Westspeed Platinum Series (Rs0ly),1-Speed Bubble,7,41,01:17.83,Belmont Park,Soft 6,52.5,0:0-0-0,240420,1348935,959232,28479,4615,28479,17685,$40000,35.34sec 600m,$720,AUS
01/08/2026 00:00:00,Belmont Park,4,01-Aug-2026 14:14,1200,4yo+,Rst 0 Met Win-LY,54,Of $40000  -  1st  $21920 | 2nd  $7440| 3rd  $3520| 4th  $1560| 5th  $1160,,Handicap,TABtouch - Westspeed Platinum (Rs0ly),Apprentices Can Claim,Village Girl,7,Mare,Universal Ruler,Amber Dream,13,S O'Donnell,10,Takahide Ikenushi,54,0,6659400770,58:7-5-6,26: 4-1-2,19: 1-1-2,9: 1-0-1,0:0-0-0,38:6-3-4,15:1-1-1,5:0-1-1,0:0-0-0,4:2-0-1,4:0-0-0,$198 853,1,Rst 0 Met Win-LY,1200,L Fiore,3.2,03/06/26,Share Bets With TABtouch Bet Loop (Rs0ly),1-Armino,10,10,01:11.98,Belmont Park,Soft 5,54,0:0-0-0,240163,1346905,959232,28479,4615,28479,15372,$35000,34.76sec 600m,$630,AUS
01/08/2026 00:00:00,Belmont Park,4,01-Aug-2026 14:14,1200,4yo+,Rst 0 Met Win-LY,54,Of $40000  -  1st  $21920 | 2nd  $7440| 3rd  $3520| 4th  $1560| 5th  $1160,,Handicap,TABtouch - Westspeed Platinum (Rs0ly),Apprentices Can Claim,Village Girl,7,Mare,Universal Ruler,Amber Dream,13,S O'Donnell,10,Takahide Ikenushi,54,0,6659400770,58:7-5-6,26: 4-1-2,19: 1-1-2,9: 1-0-1,0:0-0-0,38:6-3-4,15:1-1-1,5:0-1-1,0:0-0-0,4:2-0-1,4:0-0-0,$198 853,9,Rst 0 Met Win-LY,1400,H Nottle,6.3,21/03/26,TABtouch - Westspeed Platinum (Rs0ly),1-Don't Trust Judas,10,13,01:23.73,Ascot,Good 4,54,0:0-0-0,238123,1331986,959232,28479,4615,28479,17687,$40000,35.34sec 600m,$720,AUS
01/08/2026 00:00:00,Belmont Park,4,01-Aug-2026 14:14,1200,4yo+,Rst 0 Met Win-LY,54,Of $40000  -  1st  $21920 | 2nd  $7440| 3rd  $3520| 4th  $1560| 5th  $1160,,Handicap,TABtouch - Westspeed Platinum (Rs0ly),Apprentices Can Claim,Village Girl,7,Mare,Universal Ruler,Amber Dream,13,S O'Donnell,10,Takahide Ikenushi,54,0,6659400770,58:7-5-6,26: 4-1-2,19: 1-1-2,9: 1-0-1,0:0-0-0,38:6-3-4,15:1-1-1,5:0-1-1,0:0-0-0,4:2-0-1,4:0-0-0,$198 853,8,Rst 0 Met Win-LY,1600,H Watson,3.1,14/03/26,TABtouch - Westspeed Platinum (Rs0ly),1-Noble Connection,4,21,01:37.12,Ascot,Good 4,56,0:0-0-0,237965,1330739,959232,28479,4615,28479,16516,$40000,35.75sec 600m,$1560,AUS
01/08/2026 00:00:00,Belmont Park,4,01-Aug-2026 14:14,1200,4yo+,Rst 0 Met Win-LY,54,Of $40000  -  1st  $21920 | 2nd  $7440| 3rd  $3520| 4th  $1560| 5th  $1160,,Handicap,TABtouch - Westspeed Platinum (Rs0ly),Apprentices Can Claim,Village Girl,7,Mare,Universal Ruler,Amber Dream,13,S O'Donnell,10,Takahide Ikenushi,54,0,6659400770,58:7-5-6,26: 4-1-2,19: 1-1-2,9: 1-0-1,0:0-0-0,38:6-3-4,15:1-1-1,5:0-1-1,0:0-0-0,4:2-0-1,4:0-0-0,$198 853,15,Rst 0 Met Win-LY,1400,A Kennedy,3.8,28/02/26,TABtouch - Westspeed Platinum (Rs0ly),1-Magical Sequence,9,41,01:24.31,Ascot,Good 4,56.5,0:0-0-0,237645,1328284,959232,28479,4615,28479,13600,$40000,35.83sec 600m,$720,AUS
01/08/2026 00:00:00,Belmont Park,4,01-Aug-2026 14:14,1200,4yo+,Rst 0 Met Win-LY,54,Of $40000  -  1st  $21920 | 2nd  $7440| 3rd  $3520| 4th  $1560| 5th  $1160,,Handicap,TABtouch - Westspeed Platinum (Rs0ly),Apprentices Can Claim,Village Girl,7,Mare,Universal Ruler,Amber Dream,13,S O'Donnell,10,Takahide Ikenushi,54,0,6659400770,58:7-5-6,26: 4-1-2,19: 1-1-2,9: 1-0-1,0:0-0-0,38:6-3-4,15:1-1-1,5:0-1-1,0:0-0-0,4:2-0-1,4:0-0-0,$198 853,12,Rst 0 Met Win-LY,1600,H Watson,2.0,22/02/26,TABtouch Pinjarra Cup Sun 22 March Book Now (Rs0ly),1-Rudhyar,5,26,01:37.74,Pinjarra Scarpside,Good 4,56.5,0:0-0-0,237513,1327238,959232,28479,4615,28479,16516,$35000,36.57sec 600m,$1015,AUS
01/08/2026 00:00:00,Belmont Park,4,01-Aug-2026 14:14,1200,4yo+,Rst 0 Met Win-LY,54,Of $40000  -  1st  $21920 | 2nd  $7440| 3rd  $3520| 4th  $1560| 5th  $1160,,Handicap,TABtouch - Westspeed Platinum (Rs0ly),Apprentices Can Claim,Village Girl,7,Mare,Universal Ruler,Amber Dream,13,S O'Donnell,10,Takahide Ikenushi,54,0,6659400770,58:7-5-6,26: 4-1-2,19: 1-1-2,9: 1-0-1,0:0-0-0,38:6-3-4,15:1-1-1,5:0-1-1,0:0-0-0,4:2-0-1,4:0-0-0,$198 853,12,BenchMark 66+,1200,H Watson,4.0,14/02/26,Thoroughbred Breeders WA Platinum Classic (Bm66+),1-Rissoles,6,41,01:10.05,Pinjarra,Good 4,54.5,0:0-0-0,237310,1325686,959232,28479,4615,28479,16516,$80000,34.39sec 600m,$1440,AUS
01/08/2026 00:00:00,Belmont Park,4,01-Aug-2026 14:14,1200,4yo+,Rst 0 Met Win-LY,54,Of $40000  -  1st  $21920 | 2nd  $7440| 3rd  $3520| 4th  $1560| 5th  $1160,,Handicap,TABtouch - Westspeed Platinum (Rs0ly),Apprentices Can Claim,Village Girl,7,Mare,Universal Ruler,Amber Dream,13,S O'Donnell,10,Takahide Ikenushi,54,0,6659400770,58:7-5-6,26: 4-1-2,19: 1-1-2,9: 1-0-1,0:0-0-0,38:6-3-4,15:1-1-1,5:0-1-1,0:0-0-0,4:2-0-1,4:0-0-0,$198 853,6,BenchMark 70+,1200,H Nottle,2.2,08/02/26,Plantagenet Hotel (Bm70+),1-Storm Commander,6,3.9,01:12.32,Mt Barker,Good 3,54.5,0:0-0-0,237193,1324775,959232,28479,4615,28479,17687,$24000,00.00sec 0m,$432,AUS
meeting date,track,race number,start time,distance,age restrictions,class restrictions,weight restrictions,race prizemoney,sex restrictions,weight type,race name,jockeys can claim,horse name,horse age,horse sex,horse sire,horse dam,horse number,horse jockey,horse barrier,horse trainer,horse weight,horse claim,horse last10,horse record,horse record distance,horse record track,horse record track distance,horse record firm,horse record good,horse record soft,horse record heavy,horse record jumps,horse record first up,horse record second up,horse prize money,form barrier,form class,form distance,form jockey,form margin,form meeting date,form name,form other runners,form position,form price,form time,form track,form track condition,form weight,horse record synthetic,meeting id, race id, horse id, horse trainer id, horse jockey id, form trainer id, form jockey id,prizemoney,sectional,prizemoney won,country
01/08/2026 00:00:00,Belmont Park,5,01-Aug-2026 14:59,1300,3yo,Open,0,Of $80000  -  1st  $43840 | 2nd  $14880| 3rd  $7040| 4th  $3120| 5th  $2320,,Set Weight With Penalties,Wittens Irrigation & Design Plate,Apprentices Can Claim,They'reallsisters,3,Filly,Splintex,River Hussy,1,P Harvey,12,D R Harrison,57.5,0,212x1,4:2-2-0,0: 0-0-0,1: 1-0-0,0: 0-0-0,0:0-0-0,3:1-2-0,1:1-0-0,0:0-0-0,0:0-0-0,2:1-1-0,1:1-0-0,$237 060,14,Open,1200,P Harvey,0.2,18/07/26,Quayclean Plate,2-Godspeed,1,6,01:13.46,Belmont Park,Soft 7,56,0:0-0-0,241452,1356898,1129033,9257,3809,9257,3809,$80000,35.84sec 600m,$43840,AUS
01/08/2026 00:00:00,Belmont Park,5,01-Aug-2026 14:59,1300,3yo,Open,0,Of $80000  -  1st  $43840 | 2nd  $14880| 3rd  $7040| 4th  $3120| 5th  $2320,,Set Weight With Penalties,Wittens Irrigation & Design Plate,Apprentices Can Claim,They'reallsisters,3,Filly,Splintex,River Hussy,1,P Harvey,12,D R Harrison,57.5,0,212x1,4:2-2-0,0: 0-0-0,1: 1-0-0,0: 0-0-0,0:0-0-0,3:1-2-0,1:1-0-0,0:0-0-0,0:0-0-0,2:1-1-0,1:1-0-0,$237 060,4,Open,1200,W Pike,0.8,14/02/26,Magic Millions WA 2yo Classic (RL),1-Maria Lucia,2,2.4,01:11.57,Pinjarra,Good 4,55,0:0-0-0,237310,1325687,1129033,9257,3809,9257,12691,$250000,34.95sec 600m,$46500,AUS
01/08/2026 00:00:00,Belmont Park,5,01-Aug-2026 14:59,1300,3yo,Open,0,Of $80000  -  1st  $43840 | 2nd  $14880| 3rd  $7040| 4th  $3120| 5th  $2320,,Set Weight With Penalties,Wittens Irrigation & Design Plate,Apprentices Can Claim,They'reallsisters,3,Filly,Splintex,River Hussy,1,P Harvey,12,D R Harrison,57.5,0,212x1,4:2-2-0,0: 0-0-0,1: 1-0-0,0: 0-0-0,0:0-0-0,3:1-2-0,1:1-0-0,0:0-0-0,0:0-0-0,2:1-1-0,1:1-0-0,$237 060,5,Open,1200,L Fiore,0.3,24/01/26,Magic Millions Plate,2-Boy Crush,1,3.4,01:12.07,Ascot,Good 4,54,0:0-0-0,236907,1322711,1129033,9257,3809,9257,15372,$80000,35.26sec 600m,$43840,AUS
01/08/2026 00:00:00,Belmont Park,5,01-Aug-2026 14:59,1300,3yo,Open,0,Of $80000  -  1st  $43840 | 2nd  $14880| 3rd  $7040| 4th  $3120| 5th  $2320,,Set Weight With Penalties,Wittens Irrigation & Design Plate,Apprentices Can Claim,They'reallsisters,3,Filly,Splintex,River Hussy,1,P Harvey,12,D R Harrison,57.5,0,212x1,4:2-2-0,0: 0-0-0,1: 1-0-0,0: 0-0-0,0:0-0-0,3:1-2-0,1:1-0-0,0:0-0-0,0:0-0-0,2:1-1-0,1:1-0-0,$237 060,1,Open,1100,W Pike,1.8,10/01/26,Magic Millions Plate,1-Boy Crush,2,3.1,01:05.03,Ascot,Good 4,55,0:0-0-0,236611,1320511,1129033,9257,3809,9257,12691,$80000,00.00sec 0m,$14880,AUS
01/08/2026 00:00:00,Belmont Park,5,01-Aug-2026 14:59,1300,3yo,Open,0,Of $80000  -  1st  $43840 | 2nd  $14880| 3rd  $7040| 4th  $3120| 5th  $2320,,Set Weight With Penalties,Wittens Irrigation & Design Plate,Apprentices Can Claim,Countersunk,3,Gelding,Maschino,Prima Vista,2,J Whiting,2,L P Luciani,56,0,831,3:1-0-1,2: 1-0-1,2: 0-0-1,1: 0-0-1,0:0-0-0,1:0-0-0,2:1-0-1,0:0-0-0,0:0-0-0,1:0-0-0,1:0-0-1,$35 180,5,Maiden,1300,J Whiting,0.5,22/07/26,State Wide Turf Services Mdn,2-Trickster,1,7,01:18.49,Pinjarra Scarpside,Soft 5,57,0:0-0-0,241575,1357899,1136714,7451,10067,7451,10067,$25000,34.56sec 600m,$13700,AUS
01/08/2026 00:00:00,Belmont Park,5,01-Aug-2026 14:59,1300,3yo,Open,0,Of $80000  -  1st  $43840 | 2nd  $14880| 3rd  $7040| 4th  $3120| 5th  $2320,,Set Weight With Penalties,Wittens Irrigation & Design Plate,Apprentices Can Claim,Countersunk,3,Gelding,Maschino,Prima Vista,2,J Whiting,2,L P Luciani,56,0,831,3:1-0-1,2: 1-0-1,2: 0-0-1,1: 0-0-1,0:0-0-0,1:0-0-0,2:1-0-1,0:0-0-0,0:0-0-0,1:0-0-0,1:0-0-1,$35 180,9,Open,1300,T Turner,2.2,04/07/26,MC Polytrack Plate,1-Harbour Rise,3,41,01:19.90,Belmont Park,Soft 6,57,0:0-0-0,241063,1353812,1136714,7451,10067,7451,10117,$80000,35.82sec 600m,$7040,AUS
01/08/2026 00:00:00,Belmont Park,5,01-Aug-2026 14:59,1300,3yo,Open,0,Of $80000  -  1st  $43840 | 2nd  $14880| 3rd  $7040| 4th  $3120| 5th  $2320,,Set Weight With Penalties,Wittens Irrigation & Design Plate,Apprentices Can Claim,Countersunk,3,Gelding,Maschino,Prima Vista,2,J Whiting,2,L P Luciani,56,0,831,3:1-0-1,2: 1-0-1,2: 0-0-1,1: 0-0-1,0:0-0-0,1:0-0-0,2:1-0-1,0:0-0-0,0:0-0-0,1:0-0-0,1:0-0-1,$35 180,7,Open,1200,J Whiting,2.4,20/06/26,MC Polytrack Plate,1-In Good Nicc,8,101,01:12.53,Belmont Park,Good 4,57,0:0-0-0,240643,1350605,1136714,7451,10067,7451,10067,$80000,35.41sec 600m,$1440,AUS
01/08/2026 00:00:00,Belmont Park,5,01-Aug-2026 14:59,1300,3yo,Open,0,Of $80000  -  1st  $43840 | 2nd  $14880| 3rd  $7040| 4th  $3120| 5th  $2320,,Set Weight With Penalties,Wittens Irrigation & Design Plate,Apprentices Can Claim,Godspeed,3,Gelding,Playing God,Cascada,3,C Johnston-Porter,14,C & M Gangemi,56,0,2,1:0-1-0,0: 0-0-0,1: 0-1-0,0: 0-0-0,0:0-0-0,0:0-0-0,1:0-1-0,0:0-0-0,0:0-0-0,1:0-1-0,0:0-0-0,$21 480,9,Open,1200,C Johnston-Porter,0.2,18/07/26,Quayclean Plate,1-They'reallsisters,2,4,01:13.46,Belmont Park,Soft 7,56,0:0-0-0,241452,1356898,1135593,27659,15478,27659,15478,$80000,35.84sec 600m,$14880,AUS
01/08/2026 00:00:00,Belmont Park,5,01-Aug-2026 14:59,1300,3yo,Open,0,Of $80000  -  1st  $43840 | 2nd  $14880| 3rd  $7040| 4th  $3120| 5th  $2320,,Set Weight With Penalties,Wittens Irrigation & Design Plate,Apprentices Can Claim,Western Splendour,3,Gelding,Splintex,Western Star,4,S Mc Gruddy,6,D R Harrison,56,0,99x27,4:0-1-0,0: 0-0-0,1: 0-0-0,0: 0-0-0,0:0-0-0,3:0-0-0,1:0-1-0,0:0-0-0,0:0-0-0,2:0-1-0,2:0-0-0,$9 780,8,Open,1000,P Harvey,3.2,25/07/26,Drummond Golf Plate,1-Rifleman,7,26,00:58.48,Belmont Park,Good 4,57,0:0-0-0,241634,1358379,1133356,9257,4651,9257,3809,$80000,34.38sec 600m,$1440,AUS
01/08/2026 00:00:00,Belmont Park,5,01-Aug-2026 14:59,1300,3yo,Open,0,Of $80000  -  1st  $43840 | 2nd  $14880| 3rd  $7040| 4th  $3120| 5th  $2320,,Set Weight With Penalties,Wittens Irrigation & Design Plate,Apprentices Can Claim,Western Splendour,3,Gelding,Splintex,Western Star,4,S Mc Gruddy,6,D R Harrison,56,0,99x27,4:0-1-0,0: 0-0-0,1: 0-0-0,0: 0-0-0,0:0-0-0,3:0-0-0,1:0-1-0,0:0-0-0,0:0-0-0,2:0-1-0,2:0-0-0,$9 780,6,Maiden,1100,P Harvey,0.8,15/07/26,TABtouch Download Today Mdn,1-Quedjinup,2,10,01:06.15,Bunbury,Soft 5,57,0:0-0-0,241405,1356490,1133356,9257,4651,9257,3809,$25000,00.00sec 0m,$4650,AUS
01/08/2026 00:00:00,Belmont Park,5,01-Aug-2026 14:59,1300,3yo,Open,0,Of $80000  -  1st  $43840 | 2nd  $14880| 3rd  $7040| 4th  $3120| 5th  $2320,,Set Weight With Penalties,Wittens Irrigation & Design Plate,Apprentices Can Claim,Western Splendour,3,Gelding,Splintex,Western Star,4,S Mc Gruddy,6,D R Harrison,56,0,99x27,4:0-1-0,0: 0-0-0,1: 0-0-0,0: 0-0-0,0:0-0-0,3:0-0-0,1:0-1-0,0:0-0-0,0:0-0-0,2:0-1-0,2:0-0-0,$9 780,4,Open,1100,P Carbery,5.5,10/01/26,Magic Millions Plate,1-Boy Crush,9,91,01:05.03,Ascot,Good 4,57,0:0-0-0,236611,1320511,1133356,9257,4651,9257,9877,$80000,00.00sec 0m,$1440,AUS
01/08/2026 00:00:00,Belmont Park,5,01-Aug-2026 14:59,1300,3yo,Open,0,Of $80000  -  1st  $43840 | 2nd  $14880| 3rd  $7040| 4th  $3120| 5th  $2320,,Set Weight With Penalties,Wittens Irrigation & Design Plate,Apprentices Can Claim,Western Splendour,3,Gelding,Splintex,Western Star,4,S Mc Gruddy,6,D R Harrison,56,0,99x27,4:0-1-0,0: 0-0-0,1: 0-0-0,0: 0-0-0,0:0-0-0,3:0-0-0,1:0-1-0,0:0-0-0,0:0-0-0,2:0-1-0,2:0-0-0,$9 780,9,Open,1000,P Carbery,6.0,20/12/25,Marine One Yearlings In 2026 Westspeed Platinum Plate,1-He's A Machino,9,61,00:59.65,Ascot,Good 4,56,0:0-0-0,236215,1317531,1133356,9257,4651,9257,9877,$125000,35.07sec 600m,$2250,AUS
01/08/2026 00:00:00,Belmont Park,5,01-Aug-2026 14:59,1300,3yo,Open,0,Of $80000  -  1st  $43840 | 2nd  $14880| 3rd  $7040| 4th  $3120| 5th  $2320,,Set Weight With Penalties,Wittens Irrigation & Design Plate,Apprentices Can Claim,The Persian God,3,Gelding,Tagaloa,Persian Princess,5,P Carbery,11,Mitchell Pateman,56,0,3,1:0-0-1,0: 0-0-0,1: 0-0-1,0: 0-0-0,0:0-0-0,0:0-0-0,1:0-0-1,0:0-0-0,0:0-0-0,1:0-0-1,0:0-0-0,$8 690,6,Open,1200,P Carbery,2.8,18/07/26,Quayclean Plate,1-They'reallsisters,3,8.5,01:13.46,Belmont Park,Soft 7,56,0:0-0-0,241452,1356898,1128762,27979,9877,27979,9877,$80000,35.84sec 600m,$7040,AUS
01/08/2026 00:00:00,Belmont Park,5,01-Aug-2026 14:59,1300,3yo,Open,0,Of $80000  -  1st  $43840 | 2nd  $14880| 3rd  $7040| 4th  $3120| 5th  $2320,,Set Weight With Penalties,Wittens Irrigation & Design Plate,Apprentices Can Claim,Paul Party,3,Gelding,Splintex,Prete A Partir,6,Holly Watson,3,A W Maley,56,0,76000x8,6:0-0-0,0: 0-0-0,0: 0-0-0,0: 0-0-0,0:0-0-0,6:0-0-0,0:0-0-0,0:0-0-0,0:0-0-0,2:0-0-0,1:0-0-0,$5 580,4,Maiden,1200,N Riordan,4.1,16/07/26,Electrical Consultancy WA Mdn,1-You Can Call Me Al,8,31,01:12.12,Pinjarra,Good 4,53.5,0:0-0-0,241406,1356498,1132608,25392,16516,25392,17685,$25000,35.32sec 600m,$450,AUS
01/08/2026 00:00:00,Belmont Park,5,01-Aug-2026 14:59,1300,3yo,Open,0,Of $80000  -  1st  $43840 | 2nd  $14880| 3rd  $7040| 4th  $3120| 5th  $2320,,Set Weight With Penalties,Wittens Irrigation & Design Plate,Apprentices Can Claim,Paul Party,3,Gelding,Splintex,Prete A Partir,6,Holly Watson,3,A W Maley,56,0,76000x8,6:0-0-0,0: 0-0-0,0: 0-0-0,0: 0-0-0,0:0-0-0,6:0-0-0,0:0-0-0,0:0-0-0,0:0-0-0,2:0-0-0,1:0-0-0,$5 580,4,Maiden,1400,J Whiting,12.2,05/03/26,Swan Draught Mdn,1-Sky Poet,12,91,01:24.92,Pinjarra Scarpside,Good 4,55,0:0-0-0,237740,1329042,1132608,25392,16516,25392,10067,$25000,35.40sec 600m,$0,AUS
01/08/2026 00:00:00,Belmont Park,5,01-Aug-2026 14:59,1300,3yo,Open,0,Of $80000  -  1st  $43840 | 2nd  $14880| 3rd  $7040| 4th  $3120| 5th  $2320,,Set Weight With Penalties,Wittens Irrigation & Design Plate,Apprentices Can Claim,Paul Party,3,Gelding,Splintex,Prete A Partir,6,Holly Watson,3,A W Maley,56,0,76000x8,6:0-0-0,0: 0-0-0,0: 0-0-0,0: 0-0-0,0:0-0-0,6:0-0-0,0:0-0-0,0:0-0-0,0:0-0-0,2:0-0-0,1:0-0-0,$5 580,3,Open,1200,S O'Donnell,8.3,14/02/26,Magic Millions WA 2yo Classic (RL),1-Maria Lucia,11,201,01:11.57,Pinjarra,Good 4,57,0:0-0-0,237310,1325687,1132608,25392,16516,25392,4615,$250000,34.95sec 600m,$0,AUS
01/08/2026 00:00:00,Belmont Park,5,01-Aug-2026 14:59,1300,3yo,Open,0,Of $80000  -  1st  $43840 | 2nd  $14880| 3rd  $7040| 4th  $3120| 5th  $2320,,Set Weight With Penalties,Wittens Irrigation & Design Plate,Apprentices Can Claim,Paul Party,3,Gelding,Splintex,Prete A Partir,6,Holly Watson,3,A W Maley,56,0,76000x8,6:0-0-0,0: 0-0-0,0: 0-0-0,0: 0-0-0,0:0-0-0,6:0-0-0,0:0-0-0,0:0-0-0,0:0-0-0,2:0-0-0,1:0-0-0,$5 580,7,Open,1200,H Watson,11.2,03/01/26,Tuckey's Hardware Plate,1-Wolf Whistle Zel,10,61,01:11.37,Pinjarra,Good 4,57,0:0-0-0,236492,1319643,1132608,25392,16516,25392,16516,$80000,35.34sec 600m,$1440,AUS
01/08/2026 00:00:00,Belmont Park,5,01-Aug-2026 14:59,1300,3yo,Open,0,Of $80000  -  1st  $43840 | 2nd  $14880| 3rd  $7040| 4th  $3120| 5th  $2320,,Set Weight With Penalties,Wittens Irrigation & Design Plate,Apprentices Can Claim,Paul Party,3,Gelding,Splintex,Prete A Partir,6,Holly Watson,3,A W Maley,56,0,76000x8,6:0-0-0,0: 0-0-0,0: 0-0-0,0: 0-0-0,0:0-0-0,6:0-0-0,0:0-0-0,0:0-0-0,0:0-0-0,2:0-0-0,1:0-0-0,$5 580,8,Open,1000,H Watson,4.3,20/12/25,Marine One Yearlings In 2026 Westspeed Platinum Plate,1-He's A Machino,6,81,00:59.65,Ascot,Good 4,56,0:0-0-0,236215,1317531,1132608,25392,16516,25392,16516,$125000,35.07sec 600m,$2250,AUS
01/08/2026 00:00:00,Belmont Park,5,01-Aug-2026 14:59,1300,3yo,Open,0,Of $80000  -  1st  $43840 | 2nd  $14880| 3rd  $7040| 4th  $3120| 5th  $2320,,Set Weight With Penalties,Wittens Irrigation & Design Plate,Apprentices Can Claim,Paul Party,3,Gelding,Splintex,Prete A Partir,6,Holly Watson,3,A W Maley,56,0,76000x8,6:0-0-0,0: 0-0-0,0: 0-0-0,0: 0-0-0,0:0-0-0,6:0-0-0,0:0-0-0,0:0-0-0,0:0-0-0,2:0-0-0,1:0-0-0,$5 580,2,Open,1000,H Watson,3.5,06/12/25,Magic Millions Plate ,1-Red Lark,7,51,00:59.72,Ascot,Good 4,57,0:0-0-0,235813,1314937,1132608,25392,16516,25392,16516,$80000,35.41sec 600m,$1440,AUS
01/08/2026 00:00:00,Belmont Park,5,01-Aug-2026 14:59,1300,3yo,Open,0,Of $80000  -  1st  $43840 | 2nd  $14880| 3rd  $7040| 4th  $3120| 5th  $2320,,Set Weight With Penalties,Wittens Irrigation & Design Plate,Apprentices Can Claim,Trickster,3,Gelding,Maurice,Araaja,7,Chris Parnham,10,A G Durrant,56,0,2,1:0-1-0,1: 0-1-0,0: 0-0-0,0: 0-0-0,0:0-0-0,0:0-0-0,1:0-1-0,0:0-0-0,0:0-0-0,1:0-1-0,0:0-0-0,$4 650,7,Maiden,1300,W Pike,0.5,22/07/26,State Wide Turf Services Mdn,1-Countersunk,2,2.6,01:18.49,Pinjarra Scarpside,Soft 5,57,0:0-0-0,241575,1357899,1117070,24034,15179,24034,12691,$25000,34.56sec 600m,$4650,AUS
01/08/2026 00:00:00,Belmont Park,5,01-Aug-2026 14:59,1300,3yo,Open,0,Of $80000  -  1st  $43840 | 2nd  $14880| 3rd  $7040| 4th  $3120| 5th  $2320,,Set Weight With Penalties,Wittens Irrigation & Design Plate,Apprentices Can Claim,Non Reflective,3,Gelding,Shalaa,Amber Glow,8,B Parnham,13,Luke Fernie,56,0,4,1:0-0-0,0: 0-0-0,1: 0-0-0,0: 0-0-0,0:0-0-0,0:0-0-0,1:0-0-0,0:0-0-0,0:0-0-0,1:0-0-0,0:0-0-0,$3 120,3,Open,1200,B Parnham,3.0,18/07/26,Quayclean Plate,1-They'reallsisters,4,31,01:13.46,Belmont Park,Soft 7,56,0:0-0-0,241452,1356898,1133731,27420,13271,27420,13271,$80000,35.84sec 600m,$3120,AUS
01/08/2026 00:00:00,Belmont Park,5,01-Aug-2026 14:59,1300,3yo,Open,0,Of $80000  -  1st  $43840 | 2nd  $14880| 3rd  $7040| 4th  $3120| 5th  $2320,,Set Weight With Penalties,Wittens Irrigation & Design Plate,Apprentices Can Claim,God's Hammer,3,Gelding,Playing God,Clear Blue Sky,9,W Pike,5,D L Morton,56,0,5x,1:0-0-0,0: 0-0-0,0: 0-0-0,0: 0-0-0,0:0-0-0,0:0-0-0,1:0-0-0,0:0-0-0,0:0-0-0,1:0-0-0,0:0-0-0,$2 320,5,Open,1200,L Fiore,2.5,01/04/26,Unite Resourcing Plate,1-Rok 'N' Rom,5,2.7,01:11.79,Ascot,Soft 5,57,0:0-0-0,238354,1333691,1131369,23498,12691,23498,15372,$80000,34.99sec 600m,$2320,AUS
01/08/2026 00:00:00,Belmont Park,5,01-Aug-2026 14:59,1300,3yo,Open,0,Of $80000  -  1st  $43840 | 2nd  $14880| 3rd  $7040| 4th  $3120| 5th  $2320,,Set Weight With Penalties,Wittens Irrigation & Design Plate,Apprentices Can Claim,Head And Shoulders,3,Gelding,Headwater,Desert Realm,10,S Parnham,1,Russell Stewart,56,0,6,1:0-0-0,0: 0-0-0,1: 0-0-0,0: 0-0-0,0:0-0-0,0:0-0-0,1:0-0-0,0:0-0-0,0:0-0-0,1:0-0-0,0:0-0-0,$1 440,5,Open,1200,S Parnham,6.7,18/07/26,Quayclean Plate,1-They'reallsisters,6,41,01:13.46,Belmont Park,Soft 7,56,0:0-0-0,241452,1356898,1135083,25343,12664,25343,12664,$80000,35.84sec 600m,$1440,AUS
01/08/2026 00:00:00,Belmont Park,5,01-Aug-2026 14:59,1300,3yo,Open,0,Of $80000  -  1st  $43840 | 2nd  $14880| 3rd  $7040| 4th  $3120| 5th  $2320,,Set Weight With Penalties,Wittens Irrigation & Design Plate,Apprentices Can Claim,Irresistible Man,3,Gelding,Gingerbread Man,Simplyirresistible,11,Taj Dyson,8,A W Maley,56,0,0x6,2:0-0-0,0: 0-0-0,1: 0-0-0,0: 0-0-0,0:0-0-0,1:0-0-0,1:0-0-0,0:0-0-0,0:0-0-0,2:0-0-0,0:0-0-0,$450,8,Maiden,1100,T Turner,4.3,15/07/26,TABtouch Download Today Mdn,1-Quedjinup,6,81,01:06.15,Bunbury,Soft 5,57,0:0-0-0,241405,1356490,1137127,25392,16792,25392,10117,$25000,00.00sec 0m,$450,AUS
01/08/2026 00:00:00,Belmont Park,5,01-Aug-2026 14:59,1300,3yo,Open,0,Of $80000  -  1st  $43840 | 2nd  $14880| 3rd  $7040| 4th  $3120| 5th  $2320,,Set Weight With Penalties,Wittens Irrigation & Design Plate,Apprentices Can Claim,Irresistible Man,3,Gelding,Gingerbread Man,Simplyirresistible,11,Taj Dyson,8,A W Maley,56,0,0x6,2:0-0-0,0: 0-0-0,1: 0-0-0,0: 0-0-0,0:0-0-0,1:0-0-0,1:0-0-0,0:0-0-0,0:0-0-0,2:0-0-0,0:0-0-0,$450,3,Rest 0 Metro Wins,1200,T Turner,9.0,25/03/26,Liquor Barons (Rs0mw),1-Dixie Doo,13,151,01:12.16,Belmont Park,Good 4,57,0:0-0-0,238237,1332864,1137127,25392,16792,25392,10117,$35000,36.20sec 600m,$0,AUS
01/08/2026 00:00:00,Belmont Park,5,01-Aug-2026 14:59,1300,3yo,Open,0,Of $80000  -  1st  $43840 | 2nd  $14880| 3rd  $7040| 4th  $3120| 5th  $2320,,Set Weight With Penalties,Wittens Irrigation & Design Plate,Apprentices Can Claim,Ronny's Secret,3,Gelding,Awesome Rock,Montana's Secret,12,T Turner,4,Darren Taylor,56,0,7,1:0-0-0,1: 0-0-0,0: 0-0-0,0: 0-0-0,0:0-0-0,0:0-0-0,1:0-0-0,0:0-0-0,0:0-0-0,1:0-0-0,0:0-0-0,$450,11,Maiden,1300,T Turner,3.1,22/07/26,State Wide Turf Services Mdn,1-Countersunk,7,61,01:18.49,Pinjarra Scarpside,Soft 5,57,0:0-0-0,241575,1357899,1129680,27151,10117,27151,10117,$25000,34.56sec 600m,$450,AUS
01/08/2026 00:00:00,Belmont Park,5,01-Aug-2026 14:59,1300,3yo,Open,0,Of $80000  -  1st  $43840 | 2nd  $14880| 3rd  $7040| 4th  $3120| 5th  $2320,,Set Weight With Penalties,Wittens Irrigation & Design Plate,Apprentices Can Claim,Flying Temptation,3,Gelding,Awesome Rock,Flying Fath,13,Zephen Johnston-Porter,9,Darren Taylor,56,0,0,1:0-0-0,0: 0-0-0,1: 0-0-0,0: 0-0-0,0:0-0-0,0:0-0-0,1:0-0-0,0:0-0-0,0:0-0-0,1:0-0-0,0:0-0-0,$0,10,Open,1200,B Gaerth,9.9,18/07/26,Quayclean Plate,1-They'reallsisters,14,91,01:13.46,Belmont Park,Soft 7,56,0:0-0-0,241452,1356898,1126233,27151,17062,27151,15260,$80000,35.84sec 600m,$0,AUS
01/08/2026 00:00:00,Belmont Park,5,01-Aug-2026 14:59,1300,3yo,Open,0,Of $80000  -  1st  $43840 | 2nd  $14880| 3rd  $7040| 4th  $3120| 5th  $2320,,Set Weight With Penalties,Wittens Irrigation & Design Plate,Apprentices Can Claim,Axopar,3,Filly,Bondi,Outboard Motors,14,Holly Nottle,7,D L Morton,52.5,1.5,631x0,4:1-0-1,0: 0-0-0,2: 0-0-1,0: 0-0-0,0:0-0-0,3:1-0-1,1:0-0-0,0:0-0-0,0:0-0-0,2:0-0-0,1:0-0-1,$31 010,1,Open,1200,N Riordan,7.8,18/07/26,Quayclean Plate,1-They'reallsisters,10,10,01:13.46,Belmont Park,Soft 7,52.5,0:0-0-0,241452,1356898,1124925,23498,17687,23498,17685,$80000,35.84sec 600m,$1440,AUS
01/08/2026 00:00:00,Belmont Park,5,01-Aug-2026 14:59,1300,3yo,Open,0,Of $80000  -  1st  $43840 | 2nd  $14880| 3rd  $7040| 4th  $3120| 5th  $2320,,Set Weight With Penalties,Wittens Irrigation & Design Plate,Apprentices Can Claim,Axopar,3,Filly,Bondi,Outboard Motors,14,Holly Nottle,7,D L Morton,52.5,1.5,631x0,4:1-0-1,0: 0-0-0,2: 0-0-1,0: 0-0-0,0:0-0-0,3:1-0-1,1:0-0-0,0:0-0-0,0:0-0-0,2:0-0-0,1:0-0-1,$31 010,4,Maiden,1200,L Fiore,0.1,08/04/26,TABtouch Share My Bet Mdn,2-Tigerland,1,3.7,01:12.17,Pinjarra,Good 4,55,0:0-0-0,238575,1335371,1124925,23498,17687,23498,15372,$25000,00.00sec 0m,$13700,AUS
01/08/2026 00:00:00,Belmont Park,5,01-Aug-2026 14:59,1300,3yo,Open,0,Of $80000  -  1st  $43840 | 2nd  $14880| 3rd  $7040| 4th  $3120| 5th  $2320,,Set Weight With Penalties,Wittens Irrigation & Design Plate,Apprentices Can Claim,Axopar,3,Filly,Bondi,Outboard Motors,14,Holly Nottle,7,D L Morton,52.5,1.5,631x0,4:1-0-1,0: 0-0-0,2: 0-0-1,0: 0-0-0,0:0-0-0,3:1-0-1,1:0-0-0,0:0-0-0,0:0-0-0,2:0-0-0,1:0-0-1,$31 010,6,Rest 0 Metro Wins,1200,L Fiore,1.1,25/03/26,Liquor Barons (Rs0mw),1-Dixie Doo,3,15,01:12.16,Belmont Park,Good 4,55,0:0-0-0,238237,1332864,1124925,23498,17687,23498,15372,$35000,36.20sec 600m,$3080,AUS
01/08/2026 00:00:00,Belmont Park,5,01-Aug-2026 14:59,1300,3yo,Open,0,Of $80000  -  1st  $43840 | 2nd  $14880| 3rd  $7040| 4th  $3120| 5th  $2320,,Set Weight With Penalties,Wittens Irrigation & Design Plate,Apprentices Can Claim,Axopar,3,Filly,Bondi,Outboard Motors,14,Holly Nottle,7,D L Morton,52.5,1.5,631x0,4:1-0-1,0: 0-0-0,2: 0-0-1,0: 0-0-0,0:0-0-0,3:1-0-1,1:0-0-0,0:0-0-0,0:0-0-0,2:0-0-0,1:0-0-1,$31 010,7,Open,1100,L Campbell,7.2,14/03/26,City Of Belmont Plate,1-Jedi Dream,6,16,01:04.50,Ascot,Good 4,55,0:0-0-0,237965,1330738,1124925,23498,17687,23498,16928,$80000,35.25sec 600m,$1440,AUS
meeting date,track,race number,start time,distance,age restrictions,class restrictions,weight restrictions,race prizemoney,sex restrictions,weight type,race name,jockeys can claim,horse name,horse age,horse sex,horse sire,horse dam,horse number,horse jockey,horse barrier,horse trainer,horse weight,horse claim,horse last10,horse record,horse record distance,horse record track,horse record track distance,horse record firm,horse record good,horse record soft,horse record heavy,horse record jumps,horse record first up,horse record second up,horse prize money,form barrier,form class,form distance,form jockey,form margin,form meeting date,form name,form other runners,form position,form price,form time,form track,form track condition,form weight,horse record synthetic,meeting id, race id, horse id, horse trainer id, horse jockey id, form trainer id, form jockey id,prizemoney,sectional,prizemoney won,country
01/08/2026 00:00:00,Belmont Park,6,01-Aug-2026 15:35,1200,3yo+,Rest 1 Metro Win,54,Of $60000  -  1st  $32880 | 2nd  $11160| 3rd  $5280| 4th  $2340| 5th  $1740,,Handicap,MC Polytrack (Rs1mw),Apprentices Can Claim,Sherpa Express,4,Gelding,Blue Point,Sherpa Lass,1,Holly Nottle,3,D & B Pearce,58.5,1.5,31x23x,4:1-1-2,1: 0-1-0,0: 0-0-0,0: 0-0-0,0:0-0-0,2:0-1-1,1:1-0-0,1:0-0-1,0:0-0-0,2:0-1-1,2:1-0-1,$133 590,9,Listed,1400,W Pike,3.6,29/11/25,TABtouch - Sir Ernest Lee-Steere Classic,1-Hot And High,3,3.6,01:24.48,Ascot,Good 4,55,0:0-0-0,235666,1313769,1116851,27091,17687,27091,12691,$125000,34.30sec 600m,$11000,AUS
01/08/2026 00:00:00,Belmont Park,6,01-Aug-2026 15:35,1200,3yo+,Rest 1 Metro Win,54,Of $60000  -  1st  $32880 | 2nd  $11160| 3rd  $5280| 4th  $2340| 5th  $1740,,Handicap,MC Polytrack (Rs1mw),Apprentices Can Claim,Sherpa Express,4,Gelding,Blue Point,Sherpa Lass,1,Holly Nottle,3,D & B Pearce,58.5,1.5,31x23x,4:1-1-2,1: 0-1-0,0: 0-0-0,0: 0-0-0,0:0-0-0,2:0-1-1,1:1-0-0,1:0-0-1,0:0-0-0,2:0-1-1,2:1-0-1,$133 590,14,Listed,1200,W Pike,0.9,15/11/25,TABtouch - Placid Ark Stakes,1-Luana Miss,2,18,01:10.79,Ascot,Good 4,57,0:0-0-0,235353,1311301,1116851,27091,17687,27091,12691,$500000,35.71sec 600m,$93000,AUS
01/08/2026 00:00:00,Belmont Park,6,01-Aug-2026 15:35,1200,3yo+,Rest 1 Metro Win,54,Of $60000  -  1st  $32880 | 2nd  $11160| 3rd  $5280| 4th  $2340| 5th  $1740,,Handicap,MC Polytrack (Rs1mw),Apprentices Can Claim,Sherpa Express,4,Gelding,Blue Point,Sherpa Lass,1,Holly Nottle,3,D & B Pearce,58.5,1.5,31x23x,4:1-1-2,1: 0-1-0,0: 0-0-0,0: 0-0-0,0:0-0-0,2:0-1-1,1:1-0-0,1:0-0-1,0:0-0-0,2:0-1-1,2:1-0-1,$133 590,3,Maiden,1100,B Parnham,2.2,24/07/25,AFGRI Tractors And Sprayers Mdn,2-Lemmor,1,1.8,01:05.37,Northam,Soft 6,55.5,0:0-0-0,232144,1287038,1116851,27091,17687,27091,13271,$25000,35.58sec 600m,$13700,AUS
01/08/2026 00:00:00,Belmont Park,6,01-Aug-2026 15:35,1200,3yo+,Rest 1 Metro Win,54,Of $60000  -  1st  $32880 | 2nd  $11160| 3rd  $5280| 4th  $2340| 5th  $1740,,Handicap,MC Polytrack (Rs1mw),Apprentices Can Claim,Sherpa Express,4,Gelding,Blue Point,Sherpa Lass,1,Holly Nottle,3,D & B Pearce,58.5,1.5,31x23x,4:1-1-2,1: 0-1-0,0: 0-0-0,0: 0-0-0,0:0-0-0,2:0-1-1,1:1-0-0,1:0-0-1,0:0-0-0,2:0-1-1,2:1-0-1,$133 590,1,Open,1000,B Parnham,4.0,12/07/25,Cuprum Distillery Plate,1-Twisted Steel,3,12,01:00.16,Bunbury,Heavy 8,57,0:0-0-0,231808,1284405,1116851,27091,17687,27091,13271,$80000,35.88sec 600m,$7040,AUS
01/08/2026 00:00:00,Belmont Park,6,01-Aug-2026 15:35,1200,3yo+,Rest 1 Metro Win,54,Of $60000  -  1st  $32880 | 2nd  $11160| 3rd  $5280| 4th  $2340| 5th  $1740,,Handicap,MC Polytrack (Rs1mw),Apprentices Can Claim,Ripper Farooq,5,Gelding,Vert De Grece,Promiscuous Miss,2,Zephen Johnston-Porter,10,C & M Gangemi,57.5,0,407x223262x1,18:2-5-2,5: 0-1-1,1: 1-0-0,0: 0-0-0,0:0-0-0,16:1-5-2,2:1-0-0,0:0-0-0,0:0-0-0,5:1-2-0,4:1-1-1,$104 420,5,Rst 0 Met Win-LY,1000,Z Johnston-Porter,0.7,18/07/26,TABtouch - Westspeed Platinum (Rs0ly),2-Mai Aloha,1,16,00:59.14,Belmont Park,Soft 7,55,0:0-0-0,241452,1356899,991995,27659,17062,27659,17062,$40000,34.73sec 600m,$21920,AUS
01/08/2026 00:00:00,Belmont Park,6,01-Aug-2026 15:35,1200,3yo+,Rest 1 Metro Win,54,Of $60000  -  1st  $32880 | 2nd  $11160| 3rd  $5280| 4th  $2340| 5th  $1740,,Handicap,MC Polytrack (Rs1mw),Apprentices Can Claim,Ripper Farooq,5,Gelding,Vert De Grece,Promiscuous Miss,2,Zephen Johnston-Porter,10,C & M Gangemi,57.5,0,407x223262x1,18:2-5-2,5: 0-1-1,1: 1-0-0,0: 0-0-0,0:0-0-0,16:1-5-2,2:1-0-0,0:0-0-0,0:0-0-0,5:1-2-0,4:1-1-1,$104 420,5,Class 1,1000,Z Johnston-Porter,0.4,11/03/26,Bisley Workwear Hcp (C1),1-Slip The Jab,2,5.5,00:58.80,Ascot,Good 4,57.5,0:0-0-0,237915,1330332,991995,27659,17062,27659,17062,$30000,34.57sec 600m,$5580,AUS
01/08/2026 00:00:00,Belmont Park,6,01-Aug-2026 15:35,1200,3yo+,Rest 1 Metro Win,54,Of $60000  -  1st  $32880 | 2nd  $11160| 3rd  $5280| 4th  $2340| 5th  $1740,,Handicap,MC Polytrack (Rs1mw),Apprentices Can Claim,Ripper Farooq,5,Gelding,Vert De Grece,Promiscuous Miss,2,Zephen Johnston-Porter,10,C & M Gangemi,57.5,0,407x223262x1,18:2-5-2,5: 0-1-1,1: 1-0-0,0: 0-0-0,0:0-0-0,16:1-5-2,2:1-0-0,0:0-0-0,0:0-0-0,5:1-2-0,4:1-1-1,$104 420,3,Rst 0 Met Win-LY,1000,S Parnham,3.7,21/02/26,TABtouch - Westspeed Platinum (Rs0ly),1-Best Mood,6,5,00:58.84,Ascot,Good 4,57,0:0-0-0,237486,1327020,991995,27659,17062,27659,12664,$40000,34.26sec 600m,$720,AUS
01/08/2026 00:00:00,Belmont Park,6,01-Aug-2026 15:35,1200,3yo+,Rest 1 Metro Win,54,Of $60000  -  1st  $32880 | 2nd  $11160| 3rd  $5280| 4th  $2340| 5th  $1740,,Handicap,MC Polytrack (Rs1mw),Apprentices Can Claim,Ripper Farooq,5,Gelding,Vert De Grece,Promiscuous Miss,2,Zephen Johnston-Porter,10,C & M Gangemi,57.5,0,407x223262x1,18:2-5-2,5: 0-1-1,1: 1-0-0,0: 0-0-0,0:0-0-0,16:1-5-2,2:1-0-0,0:0-0-0,0:0-0-0,5:1-2-0,4:1-1-1,$104 420,4,Class 1,1000,Z Johnston-Porter,1.2,15/02/26,Share Bets With TABtouch Bet Loop Hcp (C1),1-Who's Bent,2,2.5,00:59.29,Ascot,Good 4,57.5,0:0-0-0,237311,1325691,991995,27659,17062,27659,17062,$30000,34.08sec 600m,$5580,AUS
01/08/2026 00:00:00,Belmont Park,6,01-Aug-2026 15:35,1200,3yo+,Rest 1 Metro Win,54,Of $60000  -  1st  $32880 | 2nd  $11160| 3rd  $5280| 4th  $2340| 5th  $1740,,Handicap,MC Polytrack (Rs1mw),Apprentices Can Claim,Ripper Farooq,5,Gelding,Vert De Grece,Promiscuous Miss,2,Zephen Johnston-Porter,10,C & M Gangemi,57.5,0,407x223262x1,18:2-5-2,5: 0-1-1,1: 1-0-0,0: 0-0-0,0:0-0-0,16:1-5-2,2:1-0-0,0:0-0-0,0:0-0-0,5:1-2-0,4:1-1-1,$104 420,1,Rest 1 Metro Win,1200,S Parnham,2.3,24/01/26,Quayclean (Rs1mw),1-Bohemian Diamond,3,12,01:10.84,Ascot,Good 4,55.5,0:0-0-0,236907,1322716,991995,27659,17062,27659,12664,$60000,34.90sec 600m,$5280,AUS
01/08/2026 00:00:00,Belmont Park,6,01-Aug-2026 15:35,1200,3yo+,Rest 1 Metro Win,54,Of $60000  -  1st  $32880 | 2nd  $11160| 3rd  $5280| 4th  $2340| 5th  $1740,,Handicap,MC Polytrack (Rs1mw),Apprentices Can Claim,Ripper Farooq,5,Gelding,Vert De Grece,Promiscuous Miss,2,Zephen Johnston-Porter,10,C & M Gangemi,57.5,0,407x223262x1,18:2-5-2,5: 0-1-1,1: 1-0-0,0: 0-0-0,0:0-0-0,16:1-5-2,2:1-0-0,0:0-0-0,0:0-0-0,5:1-2-0,4:1-1-1,$104 420,2,Class 1,1200,C Cooper,0.6,14/01/26,MCA Polytrack Hcp (C1),1-Urquharts Bluff,2,7.5,01:10.98,Ascot,Good 4,58,0:0-0-0,236706,1321220,991995,27659,17062,27659,17382,$30000,34.98sec 600m,$5580,AUS
01/08/2026 00:00:00,Belmont Park,6,01-Aug-2026 15:35,1200,3yo+,Rest 1 Metro Win,54,Of $60000  -  1st  $32880 | 2nd  $11160| 3rd  $5280| 4th  $2340| 5th  $1740,,Handicap,MC Polytrack (Rs1mw),Apprentices Can Claim,Ripper Farooq,5,Gelding,Vert De Grece,Promiscuous Miss,2,Zephen Johnston-Porter,10,C & M Gangemi,57.5,0,407x223262x1,18:2-5-2,5: 0-1-1,1: 1-0-0,0: 0-0-0,0:0-0-0,16:1-5-2,2:1-0-0,0:0-0-0,0:0-0-0,5:1-2-0,4:1-1-1,$104 420,4,Class 1,1000,S Parnham,0.0,28/12/25,Bunbury Cup On Sale Now Hcp (C1),1-Pingers,2,8.5,00:59.45,Bunbury,Good 4,60,0:0-0-0,236370,1318725,991995,27659,17062,27659,12664,$30000,35.08sec 600m,$5580,AUS
01/08/2026 00:00:00,Belmont Park,6,01-Aug-2026 15:35,1200,3yo+,Rest 1 Metro Win,54,Of $60000  -  1st  $32880 | 2nd  $11160| 3rd  $5280| 4th  $2340| 5th  $1740,,Handicap,MC Polytrack (Rs1mw),Apprentices Can Claim,Ripper Farooq,5,Gelding,Vert De Grece,Promiscuous Miss,2,Zephen Johnston-Porter,10,C & M Gangemi,57.5,0,407x223262x1,18:2-5-2,5: 0-1-1,1: 1-0-0,0: 0-0-0,0:0-0-0,16:1-5-2,2:1-0-0,0:0-0-0,0:0-0-0,5:1-2-0,4:1-1-1,$104 420,3,Class 1,1275,E Whittington,7.9,03/07/25,Bunbury Volkswagen Hcp (C1),1-Land Of Fire,7,6.5,01:19.62,Bunbury Fibre Sand,Good ,60.5,0:0-0-0,231555,1282431,991995,27659,17062,27420,17170,$30000,00.00sec 0m,$540,AUS
01/08/2026 00:00:00,Belmont Park,6,01-Aug-2026 15:35,1200,3yo+,Rest 1 Metro Win,54,Of $60000  -  1st  $32880 | 2nd  $11160| 3rd  $5280| 4th  $2340| 5th  $1740,,Handicap,MC Polytrack (Rs1mw),Apprentices Can Claim,Ripper Farooq,5,Gelding,Vert De Grece,Promiscuous Miss,2,Zephen Johnston-Porter,10,C & M Gangemi,57.5,0,407x223262x1,18:2-5-2,5: 0-1-1,1: 1-0-0,0: 0-0-0,0:0-0-0,16:1-5-2,2:1-0-0,0:0-0-0,0:0-0-0,5:1-2-0,4:1-1-1,$104 420,1,Listed,1400,J Mc Naught,12.8,14/06/25,Raconteur Stakes,1-Opportunistic,12,101,01:25.63,Bunbury,Soft 5,55,0:0-0-0,230961,1277866,991995,27659,17062,27420,16126,$125000,36.39sec 600m,$0,AUS
01/08/2026 00:00:00,Belmont Park,6,01-Aug-2026 15:35,1200,3yo+,Rest 1 Metro Win,54,Of $60000  -  1st  $32880 | 2nd  $11160| 3rd  $5280| 4th  $2340| 5th  $1740,,Handicap,MC Polytrack (Rs1mw),Apprentices Can Claim,Ripper Farooq,5,Gelding,Vert De Grece,Promiscuous Miss,2,Zephen Johnston-Porter,10,C & M Gangemi,57.5,0,407x223262x1,18:2-5-2,5: 0-1-1,1: 1-0-0,0: 0-0-0,0:0-0-0,16:1-5-2,2:1-0-0,0:0-0-0,0:0-0-0,5:1-2-0,4:1-1-1,$104 420,8,Class 1,1300,C Cooper,3.3,28/05/25,MCA Polytrack Hcp (C1),1-Cosmic Eclipse,4,2.1,01:17.54,Pinjarra Scarpside,Good 4,57.5,0:0-0-0,230495,1274183,991995,27659,17062,27420,17382,$30000,33.78sec 600m,$1170,AUS
01/08/2026 00:00:00,Belmont Park,6,01-Aug-2026 15:35,1200,3yo+,Rest 1 Metro Win,54,Of $60000  -  1st  $32880 | 2nd  $11160| 3rd  $5280| 4th  $2340| 5th  $1740,,Handicap,MC Polytrack (Rs1mw),Apprentices Can Claim,Allentown,5,Gelding,Charm Spirit,She's A Screamer,3,S Mc Gruddy,6,C & M Gangemi,57,0,3158x04x2298,14:2-2-2,3: 1-0-0,6: 1-1-0,0: 0-0-0,0:0-0-0,7:0-1-1,6:1-1-1,1:1-0-0,0:0-0-0,4:0-1-1,4:1-1-1,$86 650,5,Rst 0 Met Win-LY,1000,S Mc Gruddy,3.7,29/07/26,Bisley Workwear (Rs0ly),1-Mai Aloha,8,8.5,00:57.59,Belmont Park,Good 4,57,0:0-0-0,241760,1359383,1114796,27659,4651,27659,4651,$35000,33.85sec 600m,$630,NZ
01/08/2026 00:00:00,Belmont Park,6,01-Aug-2026 15:35,1200,3yo+,Rest 1 Metro Win,54,Of $60000  -  1st  $32880 | 2nd  $11160| 3rd  $5280| 4th  $2340| 5th  $1740,,Handicap,MC Polytrack (Rs1mw),Apprentices Can Claim,Allentown,5,Gelding,Charm Spirit,She's A Screamer,3,S Mc Gruddy,6,C & M Gangemi,57,0,3158x04x2298,14:2-2-2,3: 1-0-0,6: 1-1-0,0: 0-0-0,0:0-0-0,7:0-1-1,6:1-1-1,1:1-0-0,0:0-0-0,4:0-1-1,4:1-1-1,$86 650,9,Rest 1 Metro Win,1000,S Mc Gruddy,4.4,11/07/26,Glenroy Chaff (Rs1mw),1-Bonnie Lad,9,11,00:58.53,Belmont Park,Good 4,57.5,0:0-0-0,241265,1355403,1114796,27659,4651,27659,4651,$60000,34.45sec 600m,$1080,NZ
01/08/2026 00:00:00,Belmont Park,6,01-Aug-2026 15:35,1200,3yo+,Rest 1 Metro Win,54,Of $60000  -  1st  $32880 | 2nd  $11160| 3rd  $5280| 4th  $2340| 5th  $1740,,Handicap,MC Polytrack (Rs1mw),Apprentices Can Claim,Allentown,5,Gelding,Charm Spirit,She's A Screamer,3,S Mc Gruddy,6,C & M Gangemi,57,0,3158x04x2298,14:2-2-2,3: 1-0-0,6: 1-1-0,0: 0-0-0,0:0-0-0,7:0-1-1,6:1-1-1,1:1-0-0,0:0-0-0,4:0-1-1,4:1-1-1,$86 650,2,Class 5,1000,S Mc Gruddy,0.7,18/06/26,TABtouch Try Bet Loop Today Hcp (C5),1-Art Session,2,3.2,00:58.63,Northam,Good 4,57,0:0-0-0,240581,1350185,1114796,27659,4651,27659,4651,$30000,33.86sec 600m,$5580,NZ
01/08/2026 00:00:00,Belmont Park,6,01-Aug-2026 15:35,1200,3yo+,Rest 1 Metro Win,54,Of $60000  -  1st  $32880 | 2nd  $11160| 3rd  $5280| 4th  $2340| 5th  $1740,,Handicap,MC Polytrack (Rs1mw),Apprentices Can Claim,Allentown,5,Gelding,Charm Spirit,She's A Screamer,3,S Mc Gruddy,6,C & M Gangemi,57,0,3158x04x2298,14:2-2-2,3: 1-0-0,6: 1-1-0,0: 0-0-0,0:0-0-0,7:0-1-1,6:1-1-1,1:1-0-0,0:0-0-0,4:0-1-1,4:1-1-1,$86 650,6,Class 5,1000,S Mc Gruddy,0.5,03/06/26,Reliable Asset Maintenance Hcp (C5),1-Atlantic Spirit,2,3.1,00:58.26,Belmont Park,Soft 5,56.5,0:0-0-0,240163,1346901,1114796,27659,4651,27659,4651,$30000,33.39sec 600m,$5580,NZ
01/08/2026 00:00:00,Belmont Park,6,01-Aug-2026 15:35,1200,3yo+,Rest 1 Metro Win,54,Of $60000  -  1st  $32880 | 2nd  $11160| 3rd  $5280| 4th  $2340| 5th  $1740,,Handicap,MC Polytrack (Rs1mw),Apprentices Can Claim,Allentown,5,Gelding,Charm Spirit,She's A Screamer,3,S Mc Gruddy,6,C & M Gangemi,57,0,3158x04x2298,14:2-2-2,3: 1-0-0,6: 1-1-0,0: 0-0-0,0:0-0-0,7:0-1-1,6:1-1-1,1:1-0-0,0:0-0-0,4:0-1-1,4:1-1-1,$86 650,5,Rest 1 Metro Win,1000,C Johnston-Porter,0.9,01/01/26,Ascend Trophies (Rs1mw),1-Amaroo Star,4,12,00:58.16,Ascot,Good 4,56.5,0:0-0-0,236427,1319145,1114796,27659,4651,27615,15478,$60000,33.54sec 600m,$2340,NZ
01/08/2026 00:00:00,Belmont Park,6,01-Aug-2026 15:35,1200,3yo+,Rest 1 Metro Win,54,Of $60000  -  1st  $32880 | 2nd  $11160| 3rd  $5280| 4th  $2340| 5th  $1740,,Handicap,MC Polytrack (Rs1mw),Apprentices Can Claim,Allentown,5,Gelding,Charm Spirit,She's A Screamer,3,S Mc Gruddy,6,C & M Gangemi,57,0,3158x04x2298,14:2-2-2,3: 1-0-0,6: 1-1-0,0: 0-0-0,0:0-0-0,7:0-1-1,6:1-1-1,1:1-0-0,0:0-0-0,4:0-1-1,4:1-1-1,$86 650,8,BenchMark 66+,1200,W Pike,7.0,22/11/25,Share Bets With TABtouch Bet Loop (Bm66+),1-Smooth Chino,11,16,01:10.81,Ascot,Good 4,54,0:0-0-0,235506,1312525,1114796,27659,4651,27615,12691,$80000,34.58sec 600m,$0,NZ
01/08/2026 00:00:00,Belmont Park,6,01-Aug-2026 15:35,1200,3yo+,Rest 1 Metro Win,54,Of $60000  -  1st  $32880 | 2nd  $11160| 3rd  $5280| 4th  $2340| 5th  $1740,,Handicap,MC Polytrack (Rs1mw),Apprentices Can Claim,Allentown,5,Gelding,Charm Spirit,She's A Screamer,3,S Mc Gruddy,6,C & M Gangemi,57,0,3158x04x2298,14:2-2-2,3: 1-0-0,6: 1-1-0,0: 0-0-0,0:0-0-0,7:0-1-1,6:1-1-1,1:1-0-0,0:0-0-0,4:0-1-1,4:1-1-1,$86 650,1,Open,1400,C Parnham,6.5,19/07/25,Machinery West Hcp,1-Timeless Gem,8,6,01:25.56,Bunbury,Soft 6,58.5,0:0-0-0,232017,1286021,1114796,27659,4651,27615,15179,$80000,00.00sec 0m,$1440,NZ
01/08/2026 00:00:00,Belmont Park,6,01-Aug-2026 15:35,1200,3yo+,Rest 1 Metro Win,54,Of $60000  -  1st  $32880 | 2nd  $11160| 3rd  $5280| 4th  $2340| 5th  $1740,,Handicap,MC Polytrack (Rs1mw),Apprentices Can Claim,Allentown,5,Gelding,Charm Spirit,She's A Screamer,3,S Mc Gruddy,6,C & M Gangemi,57,0,3158x04x2298,14:2-2-2,3: 1-0-0,6: 1-1-0,0: 0-0-0,0:0-0-0,7:0-1-1,6:1-1-1,1:1-0-0,0:0-0-0,4:0-1-1,4:1-1-1,$86 650,12,Rest 1 Metro Win,1200,C Johnston-Porter,3.3,05/07/25,Racing @ Pinjarra Park 9th July (Rs1mw),1-Timeless Gem,5,3.4,01:12.05,Pinjarra,Soft 5,56.5,0:0-0-0,231601,1282766,1114796,27659,4651,27615,15478,$60000,00.00sec 0m,$1740,NZ
01/08/2026 00:00:00,Belmont Park,6,01-Aug-2026 15:35,1200,3yo+,Rest 1 Metro Win,54,Of $60000  -  1st  $32880 | 2nd  $11160| 3rd  $5280| 4th  $2340| 5th  $1740,,Handicap,MC Polytrack (Rs1mw),Apprentices Can Claim,Allentown,5,Gelding,Charm Spirit,She's A Screamer,3,S Mc Gruddy,6,C & M Gangemi,57,0,3158x04x2298,14:2-2-2,3: 1-0-0,6: 1-1-0,0: 0-0-0,0:0-0-0,7:0-1-1,6:1-1-1,1:1-0-0,0:0-0-0,4:0-1-1,4:1-1-1,$86 650,9,Open,1200,C Johnston-Porter,0.4,21/06/25,TABtouch Scan My Bet Hcp,2-Lucky I Am,1,7,01:14.30,Pinjarra,Heavy 9,56,0:0-0-0,231172,1279509,1114796,27659,4651,27615,15478,$80000,36.44sec 600m,$43840,NZ
01/08/2026 00:00:00,Belmont Park,6,01-Aug-2026 15:35,1200,3yo+,Rest 1 Metro Win,54,Of $60000  -  1st  $32880 | 2nd  $11160| 3rd  $5280| 4th  $2340| 5th  $1740,,Handicap,MC Polytrack (Rs1mw),Apprentices Can Claim,Allentown,5,Gelding,Charm Spirit,She's A Screamer,3,S Mc Gruddy,6,C & M Gangemi,57,0,3158x04x2298,14:2-2-2,3: 1-0-0,6: 1-1-0,0: 0-0-0,0:0-0-0,7:0-1-1,6:1-1-1,1:1-0-0,0:0-0-0,4:0-1-1,4:1-1-1,$86 650,1,Rst 0 Met Win-LY,1000,Z Johnston-Porter,0.8,28/05/25,TABtouch - Have You Got The Touch (Rs0ly),1-Art Session,3,7,00:56.60,Pinjarra Scarpside,Good 4,55,0:0-0-0,230495,1274180,1114796,27659,4651,27615,17062,$35000,33.31sec 600m,$3080,NZ
01/08/2026 00:00:00,Belmont Park,6,01-Aug-2026 15:35,1200,3yo+,Rest 1 Metro Win,54,Of $60000  -  1st  $32880 | 2nd  $11160| 3rd  $5280| 4th  $2340| 5th  $1740,,Handicap,MC Polytrack (Rs1mw),Apprentices Can Claim,Hard Solo,4,Mare,All Too Hard,Musica Royale,4,Chris Parnham,6,A W Maley,57,0,1655228319,28:3-4-4,10: 2-2-1,3: 0-0-1,0: 0-0-0,0:0-0-0,24:3-3-4,4:0-1-0,0:0-0-0,0:0-0-0,2:1-0-0,2:0-0-0,$180 310,7,Rest 1 Metro Win,1300,H Nottle,3.6,04/07/26,Happy 60th Birthday Tim Helfer (Rs1mw),1-Conducive,9,13,01:18.92,Belmont Park,Soft 6,55,0:0-0-0,241063,1353816,1119272,25392,15179,25392,17687,$60000,36.64sec 600m,$1080,AUS
01/08/2026 00:00:00,Belmont Park,6,01-Aug-2026 15:35,1200,3yo+,Rest 1 Metro Win,54,Of $60000  -  1st  $32880 | 2nd  $11160| 3rd  $5280| 4th  $2340| 5th  $1740,,Handicap,MC Polytrack (Rs1mw),Apprentices Can Claim,Hard Solo,4,Mare,All Too Hard,Musica Royale,4,Chris Parnham,6,A W Maley,57,0,1655228319,28:3-4-4,10: 2-2-1,3: 0-0-1,0: 0-0-0,0:0-0-0,24:3-3-4,4:0-1-0,0:0-0-0,0:0-0-0,2:1-0-0,2:0-0-0,$180 310,6,Rst 0 Met Win-LY,1400,N Riordan,0.1,24/06/26,TABtouch Same Race Multi (Rs0ly),2-Esta Mirando,1,11,01:24.35,Pinjarra Scarpside,Good 4,57,0:0-0-0,240791,1351751,1119272,25392,15179,25392,17685,$35000,00.00sec 0m,$19180,AUS
01/08/2026 00:00:00,Belmont Park,6,01-Aug-2026 15:35,1200,3yo+,Rest 1 Metro Win,54,Of $60000  -  1st  $32880 | 2nd  $11160| 3rd  $5280| 4th  $2340| 5th  $1740,,Handicap,MC Polytrack (Rs1mw),Apprentices Can Claim,Hard Solo,4,Mare,All Too Hard,Musica Royale,4,Chris Parnham,6,A W Maley,57,0,1655228319,28:3-4-4,10: 2-2-1,3: 0-0-1,0: 0-0-0,0:0-0-0,24:3-3-4,4:0-1-0,0:0-0-0,0:0-0-0,2:1-0-0,2:0-0-0,$180 310,1,Class 3,1400,H Nottle,1.4,10/06/26,Unite Resourcing Hcp (C3),1-Prince Of Dala,3,6.5,01:24.98,Belmont Park,Good 4,57,0:0-0-0,240366,1348515,1119272,25392,15179,25392,17687,$30000,34.51sec 600m,$2640,AUS
01/08/2026 00:00:00,Belmont Park,6,01-Aug-2026 15:35,1200,3yo+,Rest 1 Metro Win,54,Of $60000  -  1st  $32880 | 2nd  $11160| 3rd  $5280| 4th  $2340| 5th  $1740,,Handicap,MC Polytrack (Rs1mw),Apprentices Can Claim,Hard Solo,4,Mare,All Too Hard,Musica Royale,4,Chris Parnham,6,A W Maley,57,0,1655228319,28:3-4-4,10: 2-2-1,3: 0-0-1,0: 0-0-0,0:0-0-0,24:3-3-4,4:0-1-0,0:0-0-0,0:0-0-0,2:1-0-0,2:0-0-0,$180 310,1,BenchMark 66+,1600,N Faithfull,5.2,01/06/26,Swan Draught WA Day Cup (Bm66+),1-Correct Choice,8,21,01:37.73,Northam,Soft 6,54,0:0-0-0,240069,1346118,1119272,25392,15179,25392,14702,$100000,35.34sec 600m,$1800,AUS
01/08/2026 00:00:00,Belmont Park,6,01-Aug-2026 15:35,1200,3yo+,Rest 1 Metro Win,54,Of $60000  -  1st  $32880 | 2nd  $11160| 3rd  $5280| 4th  $2340| 5th  $1740,,Handicap,MC Polytrack (Rs1mw),Apprentices Can Claim,Hard Solo,4,Mare,All Too Hard,Musica Royale,4,Chris Parnham,6,A W Maley,57,0,1655228319,28:3-4-4,10: 2-2-1,3: 0-0-1,0: 0-0-0,0:0-0-0,24:3-3-4,4:0-1-0,0:0-0-0,0:0-0-0,2:1-0-0,2:0-0-0,$180 310,6,Rst 0 Met Win-LY,1600,N Faithfull,0.6,21/05/26,TABtouch Scan My Bet (Rs0ly),1-Pony Up,2,5,01:37.27,Pinjarra,Good 4,58.5,0:0-0-0,239748,1343911,1119272,25392,15179,25392,14702,$35000,35.58sec 600m,$6510,AUS
01/08/2026 00:00:00,Belmont Park,6,01-Aug-2026 15:35,1200,3yo+,Rest 1 Metro Win,54,Of $60000  -  1st  $32880 | 2nd  $11160| 3rd  $5280| 4th  $2340| 5th  $1740,,Handicap,MC Polytrack (Rs1mw),Apprentices Can Claim,Hard Solo,4,Mare,All Too Hard,Musica Royale,4,Chris Parnham,6,A W Maley,57,0,1655228319,28:3-4-4,10: 2-2-1,3: 0-0-1,0: 0-0-0,0:0-0-0,24:3-3-4,4:0-1-0,0:0-0-0,0:0-0-0,2:1-0-0,2:0-0-0,$180 310,2,Class 3,1600,N Faithfull,1.1,29/04/26,Morley Growers Market Hcp (C3),1-Saxon Jewel,2,8,01:40.17,Ascot,Soft 5,57,0:0-0-0,239185,1339536,1119272,25392,15179,25392,14702,$30000,35.51sec 600m,$5580,AUS
01/08/2026 00:00:00,Belmont Park,6,01-Aug-2026 15:35,1200,3yo+,Rest 1 Metro Win,54,Of $60000  -  1st  $32880 | 2nd  $11160| 3rd  $5280| 4th  $2340| 5th  $1740,,Handicap,MC Polytrack (Rs1mw),Apprentices Can Claim,Hard Solo,4,Mare,All Too Hard,Musica Royale,4,Chris Parnham,6,A W Maley,57,0,1655228319,28:3-4-4,10: 2-2-1,3: 0-0-1,0: 0-0-0,0:0-0-0,24:3-3-4,4:0-1-0,0:0-0-0,0:0-0-0,2:1-0-0,2:0-0-0,$180 310,14,BenchMark 58+,1403,N Faithfull,4.1,19/04/26,Swan Draught Abrolhos Plate (Bm58+),1-Southland,5,7.5,01:26.12,Geraldton,Good 4,56.5,0:0-0-0,238865,1337350,1119272,25392,15179,25392,14702,$50000,36.05sec 600m,$1450,AUS
01/08/2026 00:00:00,Belmont Park,6,01-Aug-2026 15:35,1200,3yo+,Rest 1 Metro Win,54,Of $60000  -  1st  $32880 | 2nd  $11160| 3rd  $5280| 4th  $2340| 5th  $1740,,Handicap,MC Polytrack (Rs1mw),Apprentices Can Claim,Hard Solo,4,Mare,All Too Hard,Musica Royale,4,Chris Parnham,6,A W Maley,57,0,1655228319,28:3-4-4,10: 2-2-1,3: 0-0-1,0: 0-0-0,0:0-0-0,24:3-3-4,4:0-1-0,0:0-0-0,0:0-0-0,2:1-0-0,2:0-0-0,$180 310,10,Class 3,1600,T Turner,0.8,03/04/26,Morley Growers Market Hcp (C3),1-Dark Looks,5,8.5,01:38.19,Ascot,Good 4,57.5,0:0-0-0,238426,1334329,1119272,25392,15179,25392,10117,$30000,36.12sec 600m,$870,AUS
01/08/2026 00:00:00,Belmont Park,6,01-Aug-2026 15:35,1200,3yo+,Rest 1 Metro Win,54,Of $60000  -  1st  $32880 | 2nd  $11160| 3rd  $5280| 4th  $2340| 5th  $1740,,Handicap,MC Polytrack (Rs1mw),Apprentices Can Claim,Hard Solo,4,Mare,All Too Hard,Musica Royale,4,Chris Parnham,6,A W Maley,57,0,1655228319,28:3-4-4,10: 2-2-1,3: 0-0-1,0: 0-0-0,0:0-0-0,24:3-3-4,4:0-1-0,0:0-0-0,0:0-0-0,2:1-0-0,2:0-0-0,$180 310,4,Class 3,1600,Ms D Keane,3.3,25/03/26,Horizon West-National Apprentice Racing Series - Heat 5 Hcp (C3),1-Pony Up,6,6.5,01:37.75,Belmont Park,Good 4,54,0:0-0-0,238237,1332863,1119272,25392,15179,25392,17092,$30000,35.65sec 600m,$540,AUS
01/08/2026 00:00:00,Belmont Park,6,01-Aug-2026 15:35,1200,3yo+,Rest 1 Metro Win,54,Of $60000  -  1st  $32880 | 2nd  $11160| 3rd  $5280| 4th  $2340| 5th  $1740,,Handicap,MC Polytrack (Rs1mw),Apprentices Can Claim,Hard Solo,4,Mare,All Too Hard,Musica Royale,4,Chris Parnham,6,A W Maley,57,0,1655228319,28:3-4-4,10: 2-2-1,3: 0-0-1,0: 0-0-0,0:0-0-0,24:3-3-4,4:0-1-0,0:0-0-0,0:0-0-0,2:1-0-0,2:0-0-0,$180 310,5,Class 1,1200,N Faithfull,1.1,13/03/26,ACE - Agile Concept Enterprises - Building A Better Tomorrow Hcp (C1),2-Gold Lightning,1,1.95,01:12.74,Geraldton,Good 4,59.5,0:0-0-0,237940,1330542,1119272,25392,15179,25392,14702,$24000,00.00sec 0m,$13152,AUS
01/08/2026 00:00:00,Belmont Park,6,01-Aug-2026 15:35,1200,3yo+,Rest 1 Metro Win,54,Of $60000  -  1st  $32880 | 2nd  $11160| 3rd  $5280| 4th  $2340| 5th  $1740,,Handicap,MC Polytrack (Rs1mw),Apprentices Can Claim,Yes I Know,5,Gelding,So You Think,Gibraltar Storm,5,C Johnston-Porter,7,C & M Gangemi,57,0,11x53235x320,11:2-3-3,2: 0-0-1,1: 0-0-0,1: 0-0-0,0:0-0-0,5:0-2-1,5:1-1-2,1:1-0-0,0:0-0-0,3:0-1-1,3:1-1-1,$83 700,15,Rest 1 Metro Win,1200,C Johnston-Porter,8.3,18/07/26,Unite Resourcing (Rs1mw),1-In Confidence,13,4.4,01:13.27,Belmont Park,Soft 7,57.5,0:0-0-0,241452,1356905,1110629,27659,15478,27659,15478,$60000,35.83sec 600m,$0,AUS
01/08/2026 00:00:00,Belmont Park,6,01-Aug-2026 15:35,1200,3yo+,Rest 1 Metro Win,54,Of $60000  -  1st  $32880 | 2nd  $11160| 3rd  $5280| 4th  $2340| 5th  $1740,,Handicap,MC Polytrack (Rs1mw),Apprentices Can Claim,Yes I Know,5,Gelding,So You Think,Gibraltar Storm,5,C Johnston-Porter,7,C & M Gangemi,57,0,11x53235x320,11:2-3-3,2: 0-0-1,1: 0-0-0,1: 0-0-0,0:0-0-0,5:0-2-1,5:1-1-2,1:1-0-0,0:0-0-0,3:0-1-1,3:1-1-1,$83 700,4,Bench. 66,1400,J Mott,1.5,15/05/26,Hyland Sportswear (Bm66),1-Legio Ten,2,2,01:24.86,Pakenham,Soft 5,60,0:0-0-0,239595,1342746,1110629,27659,15478,27660,13251,$40000,35.21sec 600m,$7200,AUS
01/08/2026 00:00:00,Belmont Park,6,01-Aug-2026 15:35,1200,3yo+,Rest 1 Metro Win,54,Of $60000  -  1st  $32880 | 2nd  $11160| 3rd  $5280| 4th  $2340| 5th  $1740,,Handicap,MC Polytrack (Rs1mw),Apprentices Can Claim,Yes I Know,5,Gelding,So You Think,Gibraltar Storm,5,C Johnston-Porter,7,C & M Gangemi,57,0,11x53235x320,11:2-3-3,2: 0-0-1,1: 0-0-0,1: 0-0-0,0:0-0-0,5:0-2-1,5:1-1-2,1:1-0-0,0:0-0-0,3:0-1-1,3:1-1-1,$83 700,8,Bench. 66,1200,D Bates,1.9,26/04/26,Seymour Toyota (Bm66),1-Khadime,3,3,01:11.61,Seymour,Soft 5,60,0:0-0-0,239050,1338682,1110629,27659,15478,27660,15750,$35000,35.12sec 600m,$3150,AUS
01/08/2026 00:00:00,Belmont Park,6,01-Aug-2026 15:35,1200,3yo+,Rest 1 Metro Win,54,Of $60000  -  1st  $32880 | 2nd  $11160| 3rd  $5280| 4th  $2340| 5th  $1740,,Handicap,MC Polytrack (Rs1mw),Apprentices Can Claim,Yes I Know,5,Gelding,So You Think,Gibraltar Storm,5,C Johnston-Porter,7,C & M Gangemi,57,0,11x53235x320,11:2-3-3,2: 0-0-1,1: 0-0-0,1: 0-0-0,0:0-0-0,5:0-2-1,5:1-1-2,1:1-0-0,0:0-0-0,3:0-1-1,3:1-1-1,$83 700,6,Bench. 78,1600,M J Dee,1.9,24/01/26,Sportsbet More Places (Bm78),1-Narbold,5,2.6,01:37.14,Caulfield,Good 3,54,0:0-0-0,236894,1322613,1110629,27659,15478,27660,15233,$130000,34.83sec 600m,$3900,AUS
01/08/2026 00:00:00,Belmont Park,6,01-Aug-2026 15:35,1200,3yo+,Rest 1 Metro Win,54,Of $60000  -  1st  $32880 | 2nd  $11160| 3rd  $5280| 4th  $2340| 5th  $1740,,Handicap,MC Polytrack (Rs1mw),Apprentices Can Claim,Yes I Know,5,Gelding,So You Think,Gibraltar Storm,5,C Johnston-Porter,7,C & M Gangemi,57,0,11x53235x320,11:2-3-3,2: 0-0-1,1: 0-0-0,1: 0-0-0,0:0-0-0,5:0-2-1,5:1-1-2,1:1-0-0,0:0-0-0,3:0-1-1,3:1-1-1,$83 700,2,Bench. 70,1800,J Mott,1.4,17/01/26,Black Caviar Lightning Race Day - 14 February (Bm70),1-Fiorenot,3,2.45,01:47.83,Flemington,Good 4,58,0:0-0-0,236752,1321591,1110629,27659,15478,27660,13251,$80000,35.75sec 600m,$7200,AUS
01/08/2026 00:00:00,Belmont Park,6,01-Aug-2026 15:35,1200,3yo+,Rest 1 Metro Win,54,Of $60000  -  1st  $32880 | 2nd  $11160| 3rd  $5280| 4th  $2340| 5th  $1740,,Handicap,MC Polytrack (Rs1mw),Apprentices Can Claim,Yes I Know,5,Gelding,So You Think,Gibraltar Storm,5,C Johnston-Porter,7,C & M Gangemi,57,0,11x53235x320,11:2-3-3,2: 0-0-1,1: 0-0-0,1: 0-0-0,0:0-0-0,5:0-2-1,5:1-1-2,1:1-0-0,0:0-0-0,3:0-1-1,3:1-1-1,$83 700,7,Bench. 70,1800,D W Stackhouse,0.8,31/12/25,Australian Trainers' Association Plate (Bm70),1-Fiorenot,2,3.3,01:48.44,Flemington,Good 4,58,0:0-0-0,236415,1319053,1110629,27659,15478,27660,14041,$65000,35.55sec 600m,$11700,AUS
01/08/2026 00:00:00,Belmont Park,6,01-Aug-2026 15:35,1200,3yo+,Rest 1 Metro Win,54,Of $60000  -  1st  $32880 | 2nd  $11160| 3rd  $5280| 4th  $2340| 5th  $1740,,Handicap,MC Polytrack (Rs1mw),Apprentices Can Claim,Yes I Know,5,Gelding,So You Think,Gibraltar Storm,5,C Johnston-Porter,7,C & M Gangemi,57,0,11x53235x320,11:2-3-3,2: 0-0-1,1: 0-0-0,1: 0-0-0,0:0-0-0,5:0-2-1,5:1-1-2,1:1-0-0,0:0-0-0,3:0-1-1,3:1-1-1,$83 700,8,Bench. 74,1600,D W Stackhouse,0.5,06/12/25,Ritchie?s IGA (Bm74),1-Sneaky Sunrise,3,3,01:40.01,Ballarat,Soft 6,56,0:0-0-0,235810,1314916,1110629,27659,15478,27660,14041,$80000,36.20sec 600m,$7200,AUS
01/08/2026 00:00:00,Belmont Park,6,01-Aug-2026 15:35,1200,3yo+,Rest 1 Metro Win,54,Of $60000  -  1st  $32880 | 2nd  $11160| 3rd  $5280| 4th  $2340| 5th  $1740,,Handicap,MC Polytrack (Rs1mw),Apprentices Can Claim,Yes I Know,5,Gelding,So You Think,Gibraltar Storm,5,C Johnston-Porter,7,C & M Gangemi,57,0,11x53235x320,11:2-3-3,2: 0-0-1,1: 0-0-0,1: 0-0-0,0:0-0-0,5:0-2-1,5:1-1-2,1:1-0-0,0:0-0-0,3:0-1-1,3:1-1-1,$83 700,7,Class 3,1500,D W Stackhouse,2.6,22/11/25,Freeway Ford Shooting Stars Hcp (C3),1-Chest Of Gold,5,5,01:30.40,Cranbourne,Good 3,58.5,0:0-0-0,235501,1312479,1110629,27659,15478,27660,14041,$150000,35.48sec 600m,$4500,AUS
01/08/2026 00:00:00,Belmont Park,6,01-Aug-2026 15:35,1200,3yo+,Rest 1 Metro Win,54,Of $60000  -  1st  $32880 | 2nd  $11160| 3rd  $5280| 4th  $2340| 5th  $1740,,Handicap,MC Polytrack (Rs1mw),Apprentices Can Claim,Yes I Know,5,Gelding,So You Think,Gibraltar Storm,5,C Johnston-Porter,7,C & M Gangemi,57,0,11x53235x320,11:2-3-3,2: 0-0-1,1: 0-0-0,1: 0-0-0,0:0-0-0,5:0-2-1,5:1-1-2,1:1-0-0,0:0-0-0,3:0-1-1,3:1-1-1,$83 700,1,Rest. 64,1740,D W Stackhouse,0.2,11/07/25,Maven Insurance + Advisory Hcp (64),2-Dustland Fairytale,1,3.9,01:51.36,Geelong,Heavy 8,59,0:0-0-0,231783,1284208,1110629,27659,15478,27660,14041,$27000,00.00sec 0m,$14850,AUS
01/08/2026 00:00:00,Belmont Park,6,01-Aug-2026 15:35,1200,3yo+,Rest 1 Metro Win,54,Of $60000  -  1st  $32880 | 2nd  $11160| 3rd  $5280| 4th  $2340| 5th  $1740,,Handicap,MC Polytrack (Rs1mw),Apprentices Can Claim,Yes I Know,5,Gelding,So You Think,Gibraltar Storm,5,C Johnston-Porter,7,C & M Gangemi,57,0,11x53235x320,11:2-3-3,2: 0-0-1,1: 0-0-0,1: 0-0-0,0:0-0-0,5:0-2-1,5:1-1-2,1:1-0-0,0:0-0-0,3:0-1-1,3:1-1-1,$83 700,1,Maiden,1512,D W Stackhouse,1.3,20/06/25,Modano Classic Mdn Plate,2-Marine Empress,1,1.8,01:34.34,Geelong,Soft 6,59.5,0:0-0-0,231169,1279482,1110629,27659,15478,27660,14041,$27000,36.06sec 600m,$14850,AUS
01/08/2026 00:00:00,Belmont Park,6,01-Aug-2026 15:35,1200,3yo+,Rest 1 Metro Win,54,Of $60000  -  1st  $32880 | 2nd  $11160| 3rd  $5280| 4th  $2340| 5th  $1740,,Handicap,MC Polytrack (Rs1mw),Apprentices Can Claim,Catch The Red Eye,6,Gelding,Rubick,For Your Eyes Only,6,P Carbery,1,Sue Olive,56,0,832618x94x40,31:5-2-2,14: 2-1-1,10: 1-0-1,5: 0-0-1,0:0-0-0,23:5-2-2,5:0-0-0,3:0-0-0,0:0-0-0,7:2-0-0,6:1-0-0,$142 182,5,Rest 1 Metro Win,1000,P Carbery,5.1,11/07/26,Glenroy Chaff (Rs1mw),1-Bonnie Lad,10,13,00:58.53,Belmont Park,Good 4,57,0:0-0-0,241265,1355403,972719,27057,9877,27057,9877,$60000,34.45sec 600m,$1080,AUS
01/08/2026 00:00:00,Belmont Park,6,01-Aug-2026 15:35,1200,3yo+,Rest 1 Metro Win,54,Of $60000  -  1st  $32880 | 2nd  $11160| 3rd  $5280| 4th  $2340| 5th  $1740,,Handicap,MC Polytrack (Rs1mw),Apprentices Can Claim,Catch The Red Eye,6,Gelding,Rubick,For Your Eyes Only,6,P Carbery,1,Sue Olive,56,0,832618x94x40,31:5-2-2,14: 2-1-1,10: 1-0-1,5: 0-0-1,0:0-0-0,23:5-2-2,5:0-0-0,3:0-0-0,0:0-0-0,7:2-0-0,6:1-0-0,$142 182,8,Class 5,1000,P Carbery,1.0,01/07/26,Reliable Asset Maintenance Hcp (C5),1-Under Influence,4,26,00:59.59,Belmont Park,Heavy 8,57.5,0:0-0-0,241004,1353374,972719,27057,9877,27057,9877,$30000,34.71sec 600m,$1170,AUS
01/08/2026 00:00:00,Belmont Park,6,01-Aug-2026 15:35,1200,3yo+,Rest 1 Metro Win,54,Of $60000  -  1st  $32880 | 2nd  $11160| 3rd  $5280| 4th  $2340| 5th  $1740,,Handicap,MC Polytrack (Rs1mw),Apprentices Can Claim,Catch The Red Eye,6,Gelding,Rubick,For Your Eyes Only,6,P Carbery,1,Sue Olive,56,0,832618x94x40,31:5-2-2,14: 2-1-1,10: 1-0-1,5: 0-0-1,0:0-0-0,23:5-2-2,5:0-0-0,3:0-0-0,0:0-0-0,7:2-0-0,6:1-0-0,$142 182,7,Rst 0 Met Win-LY,1000,P Carbery,1.6,30/07/25,Glenroy Chaff (Rs0ly),1-Military Power,4,17,00:59.63,Belmont Park,Soft 6,57.5,0:0-0-0,232334,1288476,972719,27057,9877,27057,9877,$35000,34.35sec 600m,$1365,AUS
01/08/2026 00:00:00,Belmont Park,6,01-Aug-2026 15:35,1200,3yo+,Rest 1 Metro Win,54,Of $60000  -  1st  $32880 | 2nd  $11160| 3rd  $5280| 4th  $2340| 5th  $1740,,Handicap,MC Polytrack (Rs1mw),Apprentices Can Claim,Catch The Red Eye,6,Gelding,Rubick,For Your Eyes Only,6,P Carbery,1,Sue Olive,56,0,832618x94x40,31:5-2-2,14: 2-1-1,10: 1-0-1,5: 0-0-1,0:0-0-0,23:5-2-2,5:0-0-0,3:0-0-0,0:0-0-0,7:2-0-0,6:1-0-0,$142 182,7,BenchMark 66+,1000,H Watson,6.3,12/07/25,Greenfields Lodge (Bm66+),1-Desert Whisper,9,26,00:59.95,Bunbury,Heavy 9,55,0:0-0-0,231808,1284409,972719,27057,9877,27057,16516,$80000,35.27sec 600m,$1440,AUS
01/08/2026 00:00:00,Belmont Park,6,01-Aug-2026 15:35,1200,3yo+,Rest 1 Metro Win,54,Of $60000  -  1st  $32880 | 2nd  $11160| 3rd  $5280| 4th  $2340| 5th  $1740,,Handicap,MC Polytrack (Rs1mw),Apprentices Can Claim,Catch The Red Eye,6,Gelding,Rubick,For Your Eyes Only,6,P Carbery,1,Sue Olive,56,0,832618x94x40,31:5-2-2,14: 2-1-1,10: 1-0-1,5: 0-0-1,0:0-0-0,23:5-2-2,5:0-0-0,3:0-0-0,0:0-0-0,7:2-0-0,6:1-0-0,$142 182,6,Rest 1 Metro Win,1200,P Carbery,3.1,01/03/25,Quayclean (Rs1mw),1-Hang Glider,8,9.5,01:11.06,Ascot,Good 4,57,0:0-0-0,227761,1256385,972719,27057,9877,27057,9877,$60000,34.60sec 600m,$1080,AUS
01/08/2026 00:00:00,Belmont Park,6,01-Aug-2026 15:35,1200,3yo+,Rest 1 Metro Win,54,Of $60000  -  1st  $32880 | 2nd  $11160| 3rd  $5280| 4th  $2340| 5th  $1740,,Handicap,MC Polytrack (Rs1mw),Apprentices Can Claim,Catch The Red Eye,6,Gelding,Rubick,For Your Eyes Only,6,P Carbery,1,Sue Olive,56,0,832618x94x40,31:5-2-2,14: 2-1-1,10: 1-0-1,5: 0-0-1,0:0-0-0,23:5-2-2,5:0-0-0,3:0-0-0,0:0-0-0,7:2-0-0,6:1-0-0,$142 182,5,Class 5,1200,P Carbery,2.7,16/02/25,Cash4cans Hcp (C5),2-Supportive,1,1.95,01:10.97,Bunbury,Good 4,55,0:0-0-0,227474,1254126,972719,27057,9877,27057,9877,$30000,35.48sec 600m,$16440,AUS
01/08/2026 00:00:00,Belmont Park,6,01-Aug-2026 15:35,1200,3yo+,Rest 1 Metro Win,54,Of $60000  -  1st  $32880 | 2nd  $11160| 3rd  $5280| 4th  $2340| 5th  $1740,,Handicap,MC Polytrack (Rs1mw),Apprentices Can Claim,Catch The Red Eye,6,Gelding,Rubick,For Your Eyes Only,6,P Carbery,1,Sue Olive,56,0,832618x94x40,31:5-2-2,14: 2-1-1,10: 1-0-1,5: 0-0-1,0:0-0-0,23:5-2-2,5:0-0-0,3:0-0-0,0:0-0-0,7:2-0-0,6:1-0-0,$142 182,3,BenchMark 72+,1200,N Faithfull,4.0,08/02/25,Mrs Mac's (Bm72+),1-Ice Pick Nick,6,26,01:11.63,Ascot,Good 4,54,0:0-0-0,227178,1251804,972719,27057,9877,27057,14702,$80000,33.75sec 600m,$1440,AUS
01/08/2026 00:00:00,Belmont Park,6,01-Aug-2026 15:35,1200,3yo+,Rest 1 Metro Win,54,Of $60000  -  1st  $32880 | 2nd  $11160| 3rd  $5280| 4th  $2340| 5th  $1740,,Handicap,MC Polytrack (Rs1mw),Apprentices Can Claim,Catch The Red Eye,6,Gelding,Rubick,For Your Eyes Only,6,P Carbery,1,Sue Olive,56,0,832618x94x40,31:5-2-2,14: 2-1-1,10: 1-0-1,5: 0-0-1,0:0-0-0,23:5-2-2,5:0-0-0,3:0-0-0,0:0-0-0,7:2-0-0,6:1-0-0,$142 182,6,Class 5,1200,P Carbery,0.0,26/01/25,Swan Draught Hcp (C5),1-Magnasonic,2,5.5,01:11.94,Bunbury,Good 4,54.5,0:0-0-0,227006,1250675,972719,27057,9877,27057,9877,$30000,00.00sec 0m,$5580,AUS
01/08/2026 00:00:00,Belmont Park,6,01-Aug-2026 15:35,1200,3yo+,Rest 1 Metro Win,54,Of $60000  -  1st  $32880 | 2nd  $11160| 3rd  $5280| 4th  $2340| 5th  $1740,,Handicap,MC Polytrack (Rs1mw),Apprentices Can Claim,Catch The Red Eye,6,Gelding,Rubick,For Your Eyes Only,6,P Carbery,1,Sue Olive,56,0,832618x94x40,31:5-2-2,14: 2-1-1,10: 1-0-1,5: 0-0-1,0:0-0-0,23:5-2-2,5:0-0-0,3:0-0-0,0:0-0-0,7:2-0-0,6:1-0-0,$142 182,4,Rst 0 Met Win-LY,1000,P Carbery,2.6,15/01/25,Wittens Irrigation & Design (Rs0ly),1-Rocking Gem,3,9.5,00:58.99,Ascot,Good 4,56,0:0-0-0,226794,1248973,972719,27057,9877,27057,9877,$35000,33.64sec 600m,$3080,AUS
01/08/2026 00:00:00,Belmont Park,6,01-Aug-2026 15:35,1200,3yo+,Rest 1 Metro Win,54,Of $60000  -  1st  $32880 | 2nd  $11160| 3rd  $5280| 4th  $2340| 5th  $1740,,Handicap,MC Polytrack (Rs1mw),Apprentices Can Claim,Catch The Red Eye,6,Gelding,Rubick,For Your Eyes Only,6,P Carbery,1,Sue Olive,56,0,832618x94x40,31:5-2-2,14: 2-1-1,10: 1-0-1,5: 0-0-1,0:0-0-0,23:5-2-2,5:0-0-0,3:0-0-0,0:0-0-0,7:2-0-0,6:1-0-0,$142 182,7,Rest 1 Metro Win,1200,N Faithfull,2.2,01/01/25,Ascend Trophies (Rs1mw),1-Hostile Talk,8,21,01:10.57,Ascot,Good 4,54.5,0:0-0-0,226529,1247018,972719,27057,9877,27057,14702,$60000,34.79sec 600m,$1080,AUS
01/08/2026 00:00:00,Belmont Park,6,01-Aug-2026 15:35,1200,3yo+,Rest 1 Metro Win,54,Of $60000  -  1st  $32880 | 2nd  $11160| 3rd  $5280| 4th  $2340| 5th  $1740,,Handicap,MC Polytrack (Rs1mw),Apprentices Can Claim,God's Gate,5,Gelding,Playing God,Death Knock,7,S Parnham,9,N D Parnham,56,0,01898x790x61,18:3-4-0,10: 1-2-0,6: 1-1-0,5: 1-1-0,0:0-0-0,12:3-3-0,5:0-1-0,1:0-0-0,0:0-0-0,5:0-1-0,4:2-1-0,$177 655,11,Class 5,1300,S Parnham,0.8,22/07/26,Racing @ Pinjarra Park Wednesday August 12 Hcp (C5),2-Poblano,1,8.5,01:17.43,Pinjarra Scarpside,Good 4,55,0:0-0-0,241575,1357904,1109835,10820,12664,10820,12664,$30000,34.85sec 600m,$16440,AUS
01/08/2026 00:00:00,Belmont Park,6,01-Aug-2026 15:35,1200,3yo+,Rest 1 Metro Win,54,Of $60000  -  1st  $32880 | 2nd  $11160| 3rd  $5280| 4th  $2340| 5th  $1740,,Handicap,MC Polytrack (Rs1mw),Apprentices Can Claim,God's Gate,5,Gelding,Playing God,Death Knock,7,S Parnham,9,N D Parnham,56,0,01898x790x61,18:3-4-0,10: 1-2-0,6: 1-1-0,5: 1-1-0,0:0-0-0,12:3-3-0,5:0-1-0,1:0-0-0,0:0-0-0,5:0-1-0,4:2-1-0,$177 655,7,Rst 0 Met Win-LY,1200,S Parnham,3.7,04/07/26,TABtouch - Westspeed Platinum (Rs0ly),1-Girls Day Out,6,11,01:12.12,Belmont Park,Soft 6,56,0:0-0-0,241063,1353813,1109835,10820,12664,10820,12664,$40000,35.56sec 600m,$720,AUS
01/08/2026 00:00:00,Belmont Park,6,01-Aug-2026 15:35,1200,3yo+,Rest 1 Metro Win,54,Of $60000  -  1st  $32880 | 2nd  $11160| 3rd  $5280| 4th  $2340| 5th  $1740,,Handicap,MC Polytrack (Rs1mw),Apprentices Can Claim,God's Gate,5,Gelding,Playing God,Death Knock,7,S Parnham,9,N D Parnham,56,0,01898x790x61,18:3-4-0,10: 1-2-0,6: 1-1-0,5: 1-1-0,0:0-0-0,12:3-3-0,5:0-1-0,1:0-0-0,0:0-0-0,5:0-1-0,4:2-1-0,$177 655,9,BenchMark 66+,1400,L Ramoly,5.2,28/02/26,Drummond Golf (Bm66+),1-King Hit,12,31,01:23.66,Ascot,Good 4,54,0:0-0-0,237645,1328286,1109835,10820,12664,10820,16432,$80000,35.81sec 600m,$0,AUS
01/08/2026 00:00:00,Belmont Park,6,01-Aug-2026 15:35,1200,3yo+,Rest 1 Metro Win,54,Of $60000  -  1st  $32880 | 2nd  $11160| 3rd  $5280| 4th  $2340| 5th  $1740,,Handicap,MC Polytrack (Rs1mw),Apprentices Can Claim,God's Gate,5,Gelding,Playing God,Death Knock,7,S Parnham,9,N D Parnham,56,0,01898x790x61,18:3-4-0,10: 1-2-0,6: 1-1-0,5: 1-1-0,0:0-0-0,12:3-3-0,5:0-1-0,1:0-0-0,0:0-0-0,5:0-1-0,4:2-1-0,$177 655,5,Class 3,1200,S Parnham,8.4,15/02/26,Swan Draught Hcp (C3),1-Magical Sequence,9,10,01:11.04,Ascot,Good 4,59,0:0-0-0,237311,1325693,1109835,10820,12664,10820,12664,$30000,36.00sec 600m,$540,AUS
01/08/2026 00:00:00,Belmont Park,6,01-Aug-2026 15:35,1200,3yo+,Rest 1 Metro Win,54,Of $60000  -  1st  $32880 | 2nd  $11160| 3rd  $5280| 4th  $2340| 5th  $1740,,Handicap,MC Polytrack (Rs1mw),Apprentices Can Claim,God's Gate,5,Gelding,Playing God,Death Knock,7,S Parnham,9,N D Parnham,56,0,01898x790x61,18:3-4-0,10: 1-2-0,6: 1-1-0,5: 1-1-0,0:0-0-0,12:3-3-0,5:0-1-0,1:0-0-0,0:0-0-0,5:0-1-0,4:2-1-0,$177 655,1,Class 3,1200,S Parnham,3.6,04/02/26,Bisley Workwear Hcp (C3),1-Best Mood,7,6,01:10.16,Ascot,Good 4,59,0:0-0-0,237117,1324238,1109835,10820,12664,10820,12664,$30000,35.44sec 600m,$540,AUS
01/08/2026 00:00:00,Belmont Park,6,01-Aug-2026 15:35,1200,3yo+,Rest 1 Metro Win,54,Of $60000  -  1st  $32880 | 2nd  $11160| 3rd  $5280| 4th  $2340| 5th  $1740,,Handicap,MC Polytrack (Rs1mw),Apprentices Can Claim,God's Gate,5,Gelding,Playing God,Death Knock,7,S Parnham,9,N D Parnham,56,0,01898x790x61,18:3-4-0,10: 1-2-0,6: 1-1-0,5: 1-1-0,0:0-0-0,12:3-3-0,5:0-1-0,1:0-0-0,0:0-0-0,5:0-1-0,4:2-1-0,$177 655,7,Rest 1 Metro Win,1200,L Ramoly,11.3,06/09/25,WA Racehorse Owners' Association (Rs1mw),1-Jelly Can Run,8,7,01:16.74,Belmont Park,Heavy 8,57.5,0:0-0-0,233341,1296498,1109835,10820,12664,10820,16432,$60000,00.00sec 0m,$1080,AUS
01/08/2026 00:00:00,Belmont Park,6,01-Aug-2026 15:35,1200,3yo+,Rest 1 Metro Win,54,Of $60000  -  1st  $32880 | 2nd  $11160| 3rd  $5280| 4th  $2340| 5th  $1740,,Handicap,MC Polytrack (Rs1mw),Apprentices Can Claim,God's Gate,5,Gelding,Playing God,Death Knock,7,S Parnham,9,N D Parnham,56,0,01898x790x61,18:3-4-0,10: 1-2-0,6: 1-1-0,5: 1-1-0,0:0-0-0,12:3-3-0,5:0-1-0,1:0-0-0,0:0-0-0,5:0-1-0,4:2-1-0,$177 655,3,BenchMark 66+,1400,L Ramoly,5.9,23/08/25,Damian Lane - 2025 WA Racing Hall Of Fame Inductee (Bm66+),1-Cool Memory,9,10,01:25.47,Belmont Park,Soft 5,55,0:0-0-0,232931,1293216,1109835,10820,12664,10820,16432,$80000,35.83sec 600m,$1440,AUS
01/08/2026 00:00:00,Belmont Park,6,01-Aug-2026 15:35,1200,3yo+,Rest 1 Metro Win,54,Of $60000  -  1st  $32880 | 2nd  $11160| 3rd  $5280| 4th  $2340| 5th  $1740,,Handicap,MC Polytrack (Rs1mw),Apprentices Can Claim,God's Gate,5,Gelding,Playing God,Death Knock,7,S Parnham,9,N D Parnham,56,0,01898x790x61,18:3-4-0,10: 1-2-0,6: 1-1-0,5: 1-1-0,0:0-0-0,12:3-3-0,5:0-1-0,1:0-0-0,0:0-0-0,5:0-1-0,4:2-1-0,$177 655,8,Open,1200,L Ramoly,7.9,26/07/25,Morley Growers Market Hcp,1-Yorga Pride,8,11,01:11.87,Belmont Park,Soft 6,58.5,0:0-0-0,232207,1287472,1109835,10820,12664,10820,16432,$80000,00.00sec 0m,$1440,AUS
01/08/2026 00:00:00,Belmont Park,6,01-Aug-2026 15:35,1200,3yo+,Rest 1 Metro Win,54,Of $60000  -  1st  $32880 | 2nd  $11160| 3rd  $5280| 4th  $2340| 5th  $1740,,Handicap,MC Polytrack (Rs1mw),Apprentices Can Claim,God's Gate,5,Gelding,Playing God,Death Knock,7,S Parnham,9,N D Parnham,56,0,01898x790x61,18:3-4-0,10: 1-2-0,6: 1-1-0,5: 1-1-0,0:0-0-0,12:3-3-0,5:0-1-0,1:0-0-0,0:0-0-0,5:0-1-0,4:2-1-0,$177 655,12,Rest 1 Metro Win,1300,L Ramoly,0.4,28/06/25,TABtouch Place A Same Race Multi (Rs1mw),2-Cruise To Victory,1,8.5,01:17.91,Pinjarra,Good 4,55.5,0:0-0-0,231375,1280989,1109835,10820,12664,10820,16432,$60000,00.00sec 0m,$32880,AUS
01/08/2026 00:00:00,Belmont Park,6,01-Aug-2026 15:35,1200,3yo+,Rest 1 Metro Win,54,Of $60000  -  1st  $32880 | 2nd  $11160| 3rd  $5280| 4th  $2340| 5th  $1740,,Handicap,MC Polytrack (Rs1mw),Apprentices Can Claim,God's Gate,5,Gelding,Playing God,Death Knock,7,S Parnham,9,N D Parnham,56,0,01898x790x61,18:3-4-0,10: 1-2-0,6: 1-1-0,5: 1-1-0,0:0-0-0,12:3-3-0,5:0-1-0,1:0-0-0,0:0-0-0,5:0-1-0,4:2-1-0,$177 655,7,Listed,1400,L Ramoly,5.0,14/06/25,Raconteur Stakes,1-Opportunistic,10,26,01:25.63,Bunbury,Soft 5,55,0:0-0-0,230961,1277866,1109835,10820,12664,10820,16432,$125000,36.39sec 600m,$2250,AUS
01/08/2026 00:00:00,Belmont Park,6,01-Aug-2026 15:35,1200,3yo+,Rest 1 Metro Win,54,Of $60000  -  1st  $32880 | 2nd  $11160| 3rd  $5280| 4th  $2340| 5th  $1740,,Handicap,MC Polytrack (Rs1mw),Apprentices Can Claim,High Pressure,8,Gelding,Headwater,Playgroundprincess,8,S O'Donnell,6,P W Rowe,56,0,634166778x0,37:6-6-5,12: 4-1-2,1: 0-0-0,1: 0-0-0,0:0-0-0,29:5-6-4,8:1-0-1,0:0-0-0,0:0-0-0,6:0-2-1,4:2-0-0,$172 420,6,Rest 1 Metro Win,1200,S O'Donnell,7.2,06/06/26,Swan Draught (Rs1mw),1-Spicy Thang,14,201,01:11.02,Belmont Park,Good 4,56,0:0-0-0,240215,1347369,976059,15268,4615,15268,4615,$60000,34.52sec 600m,$0,AUS
01/08/2026 00:00:00,Belmont Park,6,01-Aug-2026 15:35,1200,3yo+,Rest 1 Metro Win,54,Of $60000  -  1st  $32880 | 2nd  $11160| 3rd  $5280| 4th  $2340| 5th  $1740,,Handicap,MC Polytrack (Rs1mw),Apprentices Can Claim,High Pressure,8,Gelding,Headwater,Playgroundprincess,8,S O'Donnell,6,P W Rowe,56,0,634166778x0,37:6-6-5,12: 4-1-2,1: 0-0-0,1: 0-0-0,0:0-0-0,29:5-6-4,8:1-0-1,0:0-0-0,0:0-0-0,6:0-2-1,4:2-0-0,$172 420,11,Rest 1 Metro Win,1300,A Hearn,6.6,04/10/25,Statewide Oil (Rs1mw),1-Treble Maker,8,41,01:17.75,Kalgoorlie,Good 4,57,0:0-0-0,234092,1302504,976059,15268,4615,27866,14758,$60000,34.69sec 600m,$1080,AUS
01/08/2026 00:00:00,Belmont Park,6,01-Aug-2026 15:35,1200,3yo+,Rest 1 Metro Win,54,Of $60000  -  1st  $32880 | 2nd  $11160| 3rd  $5280| 4th  $2340| 5th  $1740,,Handicap,MC Polytrack (Rs1mw),Apprentices Can Claim,High Pressure,8,Gelding,Headwater,Playgroundprincess,8,S O'Donnell,6,P W Rowe,56,0,634166778x0,37:6-6-5,12: 4-1-2,1: 0-0-0,1: 0-0-0,0:0-0-0,29:5-6-4,8:1-0-1,0:0-0-0,0:0-0-0,6:0-2-1,4:2-0-0,$172 420,8,Open,1300,A Hearn,6.3,21/09/25,Tom Sayers Memorial Sprint,1-Close At Hand,7,26,01:17.73,Kalgoorlie,Good 4,56.5,0:0-0-0,233754,1299745,976059,15268,4615,27866,14758,$30000,34.58sec 600m,$540,AUS
01/08/2026 00:00:00,Belmont Park,6,01-Aug-2026 15:35,1200,3yo+,Rest 1 Metro Win,54,Of $60000  -  1st  $32880 | 2nd  $11160| 3rd  $5280| 4th  $2340| 5th  $1740,,Handicap,MC Polytrack (Rs1mw),Apprentices Can Claim,High Pressure,8,Gelding,Headwater,Playgroundprincess,8,S O'Donnell,6,P W Rowe,56,0,634166778x0,37:6-6-5,12: 4-1-2,1: 0-0-0,1: 0-0-0,0:0-0-0,29:5-6-4,8:1-0-1,0:0-0-0,0:0-0-0,6:0-2-1,4:2-0-0,$172 420,6,Open,1616,A Hearn,7.4,24/08/25,Goldfields Tattersalls Club Cup,1-Decoration,7,12,01:40.99,Kalgoorlie,Soft 5,56.5,0:0-0-0,232951,1293356,976059,15268,4615,27866,14758,$30000,00.00sec 0m,$540,AUS
01/08/2026 00:00:00,Belmont Park,6,01-Aug-2026 15:35,1200,3yo+,Rest 1 Metro Win,54,Of $60000  -  1st  $32880 | 2nd  $11160| 3rd  $5280| 4th  $2340| 5th  $1740,,Handicap,MC Polytrack (Rs1mw),Apprentices Can Claim,High Pressure,8,Gelding,Headwater,Playgroundprincess,8,S O'Donnell,6,P W Rowe,56,0,634166778x0,37:6-6-5,12: 4-1-2,1: 0-0-0,1: 0-0-0,0:0-0-0,29:5-6-4,8:1-0-1,0:0-0-0,0:0-0-0,6:0-2-1,4:2-0-0,$172 420,11,Open,1400,A Hearn,2.6,10/08/25,Terra Drilling Kambalda Cup,1-Influencing,6,18,01:26.86,Kalgoorlie,Soft 6,56.5,0:0-0-0,232582,1290416,976059,15268,4615,27866,14758,$30000,37.90sec 600m,$540,AUS
01/08/2026 00:00:00,Belmont Park,6,01-Aug-2026 15:35,1200,3yo+,Rest 1 Metro Win,54,Of $60000  -  1st  $32880 | 2nd  $11160| 3rd  $5280| 4th  $2340| 5th  $1740,,Handicap,MC Polytrack (Rs1mw),Apprentices Can Claim,High Pressure,8,Gelding,Headwater,Playgroundprincess,8,S O'Donnell,6,P W Rowe,56,0,634166778x0,37:6-6-5,12: 4-1-2,1: 0-0-0,1: 0-0-0,0:0-0-0,29:5-6-4,8:1-0-1,0:0-0-0,0:0-0-0,6:0-2-1,4:2-0-0,$172 420,3,BenchMark 70+,1300,Ms K Yuill,2.8,27/07/25,Hydramech (Bm70+),1-Laquetta's Gift,6,10,01:19.00,Kalgoorlie,Good 4,58,0:0-0-0,232226,1287595,976059,15268,4615,27866,14215,$24000,00.00sec 0m,$432,AUS
01/08/2026 00:00:00,Belmont Park,6,01-Aug-2026 15:35,1200,3yo+,Rest 1 Metro Win,54,Of $60000  -  1st  $32880 | 2nd  $11160| 3rd  $5280| 4th  $2340| 5th  $1740,,Handicap,MC Polytrack (Rs1mw),Apprentices Can Claim,High Pressure,8,Gelding,Headwater,Playgroundprincess,8,S O'Donnell,6,P W Rowe,56,0,634166778x0,37:6-6-5,12: 4-1-2,1: 0-0-0,1: 0-0-0,0:0-0-0,29:5-6-4,8:1-0-1,0:0-0-0,0:0-0-0,6:0-2-1,4:2-0-0,$172 420,2,BenchMark 70+,1200,A Hearn,0.6,13/07/25,Something Pink Breast Cancer Awareness (Bm70+),2-Treasured Queen,1,5.5,01:11.22,Kalgoorlie,Good 4,56.5,0:0-0-0,231819,1284485,976059,15268,4615,27866,14758,$24000,00.00sec 0m,$13152,AUS
01/08/2026 00:00:00,Belmont Park,6,01-Aug-2026 15:35,1200,3yo+,Rest 1 Metro Win,54,Of $60000  -  1st  $32880 | 2nd  $11160| 3rd  $5280| 4th  $2340| 5th  $1740,,Handicap,MC Polytrack (Rs1mw),Apprentices Can Claim,High Pressure,8,Gelding,Headwater,Playgroundprincess,8,S O'Donnell,6,P W Rowe,56,0,634166778x0,37:6-6-5,12: 4-1-2,1: 0-0-0,1: 0-0-0,0:0-0-0,29:5-6-4,8:1-0-1,0:0-0-0,0:0-0-0,6:0-2-1,4:2-0-0,$172 420,3,BenchMark 70+,1400,V Corver,3.7,22/06/25,The Shoe Bar Athol & Gerry Higgins Memorial (Bm70+),1-Close At Hand,4,10,01:25.23,Kalgoorlie,Good 4,57,0:0-0-0,231207,1279751,976059,15268,4615,27866,16468,$24000,00.00sec 0m,$936,AUS
01/08/2026 00:00:00,Belmont Park,6,01-Aug-2026 15:35,1200,3yo+,Rest 1 Metro Win,54,Of $60000  -  1st  $32880 | 2nd  $11160| 3rd  $5280| 4th  $2340| 5th  $1740,,Handicap,MC Polytrack (Rs1mw),Apprentices Can Claim,High Pressure,8,Gelding,Headwater,Playgroundprincess,8,S O'Donnell,6,P W Rowe,56,0,634166778x0,37:6-6-5,12: 4-1-2,1: 0-0-0,1: 0-0-0,0:0-0-0,29:5-6-4,8:1-0-1,0:0-0-0,0:0-0-0,6:0-2-1,4:2-0-0,$172 420,5,BenchMark 70+,1400,T Turner,5.2,25/05/25,Gai Robinson Memorial (Bm70+),1-Close At Hand,3,4.8,01:23.80,Kalgoorlie,Good 4,57,0:0-0-0,230372,1273170,976059,15268,4615,27866,10117,$24000,00.00sec 0m,$2112,AUS
01/08/2026 00:00:00,Belmont Park,6,01-Aug-2026 15:35,1200,3yo+,Rest 1 Metro Win,54,Of $60000  -  1st  $32880 | 2nd  $11160| 3rd  $5280| 4th  $2340| 5th  $1740,,Handicap,MC Polytrack (Rs1mw),Apprentices Can Claim,High Pressure,8,Gelding,Headwater,Playgroundprincess,8,S O'Donnell,6,P W Rowe,56,0,634166778x0,37:6-6-5,12: 4-1-2,1: 0-0-0,1: 0-0-0,0:0-0-0,29:5-6-4,8:1-0-1,0:0-0-0,0:0-0-0,6:0-2-1,4:2-0-0,$172 420,3,BenchMark 70+,1100,Ms K Yuill,2.9,18/05/25,Kennedy Drilling (Bm70+),1-Baalbek,6,5.5,01:04.32,Kalgoorlie,Good 4,57,0:0-0-0,230103,1271530,976059,15268,4615,27866,14215,$24000,00.00sec 0m,$432,AUS
01/08/2026 00:00:00,Belmont Park,6,01-Aug-2026 15:35,1200,3yo+,Rest 1 Metro Win,54,Of $60000  -  1st  $32880 | 2nd  $11160| 3rd  $5280| 4th  $2340| 5th  $1740,,Handicap,MC Polytrack (Rs1mw),Apprentices Can Claim,Leetron,5,Gelding,Thorn Dancer,Make Mine Fair,9,Holly Watson,5,F R Kersley,56,0,09060x06318,15:3-0-2,6: 1-0-1,6: 0-0-2,3: 0-0-1,0:0-0-0,6:0-0-0,7:3-0-2,2:0-0-0,0:0-0-0,3:2-0-0,2:0-0-0,$58 280,2,Class 3,1400,P Carbery,5.9,16/07/26,State Wide Turf Services Hcp (C3),1-Berry Blast,8,3.7,01:28.96,Pinjarra,Heavy 8,59,0:0-0-0,241406,1356504,1115093,14083,16516,14083,9877,$30000,37.46sec 600m,$540,AUS
01/08/2026 00:00:00,Belmont Park,6,01-Aug-2026 15:35,1200,3yo+,Rest 1 Metro Win,54,Of $60000  -  1st  $32880 | 2nd  $11160| 3rd  $5280| 4th  $2340| 5th  $1740,,Handicap,MC Polytrack (Rs1mw),Apprentices Can Claim,Leetron,5,Gelding,Thorn Dancer,Make Mine Fair,9,Holly Watson,5,F R Kersley,56,0,09060x06318,15:3-0-2,6: 1-0-1,6: 0-0-2,3: 0-0-1,0:0-0-0,6:0-0-0,7:3-0-2,2:0-0-0,0:0-0-0,3:2-0-0,2:0-0-0,$58 280,1,Class 3,1200,P Carbery,0.9,02/07/26,TABtouch Same Race Multi Hcp (C3),2-True Fiction,1,9,01:12.35,Pinjarra,Soft 5,57.5,0:0-0-0,241007,1353403,1115093,14083,16516,14083,9877,$30000,00.00sec 0m,$16440,AUS
01/08/2026 00:00:00,Belmont Park,6,01-Aug-2026 15:35,1200,3yo+,Rest 1 Metro Win,54,Of $60000  -  1st  $32880 | 2nd  $11160| 3rd  $5280| 4th  $2340| 5th  $1740,,Handicap,MC Polytrack (Rs1mw),Apprentices Can Claim,Leetron,5,Gelding,Thorn Dancer,Make Mine Fair,9,Holly Watson,5,F R Kersley,56,0,09060x06318,15:3-0-2,6: 1-0-1,6: 0-0-2,3: 0-0-1,0:0-0-0,6:0-0-0,7:3-0-2,2:0-0-0,0:0-0-0,3:2-0-0,2:0-0-0,$58 280,3,Rest 1 Metro Win,1400,P Carbery,1.9,13/06/26,Liquor Barons (Rs1mw),1-Territory Man,3,19,01:26.68,Belmont Park,Soft 6,55,0:0-0-0,240420,1348938,1115093,14083,16516,14083,9877,$60000,34.27sec 600m,$5280,AUS
01/08/2026 00:00:00,Belmont Park,6,01-Aug-2026 15:35,1200,3yo+,Rest 1 Metro Win,54,Of $60000  -  1st  $32880 | 2nd  $11160| 3rd  $5280| 4th  $2340| 5th  $1740,,Handicap,MC Polytrack (Rs1mw),Apprentices Can Claim,Leetron,5,Gelding,Thorn Dancer,Make Mine Fair,9,Holly Watson,5,F R Kersley,56,0,09060x06318,15:3-0-2,6: 1-0-1,6: 0-0-2,3: 0-0-1,0:0-0-0,6:0-0-0,7:3-0-2,2:0-0-0,0:0-0-0,3:2-0-0,2:0-0-0,$58 280,12,Class 3,1400,H Nottle,2.2,03/06/26,Bisley Workwear Hcp (C3),1-Talkaway,6,41,01:24.94,Belmont Park,Soft 5,55.5,0:0-0-0,240163,1346903,1115093,14083,16516,14083,17687,$30000,35.63sec 600m,$540,AUS
01/08/2026 00:00:00,Belmont Park,6,01-Aug-2026 15:35,1200,3yo+,Rest 1 Metro Win,54,Of $60000  -  1st  $32880 | 2nd  $11160| 3rd  $5280| 4th  $2340| 5th  $1740,,Handicap,MC Polytrack (Rs1mw),Apprentices Can Claim,Leetron,5,Gelding,Thorn Dancer,Make Mine Fair,9,Holly Watson,5,F R Kersley,56,0,09060x06318,15:3-0-2,6: 1-0-1,6: 0-0-2,3: 0-0-1,0:0-0-0,6:0-0-0,7:3-0-2,2:0-0-0,0:0-0-0,3:2-0-0,2:0-0-0,$58 280,12,Class 3,1200,N Faithfull,10.2,06/05/26,Western Racepix Hcp (C3),1-Gypsy Rhyme,12,71,01:10.58,Ascot,Good 4,57.5,0:0-0-0,239381,1341040,1115093,14083,16516,14083,14702,$30000,35.14sec 600m,$0,AUS
01/08/2026 00:00:00,Belmont Park,6,01-Aug-2026 15:35,1200,3yo+,Rest 1 Metro Win,54,Of $60000  -  1st  $32880 | 2nd  $11160| 3rd  $5280| 4th  $2340| 5th  $1740,,Handicap,MC Polytrack (Rs1mw),Apprentices Can Claim,Leetron,5,Gelding,Thorn Dancer,Make Mine Fair,9,Holly Watson,5,F R Kersley,56,0,09060x06318,15:3-0-2,6: 1-0-1,6: 0-0-2,3: 0-0-1,0:0-0-0,6:0-0-0,7:3-0-2,2:0-0-0,0:0-0-0,3:2-0-0,2:0-0-0,$58 280,8,Class 3,1400,W Pike,10.4,03/01/26,Australia Day Weekend Racing Sunday Jan 25 Hcp (C3),1-Manjeri,12,8.5,01:23.58,Pinjarra,Good 4,57.5,0:0-0-0,236492,1319650,1115093,14083,16516,14083,12691,$30000,35.60sec 600m,$0,AUS
01/08/2026 00:00:00,Belmont Park,6,01-Aug-2026 15:35,1200,3yo+,Rest 1 Metro Win,54,Of $60000  -  1st  $32880 | 2nd  $11160| 3rd  $5280| 4th  $2340| 5th  $1740,,Handicap,MC Polytrack (Rs1mw),Apprentices Can Claim,Leetron,5,Gelding,Thorn Dancer,Make Mine Fair,9,Holly Watson,5,F R Kersley,56,0,09060x06318,15:3-0-2,6: 1-0-1,6: 0-0-2,3: 0-0-1,0:0-0-0,6:0-0-0,7:3-0-2,2:0-0-0,0:0-0-0,3:2-0-0,2:0-0-0,$58 280,3,Class 3,1200,H Watson,2.5,17/12/25,Reliable Asset Maintenance Hcp (C3),1-De Grandhomme,6,31,01:11.50,Ascot,Good 4,57.5,0:0-0-0,236170,1317147,1115093,14083,16516,14083,16516,$30000,34.99sec 600m,$540,AUS
01/08/2026 00:00:00,Belmont Park,6,01-Aug-2026 15:35,1200,3yo+,Rest 1 Metro Win,54,Of $60000  -  1st  $32880 | 2nd  $11160| 3rd  $5280| 4th  $2340| 5th  $1740,,Handicap,MC Polytrack (Rs1mw),Apprentices Can Claim,Leetron,5,Gelding,Thorn Dancer,Make Mine Fair,9,Holly Watson,5,F R Kersley,56,0,09060x06318,15:3-0-2,6: 1-0-1,6: 0-0-2,3: 0-0-1,0:0-0-0,6:0-0-0,7:3-0-2,2:0-0-0,0:0-0-0,3:2-0-0,2:0-0-0,$58 280,9,Class 3,1200,H Nottle,10.0,03/12/25,Morley Growers Market Hcp (C3),1-Hey Pino,13,61,01:10.96,Belmont Park,Good 4,55.5,0:0-0-0,235758,1314490,1115093,14083,16516,14083,17687,$30000,34.28sec 600m,$0,AUS
01/08/2026 00:00:00,Belmont Park,6,01-Aug-2026 15:35,1200,3yo+,Rest 1 Metro Win,54,Of $60000  -  1st  $32880 | 2nd  $11160| 3rd  $5280| 4th  $2340| 5th  $1740,,Handicap,MC Polytrack (Rs1mw),Apprentices Can Claim,Leetron,5,Gelding,Thorn Dancer,Make Mine Fair,9,Holly Watson,5,F R Kersley,56,0,09060x06318,15:3-0-2,6: 1-0-1,6: 0-0-2,3: 0-0-1,0:0-0-0,6:0-0-0,7:3-0-2,2:0-0-0,0:0-0-0,3:2-0-0,2:0-0-0,$58 280,1,Class 3,1200,Taj Dyson,5.0,12/11/25,Unite Resourcing Hcp (C3),1-Maalis Song,9,19,01:12.31,Belmont Park,Good 4,60,0:0-0-0,235255,1310460,1115093,14083,16516,14083,16792,$30000,34.91sec 600m,$540,AUS
01/08/2026 00:00:00,Belmont Park,6,01-Aug-2026 15:35,1200,3yo+,Rest 1 Metro Win,54,Of $60000  -  1st  $32880 | 2nd  $11160| 3rd  $5280| 4th  $2340| 5th  $1740,,Handicap,MC Polytrack (Rs1mw),Apprentices Can Claim,Leetron,5,Gelding,Thorn Dancer,Make Mine Fair,9,Holly Watson,5,F R Kersley,56,0,09060x06318,15:3-0-2,6: 1-0-1,6: 0-0-2,3: 0-0-1,0:0-0-0,6:0-0-0,7:3-0-2,2:0-0-0,0:0-0-0,3:2-0-0,2:0-0-0,$58 280,3,Class 3,1400,H Nottle,7.9,24/09/25,Swan Draught Hcp (C3),1-Cavallo Red,11,3.4,01:24.77,Belmont Park,Good 4,56.5,0:0-0-0,233848,1300526,1115093,14083,16516,14083,17687,$30000,36.46sec 600m,$0,AUS
01/08/2026 00:00:00,Belmont Park,6,01-Aug-2026 15:35,1200,3yo+,Rest 1 Metro Win,54,Of $60000  -  1st  $32880 | 2nd  $11160| 3rd  $5280| 4th  $2340| 5th  $1740,,Handicap,MC Polytrack (Rs1mw),Apprentices Can Claim,Rock The Market,5,Mare,Fastnet Rock,Market Ruler,10,B Parnham,2,Simon Miller,56,0,2x2213x1139,9:3-3-2,6: 3-2-1,5: 1-2-1,3: 1-2-0,0:0-0-0,8:2-3-2,0:0-0-0,1:1-0-0,0:0-0-0,3:1-2-0,2:1-1-0,$90 500,4,Rest 1 Metro Win,1400,B Parnham,3.3,25/07/26,Lawn Pride Australia (Rs1mw),1-Supido Express,9,3.9,01:24.22,Belmont Park,Good 4,56.5,0:0-0-0,241634,1358386,980771,24928,13271,24928,13271,$60000,35.93sec 600m,$1080,AUS
01/08/2026 00:00:00,Belmont Park,6,01-Aug-2026 15:35,1200,3yo+,Rest 1 Metro Win,54,Of $60000  -  1st  $32880 | 2nd  $11160| 3rd  $5280| 4th  $2340| 5th  $1740,,Handicap,MC Polytrack (Rs1mw),Apprentices Can Claim,Rock The Market,5,Mare,Fastnet Rock,Market Ruler,10,B Parnham,2,Simon Miller,56,0,2x2213x1139,9:3-3-2,6: 3-2-1,5: 1-2-1,3: 1-2-0,0:0-0-0,8:2-3-2,0:0-0-0,1:1-0-0,0:0-0-0,3:1-2-0,2:1-1-0,$90 500,11,Rest 1 Metro Win,1400,S O'Donnell,1.7,11/07/26,Lawn Pride Australia (Rs1mw),1-Diamonds'n'rubies,3,5.5,01:25.70,Belmont Park,Good 4,58,0:0-0-0,241265,1355407,980771,24928,13271,24928,4615,$60000,35.65sec 600m,$5280,AUS
01/08/2026 00:00:00,Belmont Park,6,01-Aug-2026 15:35,1200,3yo+,Rest 1 Metro Win,54,Of $60000  -  1st  $32880 | 2nd  $11160| 3rd  $5280| 4th  $2340| 5th  $1740,,Handicap,MC Polytrack (Rs1mw),Apprentices Can Claim,Rock The Market,5,Mare,Fastnet Rock,Market Ruler,10,B Parnham,2,Simon Miller,56,0,2x2213x1139,9:3-3-2,6: 3-2-1,5: 1-2-1,3: 1-2-0,0:0-0-0,8:2-3-2,0:0-0-0,1:1-0-0,0:0-0-0,3:1-2-0,2:1-1-0,$90 500,4,Rest 1 Metro Win,1200,B Parnham,0.1,27/06/26,Peters Investments (Rs1mw),2-Spicy Thang,1,6.5,01:13.83,Belmont Park,Heavy 8,54.5,0:0-0-0,240853,1352209,980771,24928,13271,24928,13271,$60000,35.91sec 600m,$32880,AUS
01/08/2026 00:00:00,Belmont Park,6,01-Aug-2026 15:35,1200,3yo+,Rest 1 Metro Win,54,Of $60000  -  1st  $32880 | 2nd  $11160| 3rd  $5280| 4th  $2340| 5th  $1740,,Handicap,MC Polytrack (Rs1mw),Apprentices Can Claim,Rock The Market,5,Mare,Fastnet Rock,Market Ruler,10,B Parnham,2,Simon Miller,56,0,2x2213x1139,9:3-3-2,6: 3-2-1,5: 1-2-1,3: 1-2-0,0:0-0-0,8:2-3-2,0:0-0-0,1:1-0-0,0:0-0-0,3:1-2-0,2:1-1-0,$90 500,10,Class 1,1200,W Pike,0.4,04/06/26,Hahn 3.5 Hcp (C1),2-Saigon Dancer,1,3.3,01:11.30,Pinjarra Scarpside,Good 4,58.5,0:0-0-0,240164,1346912,980771,24928,13271,24928,12691,$30000,33.67sec 600m,$16440,AUS
01/08/2026 00:00:00,Belmont Park,6,01-Aug-2026 15:35,1200,3yo+,Rest 1 Metro Win,54,Of $60000  -  1st  $32880 | 2nd  $11160| 3rd  $5280| 4th  $2340| 5th  $1740,,Handicap,MC Polytrack (Rs1mw),Apprentices Can Claim,Rock The Market,5,Mare,Fastnet Rock,Market Ruler,10,B Parnham,2,Simon Miller,56,0,2x2213x1139,9:3-3-2,6: 3-2-1,5: 1-2-1,3: 1-2-0,0:0-0-0,8:2-3-2,0:0-0-0,1:1-0-0,0:0-0-0,3:1-2-0,2:1-1-0,$90 500,6,Class 1,1200,C Johnston-Porter,1.9,31/12/25,TABtouch Share My Bet Hcp (C1),1-Magical Sequence,3,2.5,01:12.61,Pinjarra,Good 4,58,0:0-0-0,236421,1319124,980771,24928,13271,24928,15478,$30000,35.14sec 600m,$2640,AUS
01/08/2026 00:00:00,Belmont Park,6,01-Aug-2026 15:35,1200,3yo+,Rest 1 Metro Win,54,Of $60000  -  1st  $32880 | 2nd  $11160| 3rd  $5280| 4th  $2340| 5th  $1740,,Handicap,MC Polytrack (Rs1mw),Apprentices Can Claim,Rock The Market,5,Mare,Fastnet Rock,Market Ruler,10,B Parnham,2,Simon Miller,56,0,2x2213x1139,9:3-3-2,6: 3-2-1,5: 1-2-1,3: 1-2-0,0:0-0-0,8:2-3-2,0:0-0-0,1:1-0-0,0:0-0-0,3:1-2-0,2:1-1-0,$90 500,13,Maiden,1200,C Johnston-Porter,0.4,17/12/25,A1 Engineering Mdn,2-Poblano,1,2.9,01:11.48,Ascot,Good 4,56,0:0-0-0,236170,1317143,980771,24928,13271,24928,15478,$25000,35.40sec 600m,$13700,AUS
01/08/2026 00:00:00,Belmont Park,6,01-Aug-2026 15:35,1200,3yo+,Rest 1 Metro Win,54,Of $60000  -  1st  $32880 | 2nd  $11160| 3rd  $5280| 4th  $2340| 5th  $1740,,Handicap,MC Polytrack (Rs1mw),Apprentices Can Claim,Rock The Market,5,Mare,Fastnet Rock,Market Ruler,10,B Parnham,2,Simon Miller,56,0,2x2213x1139,9:3-3-2,6: 3-2-1,5: 1-2-1,3: 1-2-0,0:0-0-0,8:2-3-2,0:0-0-0,1:1-0-0,0:0-0-0,3:1-2-0,2:1-1-0,$90 500,6,Class 3,1200,C Johnston-Porter,0.8,03/12/25,Morley Growers Market Hcp (C3),1-Hey Pino,2,4.6,01:10.96,Belmont Park,Good 4,55,0:0-0-0,235758,1314490,980771,24928,13271,24928,15478,$30000,34.28sec 600m,$5580,AUS
01/08/2026 00:00:00,Belmont Park,6,01-Aug-2026 15:35,1200,3yo+,Rest 1 Metro Win,54,Of $60000  -  1st  $32880 | 2nd  $11160| 3rd  $5280| 4th  $2340| 5th  $1740,,Handicap,MC Polytrack (Rs1mw),Apprentices Can Claim,Rock The Market,5,Mare,Fastnet Rock,Market Ruler,10,B Parnham,2,Simon Miller,56,0,2x2213x1139,9:3-3-2,6: 3-2-1,5: 1-2-1,3: 1-2-0,0:0-0-0,8:2-3-2,0:0-0-0,1:1-0-0,0:0-0-0,3:1-2-0,2:1-1-0,$90 500,11,Maiden,1200,C Johnston-Porter,0.1,19/11/25,Glenroy Chaff Mdn,1-Viresha,2,4.6,01:11.78,Belmont Park,Good 4,56,0:0-0-0,235460,1312121,980771,24928,13271,24928,15478,$25000,35.14sec 600m,$4650,AUS
01/08/2026 00:00:00,Belmont Park,6,01-Aug-2026 15:35,1200,3yo+,Rest 1 Metro Win,54,Of $60000  -  1st  $32880 | 2nd  $11160| 3rd  $5280| 4th  $2340| 5th  $1740,,Handicap,MC Polytrack (Rs1mw),Apprentices Can Claim,Rock The Market,5,Mare,Fastnet Rock,Market Ruler,10,B Parnham,2,Simon Miller,56,0,2x2213x1139,9:3-3-2,6: 3-2-1,5: 1-2-1,3: 1-2-0,0:0-0-0,8:2-3-2,0:0-0-0,1:1-0-0,0:0-0-0,3:1-2-0,2:1-1-0,$90 500,4,Maiden,1300,C Johnston-Porter,1.9,02/07/25,WA Racing Live & Free On Racing.Com Mdn,1-Return Of The Mach,2,8,01:18.14,Northam,Good 4,56,0:0-0-0,231552,1282388,980771,24928,13271,24928,15478,$25000,34.29sec 600m,$4650,AUS
01/08/2026 00:00:00,Belmont Park,6,01-Aug-2026 15:35,1200,3yo+,Rest 1 Metro Win,54,Of $60000  -  1st  $32880 | 2nd  $11160| 3rd  $5280| 4th  $2340| 5th  $1740,,Handicap,MC Polytrack (Rs1mw),Apprentices Can Claim,Get Out Mick,7,Gelding,Demerit,French Champagne,11,Jade Mc Naught,8,B S Seinor,54,0,6577949326,47:4-2-7,18: 3-1-2,7: 0-1-1,2: 0-0-0,0:0-0-0,39:4-2-6,6:0-0-0,2:0-0-1,0:0-0-0,5:0-0-0,5:0-0-0,$102 089,13,Class 5,1300,J Mc Naught,3.8,22/07/26,TABtouch Share My Bet Hcp (C5),1-Millstee,6,21,01:17.82,Pinjarra Scarpside,Good 4,54,0:0-0-0,241575,1357903,969760,15214,16126,15214,16126,$30000,34.14sec 600m,$540,AUS
01/08/2026 00:00:00,Belmont Park,6,01-Aug-2026 15:35,1200,3yo+,Rest 1 Metro Win,54,Of $60000  -  1st  $32880 | 2nd  $11160| 3rd  $5280| 4th  $2340| 5th  $1740,,Handicap,MC Polytrack (Rs1mw),Apprentices Can Claim,Get Out Mick,7,Gelding,Demerit,French Champagne,11,Jade Mc Naught,8,B S Seinor,54,0,6577949326,47:4-2-7,18: 3-1-2,7: 0-1-1,2: 0-0-0,0:0-0-0,39:4-2-6,6:0-0-0,2:0-0-1,0:0-0-0,5:0-0-0,5:0-0-0,$102 089,5,Rst 0 Met Win-LY,1400,J Mc Naught,0.4,11/07/26,TABtouch - Westspeed Platinum (Rs0ly),1-Kelvinater,2,21,01:25.27,Belmont Park,Good 4,54,0:0-0-0,241265,1355401,969760,15214,16126,15214,16126,$40000,36.21sec 600m,$7440,AUS
01/08/2026 00:00:00,Belmont Park,6,01-Aug-2026 15:35,1200,3yo+,Rest 1 Metro Win,54,Of $60000  -  1st  $32880 | 2nd  $11160| 3rd  $5280| 4th  $2340| 5th  $1740,,Handicap,MC Polytrack (Rs1mw),Apprentices Can Claim,Get Out Mick,7,Gelding,Demerit,French Champagne,11,Jade Mc Naught,8,B S Seinor,54,0,6577949326,47:4-2-7,18: 3-1-2,7: 0-1-1,2: 0-0-0,0:0-0-0,39:4-2-6,6:0-0-0,2:0-0-1,0:0-0-0,5:0-0-0,5:0-0-0,$102 089,2,Open,1400,C Cooper,2.1,27/06/26,TABtouch - Westspeed Platinum Winter Series Final,1-Diamonds'n'rubies,3,21,01:26.75,Belmont Park,Heavy 8,52,0:0-0-0,240853,1352208,969760,15214,16126,15214,17382,$100000,37.21sec 600m,$8800,AUS
01/08/2026 00:00:00,Belmont Park,6,01-Aug-2026 15:35,1200,3yo+,Rest 1 Metro Win,54,Of $60000  -  1st  $32880 | 2nd  $11160| 3rd  $5280| 4th  $2340| 5th  $1740,,Handicap,MC Polytrack (Rs1mw),Apprentices Can Claim,Get Out Mick,7,Gelding,Demerit,French Champagne,11,Jade Mc Naught,8,B S Seinor,54,0,6577949326,47:4-2-7,18: 3-1-2,7: 0-1-1,2: 0-0-0,0:0-0-0,39:4-2-6,6:0-0-0,2:0-0-1,0:0-0-0,5:0-0-0,5:0-0-0,$102 089,6,Rst 0 Met Win-LY,1600,J Mc Naught,4.3,20/06/26,TABtouch - Westspeed Platinum (Rs0ly),1-God's Grin,9,51,01:38.66,Belmont Park,Good 4,54.5,0:0-0-0,240643,1350606,969760,15214,16126,15214,16126,$40000,35.90sec 600m,$720,AUS
01/08/2026 00:00:00,Belmont Park,6,01-Aug-2026 15:35,1200,3yo+,Rest 1 Metro Win,54,Of $60000  -  1st  $32880 | 2nd  $11160| 3rd  $5280| 4th  $2340| 5th  $1740,,Handicap,MC Polytrack (Rs1mw),Apprentices Can Claim,Get Out Mick,7,Gelding,Demerit,French Champagne,11,Jade Mc Naught,8,B S Seinor,54,0,6577949326,47:4-2-7,18: 3-1-2,7: 0-1-1,2: 0-0-0,0:0-0-0,39:4-2-6,6:0-0-0,2:0-0-1,0:0-0-0,5:0-0-0,5:0-0-0,$102 089,4,Rst 0 Met Win-LY,1200,J Mc Naught,1.6,03/06/26,Share Bets With TABtouch Bet Loop (Rs0ly),1-Armino,4,51,01:11.98,Belmont Park,Soft 5,54,0:0-0-0,240163,1346905,969760,15214,16126,15214,16126,$35000,34.76sec 600m,$1365,AUS
01/08/2026 00:00:00,Belmont Park,6,01-Aug-2026 15:35,1200,3yo+,Rest 1 Metro Win,54,Of $60000  -  1st  $32880 | 2nd  $11160| 3rd  $5280| 4th  $2340| 5th  $1740,,Handicap,MC Polytrack (Rs1mw),Apprentices Can Claim,Get Out Mick,7,Gelding,Demerit,French Champagne,11,Jade Mc Naught,8,B S Seinor,54,0,6577949326,47:4-2-7,18: 3-1-2,7: 0-1-1,2: 0-0-0,0:0-0-0,39:4-2-6,6:0-0-0,2:0-0-1,0:0-0-0,5:0-0-0,5:0-0-0,$102 089,8,Rst 0 Met Win-LY,1400,N Riordan,2.7,23/05/26,TABtouch - Westspeed Platinum (Rs0ly),1-Gold Maker,9,51,01:24.01,Belmont Park,Good 4,53.5,0:0-0-0,239806,1344311,969760,15214,16126,15214,17685,$40000,35.47sec 600m,$720,AUS
01/08/2026 00:00:00,Belmont Park,6,01-Aug-2026 15:35,1200,3yo+,Rest 1 Metro Win,54,Of $60000  -  1st  $32880 | 2nd  $11160| 3rd  $5280| 4th  $2340| 5th  $1740,,Handicap,MC Polytrack (Rs1mw),Apprentices Can Claim,Get Out Mick,7,Gelding,Demerit,French Champagne,11,Jade Mc Naught,8,B S Seinor,54,0,6577949326,47:4-2-7,18: 3-1-2,7: 0-1-1,2: 0-0-0,0:0-0-0,39:4-2-6,6:0-0-0,2:0-0-1,0:0-0-0,5:0-0-0,5:0-0-0,$102 089,1,Rst 0 Met Win-LY,1200,C Johnston-Porter,4.9,16/05/26,Tabtouch - Westspeed Platinum Series Heat 1 (Rs0ly),1-Go Go Grommet,7,81,01:12.29,Belmont Park,Soft 5,55,0:0-0-0,239612,1342846,969760,15214,16126,15214,15478,$40000,34.48sec 600m,$720,AUS
01/08/2026 00:00:00,Belmont Park,6,01-Aug-2026 15:35,1200,3yo+,Rest 1 Metro Win,54,Of $60000  -  1st  $32880 | 2nd  $11160| 3rd  $5280| 4th  $2340| 5th  $1740,,Handicap,MC Polytrack (Rs1mw),Apprentices Can Claim,Get Out Mick,7,Gelding,Demerit,French Champagne,11,Jade Mc Naught,8,B S Seinor,54,0,6577949326,47:4-2-7,18: 3-1-2,7: 0-1-1,2: 0-0-0,0:0-0-0,39:4-2-6,6:0-0-0,2:0-0-1,0:0-0-0,5:0-0-0,5:0-0-0,$102 089,4,Rst 0 Met Win-LY,1100,C Johnston-Porter,4.7,02/05/26,TABtouch - Westspeed Platinum (Rs0ly),1-Hezangelic,7,71,01:04.59,Ascot,Good 4,55,0:0-0-0,239251,1339954,969760,15214,16126,15214,15478,$40000,34.39sec 600m,$720,AUS
01/08/2026 00:00:00,Belmont Park,6,01-Aug-2026 15:35,1200,3yo+,Rest 1 Metro Win,54,Of $60000  -  1st  $32880 | 2nd  $11160| 3rd  $5280| 4th  $2340| 5th  $1740,,Handicap,MC Polytrack (Rs1mw),Apprentices Can Claim,Get Out Mick,7,Gelding,Demerit,French Champagne,11,Jade Mc Naught,8,B S Seinor,54,0,6577949326,47:4-2-7,18: 3-1-2,7: 0-1-1,2: 0-0-0,0:0-0-0,39:4-2-6,6:0-0-0,2:0-0-1,0:0-0-0,5:0-0-0,5:0-0-0,$102 089,6,Bench. 46+,1190,N Riordan,4.3,23/04/26,TABtouch Supports Narrogin Racing (Bm46+),1-Three Grand,5,6,01:12.30,Narrogin,Good 3,60,0:0-0-0,238957,1338082,969760,15214,16126,15214,17685,$17000,00.00sec 0m,$493,AUS
01/08/2026 00:00:00,Belmont Park,6,01-Aug-2026 15:35,1200,3yo+,Rest 1 Metro Win,54,Of $60000  -  1st  $32880 | 2nd  $11160| 3rd  $5280| 4th  $2340| 5th  $1740,,Handicap,MC Polytrack (Rs1mw),Apprentices Can Claim,Get Out Mick,7,Gelding,Demerit,French Champagne,11,Jade Mc Naught,8,B S Seinor,54,0,6577949326,47:4-2-7,18: 3-1-2,7: 0-1-1,2: 0-0-0,0:0-0-0,39:4-2-6,6:0-0-0,2:0-0-1,0:0-0-0,5:0-0-0,5:0-0-0,$102 089,10,Bench. 46+,1200,H Nottle,4.5,06/04/26,Avon Valley Pools (Bm46+),1-Missile Girl,6,7.5,01:10.77,York,Good 4,60,0:0-0-0,238509,1334871,969760,15214,16126,15214,17687,$17000,00.00sec 0m,$306,AUS
01/08/2026 00:00:00,Belmont Park,6,01-Aug-2026 15:35,1200,3yo+,Rest 1 Metro Win,54,Of $60000  -  1st  $32880 | 2nd  $11160| 3rd  $5280| 4th  $2340| 5th  $1740,,Handicap,MC Polytrack (Rs1mw),Apprentices Can Claim,Optimus Prime,3,Gelding,Safeguard,Go Daisy,12,W Pike,4,Michael Grantham,54,0,355x711,6:2-0-1,3: 1-0-0,1: 0-0-0,0: 0-0-0,0:0-0-0,4:1-0-1,2:1-0-0,0:0-0-0,0:0-0-0,2:0-0-1,2:1-0-0,$78 100,8,Class 1,1300,W Pike,0.1,22/07/26,TABtouch Download Today Hcp (C1),2-Solo Vega,1,3.3,01:18.14,Pinjarra Scarpside,Soft 5,56,0:0-0-0,241575,1357900,1130910,27615,12691,27615,12691,$30000,35.25sec 600m,$16440,AUS
01/08/2026 00:00:00,Belmont Park,6,01-Aug-2026 15:35,1200,3yo+,Rest 1 Metro Win,54,Of $60000  -  1st  $32880 | 2nd  $11160| 3rd  $5280| 4th  $2340| 5th  $1740,,Handicap,MC Polytrack (Rs1mw),Apprentices Can Claim,Optimus Prime,3,Gelding,Safeguard,Go Daisy,12,W Pike,4,Michael Grantham,54,0,355x711,6:2-0-1,3: 1-0-0,1: 0-0-0,0: 0-0-0,0:0-0-0,4:1-0-1,2:1-0-0,0:0-0-0,0:0-0-0,2:0-0-1,2:1-0-0,$78 100,4,Maiden,1200,L Ramoly,1.4,12/07/26,Hertz Kalgoorlie Mdn,2-Mad Spitfire,1,2.1,01:11.83,Kalgoorlie,Good 4,55.5,0:0-0-0,241299,1355645,1130910,27615,12691,27615,16432,$20000,00.00sec 0m,$11360,AUS
01/08/2026 00:00:00,Belmont Park,6,01-Aug-2026 15:35,1200,3yo+,Rest 1 Metro Win,54,Of $60000  -  1st  $32880 | 2nd  $11160| 3rd  $5280| 4th  $2340| 5th  $1740,,Handicap,MC Polytrack (Rs1mw),Apprentices Can Claim,Optimus Prime,3,Gelding,Safeguard,Go Daisy,12,W Pike,4,Michael Grantham,54,0,355x711,6:2-0-1,3: 1-0-0,1: 0-0-0,0: 0-0-0,0:0-0-0,4:1-0-1,2:1-0-0,0:0-0-0,0:0-0-0,2:0-0-1,2:1-0-0,$78 100,4,Open,1300,W Pike,3.5,04/07/26,MC Polytrack Plate,1-Harbour Rise,7,4.4,01:19.90,Belmont Park,Soft 6,57,0:0-0-0,241063,1353812,1130910,27615,12691,27615,12691,$80000,35.82sec 600m,$1440,AUS
01/08/2026 00:00:00,Belmont Park,6,01-Aug-2026 15:35,1200,3yo+,Rest 1 Metro Win,54,Of $60000  -  1st  $32880 | 2nd  $11160| 3rd  $5280| 4th  $2340| 5th  $1740,,Handicap,MC Polytrack (Rs1mw),Apprentices Can Claim,Optimus Prime,3,Gelding,Safeguard,Go Daisy,12,W Pike,4,Michael Grantham,54,0,355x711,6:2-0-1,3: 1-0-0,1: 0-0-0,0: 0-0-0,0:0-0-0,4:1-0-1,2:1-0-0,0:0-0-0,0:0-0-0,2:0-0-1,2:1-0-0,$78 100,10,Open,1200,C Johnston-Porter,3.2,14/02/26,Magic Millions WA 2yo Classic (RL),1-Maria Lucia,5,61,01:11.57,Pinjarra,Good 4,57,0:0-0-0,237310,1325687,1130910,27615,12691,27615,15478,$250000,34.95sec 600m,$7250,AUS
01/08/2026 00:00:00,Belmont Park,6,01-Aug-2026 15:35,1200,3yo+,Rest 1 Metro Win,54,Of $60000  -  1st  $32880 | 2nd  $11160| 3rd  $5280| 4th  $2340| 5th  $1740,,Handicap,MC Polytrack (Rs1mw),Apprentices Can Claim,Optimus Prime,3,Gelding,Safeguard,Go Daisy,12,W Pike,4,Michael Grantham,54,0,355x711,6:2-0-1,3: 1-0-0,1: 0-0-0,0: 0-0-0,0:0-0-0,4:1-0-1,2:1-0-0,0:0-0-0,0:0-0-0,2:0-0-1,2:1-0-0,$78 100,6,Open,1200,C Johnston-Porter,5.1,24/01/26,Magic Millions Plate,1-They'reallsisters,5,10,01:12.07,Ascot,Good 4,56,0:0-0-0,236907,1322711,1130910,27615,12691,27615,15478,$80000,35.26sec 600m,$2320,AUS
01/08/2026 00:00:00,Belmont Park,6,01-Aug-2026 15:35,1200,3yo+,Rest 1 Metro Win,54,Of $60000  -  1st  $32880 | 2nd  $11160| 3rd  $5280| 4th  $2340| 5th  $1740,,Handicap,MC Polytrack (Rs1mw),Apprentices Can Claim,Optimus Prime,3,Gelding,Safeguard,Go Daisy,12,W Pike,4,Michael Grantham,54,0,355x711,6:2-0-1,3: 1-0-0,1: 0-0-0,0: 0-0-0,0:0-0-0,4:1-0-1,2:1-0-0,0:0-0-0,0:0-0-0,2:0-0-1,2:1-0-0,$78 100,3,Open,1100,C Johnston-Porter,2.5,10/01/26,Magic Millions Plate,1-Boy Crush,3,6,01:05.03,Ascot,Good 4,57,0:0-0-0,236611,1320511,1130910,27615,12691,27615,15478,$80000,00.00sec 0m,$7040,AUS
meeting date,track,race number,start time,distance,age restrictions,class restrictions,weight restrictions,race prizemoney,sex restrictions,weight type,race name,jockeys can claim,horse name,horse age,horse sex,horse sire,horse dam,horse number,horse jockey,horse barrier,horse trainer,horse weight,horse claim,horse last10,horse record,horse record distance,horse record track,horse record track distance,horse record firm,horse record good,horse record soft,horse record heavy,horse record jumps,horse record first up,horse record second up,horse prize money,form barrier,form class,form distance,form jockey,form margin,form meeting date,form name,form other runners,form position,form price,form time,form track,form track condition,form weight,horse record synthetic,meeting id, race id, horse id, horse trainer id, horse jockey id, form trainer id, form jockey id,prizemoney,sectional,prizemoney won,country
01/08/2026 00:00:00,Belmont Park,7,01-Aug-2026 16:15,1400,3yo+,BenchMark 84+,54.5,Of $100000  -  1st  $54800 | 2nd  $18600| 3rd  $8800| 4th  $3900| 5th  $2900,,Handicap,Jockey Celebration Day Stakes (Bm84+),Apprentices Cannot Claim,Captain Pluto,7,Gelding,Savabeel,Miss Bernardini,1,W Pike,11,G & A Williams,60,0,6x1314x63120x,31:7-6-6,7: 3-1-2,5: 1-2-2,2: 1-0-1,0:0-0-0,23:4-5-4,6:2-1-2,2:1-0-0,0:0-0-0,6:3-1-1,6:0-1-4,$471 005,13,Listed,2200,W Pike,7.1,06/12/25,G.A. Towton Cup,1-Buckets Ridge,13,6,02:17.62,Ascot,Good 4,57.5,0:0-0-0,235813,1314943,967800,26870,12691,26870,12691,$125000,35.43sec 600m,$0,NZ
01/08/2026 00:00:00,Belmont Park,7,01-Aug-2026 16:15,1400,3yo+,BenchMark 84+,54.5,Of $100000  -  1st  $54800 | 2nd  $18600| 3rd  $8800| 4th  $3900| 5th  $2900,,Handicap,Jockey Celebration Day Stakes (Bm84+),Apprentices Cannot Claim,Captain Pluto,7,Gelding,Savabeel,Miss Bernardini,1,W Pike,11,G & A Williams,60,0,6x1314x63120x,31:7-6-6,7: 3-1-2,5: 1-2-2,2: 1-0-1,0:0-0-0,23:4-5-4,6:2-1-2,2:1-0-0,0:0-0-0,6:3-1-1,6:0-1-4,$471 005,11,Listed,2100,W Pike,0.2,22/11/25,Glenroy Chaff - A.J. Scahill Cup,1-Simply,2,2.15,02:10.61,Ascot,Good 4,56.5,0:0-0-0,235506,1312522,967800,26870,12691,26870,12691,$125000,36.46sec 600m,$23250,NZ
01/08/2026 00:00:00,Belmont Park,7,01-Aug-2026 16:15,1400,3yo+,BenchMark 84+,54.5,Of $100000  -  1st  $54800 | 2nd  $18600| 3rd  $8800| 4th  $3900| 5th  $2900,,Handicap,Jockey Celebration Day Stakes (Bm84+),Apprentices Cannot Claim,Captain Pluto,7,Gelding,Savabeel,Miss Bernardini,1,W Pike,11,G & A Williams,60,0,6x1314x63120x,31:7-6-6,7: 3-1-2,5: 1-2-2,2: 1-0-1,0:0-0-0,23:4-5-4,6:2-1-2,2:1-0-0,0:0-0-0,6:3-1-1,6:0-1-4,$471 005,4,Listed,1800,W Pike,1.1,08/11/25,Luckygray Stakes,2-Memory Parade,1,2.05,01:50.01,Ascot,Good 4,55,0:0-0-0,235181,1309914,967800,26870,12691,26870,12691,$125000,34.87sec 600m,$68500,NZ
01/08/2026 00:00:00,Belmont Park,7,01-Aug-2026 16:15,1400,3yo+,BenchMark 84+,54.5,Of $100000  -  1st  $54800 | 2nd  $18600| 3rd  $8800| 4th  $3900| 5th  $2900,,Handicap,Jockey Celebration Day Stakes (Bm84+),Apprentices Cannot Claim,Captain Pluto,7,Gelding,Savabeel,Miss Bernardini,1,W Pike,11,G & A Williams,60,0,6x1314x63120x,31:7-6-6,7: 3-1-2,5: 1-2-2,2: 1-0-1,0:0-0-0,23:4-5-4,6:2-1-2,2:1-0-0,0:0-0-0,6:3-1-1,6:0-1-4,$471 005,12,Listed,1600,W Pike,1.2,26/10/25,Procon Developments Australia Northam Cup,1-Red Sun Sensation,3,3.5,01:34.89,Northam,Good 4,56,0:0-0-0,234738,1307171,967800,26870,12691,26870,12691,$150000,34.23sec 600m,$13200,NZ
01/08/2026 00:00:00,Belmont Park,7,01-Aug-2026 16:15,1400,3yo+,BenchMark 84+,54.5,Of $100000  -  1st  $54800 | 2nd  $18600| 3rd  $8800| 4th  $3900| 5th  $2900,,Handicap,Jockey Celebration Day Stakes (Bm84+),Apprentices Cannot Claim,Captain Pluto,7,Gelding,Savabeel,Miss Bernardini,1,W Pike,11,G & A Williams,60,0,6x1314x63120x,31:7-6-6,7: 3-1-2,5: 1-2-2,2: 1-0-1,0:0-0-0,23:4-5-4,6:2-1-2,2:1-0-0,0:0-0-0,6:3-1-1,6:0-1-4,$471 005,8,BenchMark 78+,1400,C Cooper,2.5,11/10/25,Swan Draught (Bm78+),1-Bruce Almighty,6,12,01:24.36,Ascot,Good 4,57,0:0-0-0,234290,1303992,967800,26870,12691,26870,17382,$80000,34.63sec 600m,$1440,NZ
01/08/2026 00:00:00,Belmont Park,7,01-Aug-2026 16:15,1400,3yo+,BenchMark 84+,54.5,Of $100000  -  1st  $54800 | 2nd  $18600| 3rd  $8800| 4th  $3900| 5th  $2900,,Handicap,Jockey Celebration Day Stakes (Bm84+),Apprentices Cannot Claim,Captain Pluto,7,Gelding,Savabeel,Miss Bernardini,1,W Pike,11,G & A Williams,60,0,6x1314x63120x,31:7-6-6,7: 3-1-2,5: 1-2-2,2: 1-0-1,0:0-0-0,23:4-5-4,6:2-1-2,2:1-0-0,0:0-0-0,6:3-1-1,6:0-1-4,$471 005,10,Listed,2300,W Pike,1.7,23/03/25,TABtouch Pinjarra Cup,1-Currimundi,4,3.4,02:26.44,Pinjarra,Good 4,56.5,0:0-0-0,228339,1260545,967800,26870,12691,26870,12691,$150000,35.20sec 600m,$5850,NZ
01/08/2026 00:00:00,Belmont Park,7,01-Aug-2026 16:15,1400,3yo+,BenchMark 84+,54.5,Of $100000  -  1st  $54800 | 2nd  $18600| 3rd  $8800| 4th  $3900| 5th  $2900,,Handicap,Jockey Celebration Day Stakes (Bm84+),Apprentices Cannot Claim,Captain Pluto,7,Gelding,Savabeel,Miss Bernardini,1,W Pike,11,G & A Williams,60,0,6x1314x63120x,31:7-6-6,7: 3-1-2,5: 1-2-2,2: 1-0-1,0:0-0-0,23:4-5-4,6:2-1-2,2:1-0-0,0:0-0-0,6:3-1-1,6:0-1-4,$471 005,13,Listed,2019,W Pike,1.3,08/03/25,Swan Draught Bunbury Cup,2-Antique Miss,1,4.2,02:06.51,Bunbury,Good 4,54,0:0-0-0,227926,1257604,967800,26870,12691,26870,12691,$150000,35.87sec 600m,$82200,NZ
01/08/2026 00:00:00,Belmont Park,7,01-Aug-2026 16:15,1400,3yo+,BenchMark 84+,54.5,Of $100000  -  1st  $54800 | 2nd  $18600| 3rd  $8800| 4th  $3900| 5th  $2900,,Handicap,Jockey Celebration Day Stakes (Bm84+),Apprentices Cannot Claim,Captain Pluto,7,Gelding,Savabeel,Miss Bernardini,1,W Pike,11,G & A Williams,60,0,6x1314x63120x,31:7-6-6,7: 3-1-2,5: 1-2-2,2: 1-0-1,0:0-0-0,23:4-5-4,6:2-1-2,2:1-0-0,0:0-0-0,6:3-1-1,6:0-1-4,$471 005,7,BenchMark 72+,1600,W Pike,2.0,01/03/25,Liberties Insurance (Bm72+),1-Fluro Neuro,3,3.7,01:37.37,Ascot,Good 4,59,0:0-0-0,227761,1256380,967800,26870,12691,26870,12691,$80000,34.47sec 600m,$7040,NZ
01/08/2026 00:00:00,Belmont Park,7,01-Aug-2026 16:15,1400,3yo+,BenchMark 84+,54.5,Of $100000  -  1st  $54800 | 2nd  $18600| 3rd  $8800| 4th  $3900| 5th  $2900,,Handicap,Jockey Celebration Day Stakes (Bm84+),Apprentices Cannot Claim,Captain Pluto,7,Gelding,Savabeel,Miss Bernardini,1,W Pike,11,G & A Williams,60,0,6x1314x63120x,31:7-6-6,7: 3-1-2,5: 1-2-2,2: 1-0-1,0:0-0-0,23:4-5-4,6:2-1-2,2:1-0-0,0:0-0-0,6:3-1-1,6:0-1-4,$471 005,9,BenchMark 72+,1400,L Fiore,0.8,15/02/25,Splintex - First Yearlings At Magic Millions Perth (Bm72+),2-Hostile Talk,1,5,01:24.53,Pinjarra,Good 4,59,0:0-0-0,227434,1253792,967800,26870,12691,26870,15372,$80000,34.55sec 600m,$43840,NZ
01/08/2026 00:00:00,Belmont Park,7,01-Aug-2026 16:15,1400,3yo+,BenchMark 84+,54.5,Of $100000  -  1st  $54800 | 2nd  $18600| 3rd  $8800| 4th  $3900| 5th  $2900,,Handicap,Jockey Celebration Day Stakes (Bm84+),Apprentices Cannot Claim,Captain Pluto,7,Gelding,Savabeel,Miss Bernardini,1,W Pike,11,G & A Williams,60,0,6x1314x63120x,31:7-6-6,7: 3-1-2,5: 1-2-2,2: 1-0-1,0:0-0-0,23:4-5-4,6:2-1-2,2:1-0-0,0:0-0-0,6:3-1-1,6:0-1-4,$471 005,3,BenchMark 72+,1600,W Pike,1.8,19/10/24,Glenroy Chaff (Bm72+),1-Classic Rogue,6,2.35,01:37.17,Ascot,Good 4,59.5,0:0-0-0,224394,1232642,967800,26870,12691,26870,12691,$80000,34.81sec 600m,$1440,NZ
01/08/2026 00:00:00,Belmont Park,7,01-Aug-2026 16:15,1400,3yo+,BenchMark 84+,54.5,Of $100000  -  1st  $54800 | 2nd  $18600| 3rd  $8800| 4th  $3900| 5th  $2900,,Handicap,Jockey Celebration Day Stakes (Bm84+),Apprentices Cannot Claim,Sensessional,6,Gelding,Sessions,Super Special,2,C Johnston-Porter,2,D & B Pearce,59.5,0,6x11249x7732x,28:9-3-5,5: 2-1-0,7: 5-1-1,0: 0-0-0,0:0-0-0,18:3-2-4,8:4-1-1,2:2-0-0,0:0-0-0,6:1-1-2,6:4-0-0,$634 638,4,Listed,1600,C Parnham,0.2,03/04/26,Old Comrade Stakes,1-Essentric Nature,2,4.4,01:38.57,Ascot,Good 4,56,0:0-0-0,238426,1334323,978685,27091,15478,27091,15179,$125000,34.49sec 600m,$23250,AUS
01/08/2026 00:00:00,Belmont Park,7,01-Aug-2026 16:15,1400,3yo+,BenchMark 84+,54.5,Of $100000  -  1st  $54800 | 2nd  $18600| 3rd  $8800| 4th  $3900| 5th  $2900,,Handicap,Jockey Celebration Day Stakes (Bm84+),Apprentices Cannot Claim,Sensessional,6,Gelding,Sessions,Super Special,2,C Johnston-Porter,2,D & B Pearce,59.5,0,6x11249x7732x,28:9-3-5,5: 2-1-0,7: 5-1-1,0: 0-0-0,0:0-0-0,18:3-2-4,8:4-1-1,2:2-0-0,0:0-0-0,6:1-1-2,6:4-0-0,$634 638,8,Listed,1500,N Faithfull,0.5,21/03/26,Grandstand Cup,1-Bonjoy,3,21,01:29.04,Ascot,Good 4,55.5,0:0-0-0,238123,1331989,978685,27091,15478,27091,14702,$125000,35.22sec 600m,$11000,AUS
01/08/2026 00:00:00,Belmont Park,7,01-Aug-2026 16:15,1400,3yo+,BenchMark 84+,54.5,Of $100000  -  1st  $54800 | 2nd  $18600| 3rd  $8800| 4th  $3900| 5th  $2900,,Handicap,Jockey Celebration Day Stakes (Bm84+),Apprentices Cannot Claim,Sensessional,6,Gelding,Sessions,Super Special,2,C Johnston-Porter,2,D & B Pearce,59.5,0,6x11249x7732x,28:9-3-5,5: 2-1-0,7: 5-1-1,0: 0-0-0,0:0-0-0,18:3-2-4,8:4-1-1,2:2-0-0,0:0-0-0,6:1-1-2,6:4-0-0,$634 638,9,Listed,1400,S Mc Gruddy,2.2,07/03/26,TABtouch Bunbury Stakes,1-Bonjoy,7,31,01:23.06,Bunbury,Good 4,55.5,0:0-0-0,237789,1329370,978685,27091,15478,27091,4651,$150000,35.29sec 600m,$2700,AUS
01/08/2026 00:00:00,Belmont Park,7,01-Aug-2026 16:15,1400,3yo+,BenchMark 84+,54.5,Of $100000  -  1st  $54800 | 2nd  $18600| 3rd  $8800| 4th  $3900| 5th  $2900,,Handicap,Jockey Celebration Day Stakes (Bm84+),Apprentices Cannot Claim,Sensessional,6,Gelding,Sessions,Super Special,2,C Johnston-Porter,2,D & B Pearce,59.5,0,6x11249x7732x,28:9-3-5,5: 2-1-0,7: 5-1-1,0: 0-0-0,0:0-0-0,18:3-2-4,8:4-1-1,2:2-0-0,0:0-0-0,6:1-1-2,6:4-0-0,$634 638,11,Listed,1300,C Johnston-Porter,2.1,22/02/26,TABtouch Pinjarra Classic,1-London's Image,7,31,01:17.72,Pinjarra Scarpside,Good 4,55.5,0:0-0-0,237513,1327237,978685,27091,15478,27091,15478,$150000,34.37sec 600m,$2700,AUS
01/08/2026 00:00:00,Belmont Park,7,01-Aug-2026 16:15,1400,3yo+,BenchMark 84+,54.5,Of $100000  -  1st  $54800 | 2nd  $18600| 3rd  $8800| 4th  $3900| 5th  $2900,,Handicap,Jockey Celebration Day Stakes (Bm84+),Apprentices Cannot Claim,Sensessional,6,Gelding,Sessions,Super Special,2,C Johnston-Porter,2,D & B Pearce,59.5,0,6x11249x7732x,28:9-3-5,5: 2-1-0,7: 5-1-1,0: 0-0-0,0:0-0-0,18:3-2-4,8:4-1-1,2:2-0-0,0:0-0-0,6:1-1-2,6:4-0-0,$634 638,7,Listed,1800,B Parnham,4.8,08/11/25,Luckygray Stakes,1-Captain Pluto,9,13,01:50.01,Ascot,Good 4,57,0:0-0-0,235181,1309914,978685,27091,15478,26870,13271,$125000,34.87sec 600m,$2250,AUS
01/08/2026 00:00:00,Belmont Park,7,01-Aug-2026 16:15,1400,3yo+,BenchMark 84+,54.5,Of $100000  -  1st  $54800 | 2nd  $18600| 3rd  $8800| 4th  $3900| 5th  $2900,,Handicap,Jockey Celebration Day Stakes (Bm84+),Apprentices Cannot Claim,Sensessional,6,Gelding,Sessions,Super Special,2,C Johnston-Porter,2,D & B Pearce,59.5,0,6x11249x7732x,28:9-3-5,5: 2-1-0,7: 5-1-1,0: 0-0-0,0:0-0-0,18:3-2-4,8:4-1-1,2:2-0-0,0:0-0-0,6:1-1-2,6:4-0-0,$634 638,2,Listed,1600,B Parnham,2.7,26/10/25,Procon Developments Australia Northam Cup,1-Red Sun Sensation,4,5.5,01:34.89,Northam,Good 4,58,0:0-0-0,234738,1307171,978685,27091,15478,26870,13271,$150000,34.23sec 600m,$5850,AUS
01/08/2026 00:00:00,Belmont Park,7,01-Aug-2026 16:15,1400,3yo+,BenchMark 84+,54.5,Of $100000  -  1st  $54800 | 2nd  $18600| 3rd  $8800| 4th  $3900| 5th  $2900,,Handicap,Jockey Celebration Day Stakes (Bm84+),Apprentices Cannot Claim,Sensessional,6,Gelding,Sessions,Super Special,2,C Johnston-Porter,2,D & B Pearce,59.5,0,6x11249x7732x,28:9-3-5,5: 2-1-0,7: 5-1-1,0: 0-0-0,0:0-0-0,18:3-2-4,8:4-1-1,2:2-0-0,0:0-0-0,6:1-1-2,6:4-0-0,$634 638,3,BenchMark 84+,1650,W Pike,8.5,20/09/25,TABtouch Stakes (Bm84+),1-Cosmic Crusader,2,5,01:42.40,Belmont Park,Soft 5,59,0:0-0-0,233716,1299475,978685,27091,15478,26870,12691,$100000,34.59sec 600m,$18600,AUS
01/08/2026 00:00:00,Belmont Park,7,01-Aug-2026 16:15,1400,3yo+,BenchMark 84+,54.5,Of $100000  -  1st  $54800 | 2nd  $18600| 3rd  $8800| 4th  $3900| 5th  $2900,,Handicap,Jockey Celebration Day Stakes (Bm84+),Apprentices Cannot Claim,Sensessional,6,Gelding,Sessions,Super Special,2,C Johnston-Porter,2,D & B Pearce,59.5,0,6x11249x7732x,28:9-3-5,5: 2-1-0,7: 5-1-1,0: 0-0-0,0:0-0-0,18:3-2-4,8:4-1-1,2:2-0-0,0:0-0-0,6:1-1-2,6:4-0-0,$634 638,7,BenchMark 84+,1600,W Pike,0.2,16/08/25,Blue Spec Stakes (Bm84+),2-Kaptain Kaos,1,1.75,01:39.09,Belmont Park,Soft 5,57,0:0-0-0,232756,1291852,978685,27091,15478,26870,12691,$100000,35.75sec 600m,$54800,AUS
01/08/2026 00:00:00,Belmont Park,7,01-Aug-2026 16:15,1400,3yo+,BenchMark 84+,54.5,Of $100000  -  1st  $54800 | 2nd  $18600| 3rd  $8800| 4th  $3900| 5th  $2900,,Handicap,Jockey Celebration Day Stakes (Bm84+),Apprentices Cannot Claim,Sensessional,6,Gelding,Sessions,Super Special,2,C Johnston-Porter,2,D & B Pearce,59.5,0,6x11249x7732x,28:9-3-5,5: 2-1-0,7: 5-1-1,0: 0-0-0,0:0-0-0,18:3-2-4,8:4-1-1,2:2-0-0,0:0-0-0,6:1-1-2,6:4-0-0,$634 638,1,BenchMark 84+,1400,W Pike,1.4,02/08/25,Jockey Celebration Day (Bm84+),2-Lord Gannicus,1,3.2,01:25.59,Pinjarra Scarpside,Heavy 8,55,0:0-0-0,232413,1289109,978685,27091,15478,26870,12691,$100000,35.53sec 600m,$54800,AUS
01/08/2026 00:00:00,Belmont Park,7,01-Aug-2026 16:15,1400,3yo+,BenchMark 84+,54.5,Of $100000  -  1st  $54800 | 2nd  $18600| 3rd  $8800| 4th  $3900| 5th  $2900,,Handicap,Jockey Celebration Day Stakes (Bm84+),Apprentices Cannot Claim,Sensessional,6,Gelding,Sessions,Super Special,2,C Johnston-Porter,2,D & B Pearce,59.5,0,6x11249x7732x,28:9-3-5,5: 2-1-0,7: 5-1-1,0: 0-0-0,0:0-0-0,18:3-2-4,8:4-1-1,2:2-0-0,0:0-0-0,6:1-1-2,6:4-0-0,$634 638,11,Listed,2300,C Johnston-Porter,2.7,23/03/25,TABtouch Pinjarra Cup,1-Currimundi,6,6.5,02:26.44,Pinjarra,Good 4,54.5,0:0-0-0,228339,1260545,978685,27091,15478,26870,15478,$150000,35.20sec 600m,$2700,AUS
01/08/2026 00:00:00,Belmont Park,7,01-Aug-2026 16:15,1400,3yo+,BenchMark 84+,54.5,Of $100000  -  1st  $54800 | 2nd  $18600| 3rd  $8800| 4th  $3900| 5th  $2900,,Handicap,Jockey Celebration Day Stakes (Bm84+),Apprentices Cannot Claim,Triple Jay,7,Gelding,Street Boss,Jestajingle,3,B Parnham,5,D & B Pearce,59,0,1112x7x80x668x,24:8-4-2,5: 2-1-0,9: 4-3-1,4: 2-1-0,0:0-0-0,17:4-3-1,7:4-1-1,0:0-0-0,0:0-0-0,7:1-1-0,5:0-2-1,$400 832,6,Listed,1200,C Johnston-Porter,4.2,07/02/26,Bisley Workwear - Cyril Flower Stakes,1-Almighty Class,8,15,01:10.08,Ascot,Good 4,57.5,0:0-0-0,237166,1324591,941999,27091,13271,27091,15478,$125000,33.91sec 600m,$2250,AUS
01/08/2026 00:00:00,Belmont Park,7,01-Aug-2026 16:15,1400,3yo+,BenchMark 84+,54.5,Of $100000  -  1st  $54800 | 2nd  $18600| 3rd  $8800| 4th  $3900| 5th  $2900,,Handicap,Jockey Celebration Day Stakes (Bm84+),Apprentices Cannot Claim,Triple Jay,7,Gelding,Street Boss,Jestajingle,3,B Parnham,5,D & B Pearce,59,0,1112x7x80x668x,24:8-4-2,5: 2-1-0,9: 4-3-1,4: 2-1-0,0:0-0-0,17:4-3-1,7:4-1-1,0:0-0-0,0:0-0-0,7:1-1-0,5:0-2-1,$400 832,10,Listed,1200,B Parnham,3.4,24/01/26,Scenic Blast Stakes,1-Jaz Session,6,61,01:10.15,Ascot,Good 4,58.5,0:0-0-0,236907,1322717,941999,27091,13271,27091,13271,$125000,34.46sec 600m,$2250,AUS
01/08/2026 00:00:00,Belmont Park,7,01-Aug-2026 16:15,1400,3yo+,BenchMark 84+,54.5,Of $100000  -  1st  $54800 | 2nd  $18600| 3rd  $8800| 4th  $3900| 5th  $2900,,Handicap,Jockey Celebration Day Stakes (Bm84+),Apprentices Cannot Claim,Triple Jay,7,Gelding,Street Boss,Jestajingle,3,B Parnham,5,D & B Pearce,59,0,1112x7x80x668x,24:8-4-2,5: 2-1-0,9: 4-3-1,4: 2-1-0,0:0-0-0,17:4-3-1,7:4-1-1,0:0-0-0,0:0-0-0,7:1-1-0,5:0-2-1,$400 832,1,BenchMark 84+,1300,S Parnham,6.0,26/12/25,Boxing Day Dash (Bm84+),1-Sky Duke,6,10,01:18.44,Pinjarra,Good 4,59.5,0:0-0-0,236304,1318223,941999,27091,13271,27091,12664,$100000,35.49sec 600m,$1800,AUS
01/08/2026 00:00:00,Belmont Park,7,01-Aug-2026 16:15,1400,3yo+,BenchMark 84+,54.5,Of $100000  -  1st  $54800 | 2nd  $18600| 3rd  $8800| 4th  $3900| 5th  $2900,,Handicap,Jockey Celebration Day Stakes (Bm84+),Apprentices Cannot Claim,Triple Jay,7,Gelding,Street Boss,Jestajingle,3,B Parnham,5,D & B Pearce,59,0,1112x7x80x668x,24:8-4-2,5: 2-1-0,9: 4-3-1,4: 2-1-0,0:0-0-0,17:4-3-1,7:4-1-1,0:0-0-0,0:0-0-0,7:1-1-0,5:0-2-1,$400 832,10,Group 3,1400,L Ramoly,8.2,28/05/25,Swan Draught ? Belmont Sprint,1-The Boss Lady,16,61,01:22.91,Pinjarra Scarpside,Good 4,59,0:0-0-0,230495,1274189,941999,27091,13271,27091,16432,$200000,33.19sec 600m,$0,AUS
01/08/2026 00:00:00,Belmont Park,7,01-Aug-2026 16:15,1400,3yo+,BenchMark 84+,54.5,Of $100000  -  1st  $54800 | 2nd  $18600| 3rd  $8800| 4th  $3900| 5th  $2900,,Handicap,Jockey Celebration Day Stakes (Bm84+),Apprentices Cannot Claim,Triple Jay,7,Gelding,Street Boss,Jestajingle,3,B Parnham,5,D & B Pearce,59,0,1112x7x80x668x,24:8-4-2,5: 2-1-0,9: 4-3-1,4: 2-1-0,0:0-0-0,17:4-3-1,7:4-1-1,0:0-0-0,0:0-0-0,7:1-1-0,5:0-2-1,$400 832,5,Group 3,1300,S Parnham,4.1,11/05/25,TABtouch Northam Stakes,1-West Star,8,41,01:15.91,Northam,Good 4,57.5,0:0-0-0,229922,1270186,941999,27091,13271,27091,12664,$200000,34.32sec 600m,$3600,AUS
01/08/2026 00:00:00,Belmont Park,7,01-Aug-2026 16:15,1400,3yo+,BenchMark 84+,54.5,Of $100000  -  1st  $54800 | 2nd  $18600| 3rd  $8800| 4th  $3900| 5th  $2900,,Handicap,Jockey Celebration Day Stakes (Bm84+),Apprentices Cannot Claim,Triple Jay,7,Gelding,Street Boss,Jestajingle,3,B Parnham,5,D & B Pearce,59,0,1112x7x80x668x,24:8-4-2,5: 2-1-0,9: 4-3-1,4: 2-1-0,0:0-0-0,17:4-3-1,7:4-1-1,0:0-0-0,0:0-0-0,7:1-1-0,5:0-2-1,$400 832,5,Listed,1200,B Parnham,5.8,25/01/25,Scenic Blast Stakes,1-Twain's Angel,7,7,01:09.97,Ascot,Good 4,56.5,0:0-0-0,226974,1250447,941999,27091,13271,27091,13271,$125000,35.09sec 600m,$2250,AUS
01/08/2026 00:00:00,Belmont Park,7,01-Aug-2026 16:15,1400,3yo+,BenchMark 84+,54.5,Of $100000  -  1st  $54800 | 2nd  $18600| 3rd  $8800| 4th  $3900| 5th  $2900,,Handicap,Jockey Celebration Day Stakes (Bm84+),Apprentices Cannot Claim,Triple Jay,7,Gelding,Street Boss,Jestajingle,3,B Parnham,5,D & B Pearce,59,0,1112x7x80x668x,24:8-4-2,5: 2-1-0,9: 4-3-1,4: 2-1-0,0:0-0-0,17:4-3-1,7:4-1-1,0:0-0-0,0:0-0-0,7:1-1-0,5:0-2-1,$400 832,1,Listed,1400,W Pike,0.2,07/09/24,Swan Draught - Farnley Stakes,1-Saloon Bar,2,1.85,01:28.02,Belmont Park,Soft 6,56,0:0-0-0,223061,1223023,941999,27091,13271,27091,12691,$125000,00.00sec 0m,$23250,AUS
01/08/2026 00:00:00,Belmont Park,7,01-Aug-2026 16:15,1400,3yo+,BenchMark 84+,54.5,Of $100000  -  1st  $54800 | 2nd  $18600| 3rd  $8800| 4th  $3900| 5th  $2900,,Handicap,Jockey Celebration Day Stakes (Bm84+),Apprentices Cannot Claim,Triple Jay,7,Gelding,Street Boss,Jestajingle,3,B Parnham,5,D & B Pearce,59,0,1112x7x80x668x,24:8-4-2,5: 2-1-0,9: 4-3-1,4: 2-1-0,0:0-0-0,17:4-3-1,7:4-1-1,0:0-0-0,0:0-0-0,7:1-1-0,5:0-2-1,$400 832,6,BenchMark 84+,1650,B Parnham,0.2,21/08/24,Blue Spec (Bm84+),2-Admiration Express,1,2.8,01:46.25,Belmont Park,Soft 7,57,0:0-0-0,222599,1219378,941999,27091,13271,27091,13271,$100000,38.11sec 600m,$54800,AUS
01/08/2026 00:00:00,Belmont Park,7,01-Aug-2026 16:15,1400,3yo+,BenchMark 84+,54.5,Of $100000  -  1st  $54800 | 2nd  $18600| 3rd  $8800| 4th  $3900| 5th  $2900,,Handicap,Jockey Celebration Day Stakes (Bm84+),Apprentices Cannot Claim,Triple Jay,7,Gelding,Street Boss,Jestajingle,3,B Parnham,5,D & B Pearce,59,0,1112x7x80x668x,24:8-4-2,5: 2-1-0,9: 4-3-1,4: 2-1-0,0:0-0-0,17:4-3-1,7:4-1-1,0:0-0-0,0:0-0-0,7:1-1-0,5:0-2-1,$400 832,8,BenchMark 84+,1400,B Parnham,1.1,03/08/24,Jockey Celebration Day Stakes (Bm84+),2-Upper Limits,1,2.05,01:26.80,Belmont Park,Soft 7,58,0:0-0-0,222081,1215269,941999,27091,13271,27091,13271,$100000,36.69sec 600m,$54800,AUS
01/08/2026 00:00:00,Belmont Park,7,01-Aug-2026 16:15,1400,3yo+,BenchMark 84+,54.5,Of $100000  -  1st  $54800 | 2nd  $18600| 3rd  $8800| 4th  $3900| 5th  $2900,,Handicap,Jockey Celebration Day Stakes (Bm84+),Apprentices Cannot Claim,Triple Jay,7,Gelding,Street Boss,Jestajingle,3,B Parnham,5,D & B Pearce,59,0,1112x7x80x668x,24:8-4-2,5: 2-1-0,9: 4-3-1,4: 2-1-0,0:0-0-0,17:4-3-1,7:4-1-1,0:0-0-0,0:0-0-0,7:1-1-0,5:0-2-1,$400 832,3,BenchMark 78+,1400,B Parnham,0.4,13/07/24,Mrs Mac's (Bm78+),2-Allez Allez,1,4.8,01:26.89,Belmont Park,Soft 6,56,0:0-0-0,221501,1210522,941999,27091,13271,27091,13271,$80000,35.23sec 600m,$43840,AUS
01/08/2026 00:00:00,Belmont Park,7,01-Aug-2026 16:15,1400,3yo+,BenchMark 84+,54.5,Of $100000  -  1st  $54800 | 2nd  $18600| 3rd  $8800| 4th  $3900| 5th  $2900,,Handicap,Jockey Celebration Day Stakes (Bm84+),Apprentices Cannot Claim,Angel Undercover,6,Mare,Harry Angel,Romarin,4,Chris Parnham,8,S & J Casey,56.5,0,15x2910223x2,28:6-5-5,7: 2-1-2,9: 1-2-1,0: 0-0-0,0:0-0-0,23:6-4-4,5:0-1-1,0:0-0-0,0:0-0-0,6:1-2-0,4:1-0-1,$434 390,2,BenchMark 72+,1200,N Riordan,1.6,18/07/26,Budget Car And Truck Rental (Bm72+),1-Urquharts Bluff,2,19,01:12.54,Belmont Park,Soft 7,58.5,0:0-0-0,241452,1356904,979665,27603,15179,27603,17685,$80000,35.30sec 600m,$14880,AUS
01/08/2026 00:00:00,Belmont Park,7,01-Aug-2026 16:15,1400,3yo+,BenchMark 84+,54.5,Of $100000  -  1st  $54800 | 2nd  $18600| 3rd  $8800| 4th  $3900| 5th  $2900,,Handicap,Jockey Celebration Day Stakes (Bm84+),Apprentices Cannot Claim,Angel Undercover,6,Mare,Harry Angel,Romarin,4,Chris Parnham,8,S & J Casey,56.5,0,15x2910223x2,28:6-5-5,7: 2-1-2,9: 1-2-1,0: 0-0-0,0:0-0-0,23:6-4-4,5:0-1-1,0:0-0-0,0:0-0-0,6:1-2-0,4:1-0-1,$434 390,7,BenchMark 84+,1400,C Parnham,1.4,03/01/26,Integra Insurance Brokers Mandurah Cup (Bm84+),1-Without Reg,3,2.45,01:23.25,Pinjarra,Good 4,56,0:0-0-0,236492,1319648,979665,27603,15179,27603,15179,$100000,34.58sec 600m,$8800,AUS
01/08/2026 00:00:00,Belmont Park,7,01-Aug-2026 16:15,1400,3yo+,BenchMark 84+,54.5,Of $100000  -  1st  $54800 | 2nd  $18600| 3rd  $8800| 4th  $3900| 5th  $2900,,Handicap,Jockey Celebration Day Stakes (Bm84+),Apprentices Cannot Claim,Angel Undercover,6,Mare,Harry Angel,Romarin,4,Chris Parnham,8,S & J Casey,56.5,0,15x2910223x2,28:6-5-5,7: 2-1-2,9: 1-2-1,0: 0-0-0,0:0-0-0,23:6-4-4,5:0-1-1,0:0-0-0,0:0-0-0,6:1-2-0,4:1-0-1,$434 390,4,BenchMark 84+,1300,C Parnham,0.3,26/12/25,Boxing Day Dash (Bm84+),1-Sky Duke,2,1.65,01:18.44,Pinjarra,Good 4,55,0:0-0-0,236304,1318223,979665,27603,15179,27603,15179,$100000,35.49sec 600m,$18600,AUS
01/08/2026 00:00:00,Belmont Park,7,01-Aug-2026 16:15,1400,3yo+,BenchMark 84+,54.5,Of $100000  -  1st  $54800 | 2nd  $18600| 3rd  $8800| 4th  $3900| 5th  $2900,,Handicap,Jockey Celebration Day Stakes (Bm84+),Apprentices Cannot Claim,Angel Undercover,6,Mare,Harry Angel,Romarin,4,Chris Parnham,8,S & J Casey,56.5,0,15x2910223x2,28:6-5-5,7: 2-1-2,9: 1-2-1,0: 0-0-0,0:0-0-0,23:6-4-4,5:0-1-1,0:0-0-0,0:0-0-0,6:1-2-0,4:1-0-1,$434 390,2,BenchMark 78+,1400,Z Johnston-Porter,0.0,06/12/25,MCA Polytrack (Bm78+),1-Without Reg,2,6,01:23.89,Ascot,Good 4,54.5,0:0-0-0,235813,1314940,979665,27603,15179,27603,17062,$80000,35.51sec 600m,$14880,AUS
01/08/2026 00:00:00,Belmont Park,7,01-Aug-2026 16:15,1400,3yo+,BenchMark 84+,54.5,Of $100000  -  1st  $54800 | 2nd  $18600| 3rd  $8800| 4th  $3900| 5th  $2900,,Handicap,Jockey Celebration Day Stakes (Bm84+),Apprentices Cannot Claim,Angel Undercover,6,Mare,Harry Angel,Romarin,4,Chris Parnham,8,S & J Casey,56.5,0,15x2910223x2,28:6-5-5,7: 2-1-2,9: 1-2-1,0: 0-0-0,0:0-0-0,23:6-4-4,5:0-1-1,0:0-0-0,0:0-0-0,6:1-2-0,4:1-0-1,$434 390,7,BenchMark 72+,1400,Z Johnston-Porter,5.8,22/11/25,Schweppes (Bm72+),1-Noteworthy,11,9,01:23.41,Ascot,Good 4,57.5,0:0-0-0,235506,1312520,979665,27603,15179,27603,17062,$80000,35.15sec 600m,$0,AUS
01/08/2026 00:00:00,Belmont Park,7,01-Aug-2026 16:15,1400,3yo+,BenchMark 84+,54.5,Of $100000  -  1st  $54800 | 2nd  $18600| 3rd  $8800| 4th  $3900| 5th  $2900,,Handicap,Jockey Celebration Day Stakes (Bm84+),Apprentices Cannot Claim,Angel Undercover,6,Mare,Harry Angel,Romarin,4,Chris Parnham,8,S & J Casey,56.5,0,15x2910223x2,28:6-5-5,7: 2-1-2,9: 1-2-1,0: 0-0-0,0:0-0-0,23:6-4-4,5:0-1-1,0:0-0-0,0:0-0-0,6:1-2-0,4:1-0-1,$434 390,13,BenchMark 66+,1400,Z Johnston-Porter,0.9,08/11/25,National Jockey Trust (Bm66+),2-Sixinch Heels,1,13,01:23.02,Ascot,Good 4,58.5,0:0-0-0,235181,1309915,979665,27603,15179,27603,17062,$80000,35.23sec 600m,$43840,AUS
01/08/2026 00:00:00,Belmont Park,7,01-Aug-2026 16:15,1400,3yo+,BenchMark 84+,54.5,Of $100000  -  1st  $54800 | 2nd  $18600| 3rd  $8800| 4th  $3900| 5th  $2900,,Handicap,Jockey Celebration Day Stakes (Bm84+),Apprentices Cannot Claim,Angel Undercover,6,Mare,Harry Angel,Romarin,4,Chris Parnham,8,S & J Casey,56.5,0,15x2910223x2,28:6-5-5,7: 2-1-2,9: 1-2-1,0: 0-0-0,0:0-0-0,23:6-4-4,5:0-1-1,0:0-0-0,0:0-0-0,6:1-2-0,4:1-0-1,$434 390,11,Listed,1200,J Mc Naught,3.3,18/10/25,Swan Draught - R.S. Crawford Stakes,1-Rope Them In,9,19,01:10.01,Ascot,Good 4,53,0:0-0-0,234518,1305488,979665,27603,15179,27603,16126,$125000,34.50sec 600m,$2250,AUS
01/08/2026 00:00:00,Belmont Park,7,01-Aug-2026 16:15,1400,3yo+,BenchMark 84+,54.5,Of $100000  -  1st  $54800 | 2nd  $18600| 3rd  $8800| 4th  $3900| 5th  $2900,,Handicap,Jockey Celebration Day Stakes (Bm84+),Apprentices Cannot Claim,Angel Undercover,6,Mare,Harry Angel,Romarin,4,Chris Parnham,8,S & J Casey,56.5,0,15x2910223x2,28:6-5-5,7: 2-1-2,9: 1-2-1,0: 0-0-0,0:0-0-0,23:6-4-4,5:0-1-1,0:0-0-0,0:0-0-0,6:1-2-0,4:1-0-1,$434 390,6,BenchMark 72+,1200,J Mc Naught,1.9,27/09/25,Ascot Opening Day 11th Of October (Bm72+),1-Sonoftheboss,2,14,01:12.37,Belmont Park,Good 4,58.5,0:0-0-0,233911,1301054,979665,27603,15179,27603,16126,$80000,34.00sec 600m,$14880,AUS
01/08/2026 00:00:00,Belmont Park,7,01-Aug-2026 16:15,1400,3yo+,BenchMark 84+,54.5,Of $100000  -  1st  $54800 | 2nd  $18600| 3rd  $8800| 4th  $3900| 5th  $2900,,Handicap,Jockey Celebration Day Stakes (Bm84+),Apprentices Cannot Claim,Angel Undercover,6,Mare,Harry Angel,Romarin,4,Chris Parnham,8,S & J Casey,56.5,0,15x2910223x2,28:6-5-5,7: 2-1-2,9: 1-2-1,0: 0-0-0,0:0-0-0,23:6-4-4,5:0-1-1,0:0-0-0,0:0-0-0,6:1-2-0,4:1-0-1,$434 390,3,BenchMark 84+,1800,J Mc Naught,4.0,18/04/25,Belhus 30th Anniversary Good Friday Stakes (Bm84+),1-Watch Me Rock,5,11,01:49.90,Ascot,Good 4,54,0:0-0-0,229241,1265451,979665,27603,15179,27603,16126,$100000,35.08sec 600m,$2900,AUS
01/08/2026 00:00:00,Belmont Park,7,01-Aug-2026 16:15,1400,3yo+,BenchMark 84+,54.5,Of $100000  -  1st  $54800 | 2nd  $18600| 3rd  $8800| 4th  $3900| 5th  $2900,,Handicap,Jockey Celebration Day Stakes (Bm84+),Apprentices Cannot Claim,Angel Undercover,6,Mare,Harry Angel,Romarin,4,Chris Parnham,8,S & J Casey,56.5,0,15x2910223x2,28:6-5-5,7: 2-1-2,9: 1-2-1,0: 0-0-0,0:0-0-0,23:6-4-4,5:0-1-1,0:0-0-0,0:0-0-0,6:1-2-0,4:1-0-1,$434 390,2,BenchMark 66+,1400,B Gaerth,0.0,05/04/25,Wittens Irrigation & Design (Bm66+),2-Our Rocky Bay,1,6,01:22.50,Ascot,Good 4,57.5,0:0-0-0,228947,1263264,979665,27603,15179,27603,15260,$80000,34.42sec 600m,$43840,AUS
01/08/2026 00:00:00,Belmont Park,7,01-Aug-2026 16:15,1400,3yo+,BenchMark 84+,54.5,Of $100000  -  1st  $54800 | 2nd  $18600| 3rd  $8800| 4th  $3900| 5th  $2900,,Handicap,Jockey Celebration Day Stakes (Bm84+),Apprentices Cannot Claim,Rokanori,8,Gelding,Awesome Rock,Nishikawa,5,Jordan Turner,4,C & M Gangemi,56.5,0,9x531540x807,37:8-2-2,11: 1-2-1,19: 5-1-1,4: 0-1-1,0:0-0-0,26:7-2-1,9:1-0-0,2:0-0-1,0:0-0-0,8:1-0-1,8:2-1-1,$468 660,9,BenchMark 72+,1200,Z Johnston-Porter,6.9,27/06/26,Mrs Mac's (Bm72+),1-Charino,7,101,01:12.52,Belmont Park,Heavy 8,61,0:0-0-0,240853,1352207,956696,27659,15458,27659,17062,$80000,35.47sec 600m,$1440,AUS
01/08/2026 00:00:00,Belmont Park,7,01-Aug-2026 16:15,1400,3yo+,BenchMark 84+,54.5,Of $100000  -  1st  $54800 | 2nd  $18600| 3rd  $8800| 4th  $3900| 5th  $2900,,Handicap,Jockey Celebration Day Stakes (Bm84+),Apprentices Cannot Claim,Rokanori,8,Gelding,Awesome Rock,Nishikawa,5,Jordan Turner,4,C & M Gangemi,56.5,0,9x531540x807,37:8-2-2,11: 1-2-1,19: 5-1-1,4: 0-1-1,0:0-0-0,26:7-2-1,9:1-0-0,2:0-0-1,0:0-0-0,8:1-0-1,8:2-1-1,$468 660,13,BenchMark 78+,1400,Z Johnston-Porter,6.0,30/05/26,Solutions Matchmaking (Bm78+),1-Russian To The Bar,13,91,01:24.28,Belmont Park,Soft 6,59,0:0-0-0,240026,1345866,956696,27659,15458,27659,17062,$80000,34.72sec 600m,$0,AUS
01/08/2026 00:00:00,Belmont Park,7,01-Aug-2026 16:15,1400,3yo+,BenchMark 84+,54.5,Of $100000  -  1st  $54800 | 2nd  $18600| 3rd  $8800| 4th  $3900| 5th  $2900,,Handicap,Jockey Celebration Day Stakes (Bm84+),Apprentices Cannot Claim,Rokanori,8,Gelding,Awesome Rock,Nishikawa,5,Jordan Turner,4,C & M Gangemi,56.5,0,9x531540x807,37:8-2-2,11: 1-2-1,19: 5-1-1,4: 0-1-1,0:0-0-0,26:7-2-1,9:1-0-0,2:0-0-1,0:0-0-0,8:1-0-1,8:2-1-1,$468 660,2,BenchMark 78+,1200,Z Johnston-Porter,3.3,16/05/26,Swan Draught (Bm78+),1-Sir Dreamalot,8,41,01:11.56,Belmont Park,Soft 5,58,0:0-0-0,239612,1342850,956696,27659,15458,27659,17062,$80000,35.34sec 600m,$1440,AUS
01/08/2026 00:00:00,Belmont Park,7,01-Aug-2026 16:15,1400,3yo+,BenchMark 84+,54.5,Of $100000  -  1st  $54800 | 2nd  $18600| 3rd  $8800| 4th  $3900| 5th  $2900,,Handicap,Jockey Celebration Day Stakes (Bm84+),Apprentices Cannot Claim,Rokanori,8,Gelding,Awesome Rock,Nishikawa,5,Jordan Turner,4,C & M Gangemi,56.5,0,9x531540x807,37:8-2-2,11: 1-2-1,19: 5-1-1,4: 0-1-1,0:0-0-0,26:7-2-1,9:1-0-0,2:0-0-1,0:0-0-0,8:1-0-1,8:2-1-1,$468 660,6,Group 3,1400,J Turner,5.9,01/11/25,Asian Beau Stakes,1-Watch Me Rock,13,101,01:23.83,Ascot,Good 4,54,0:0-0-0,234913,1308384,956696,27659,15458,27659,15458,$200000,34.40sec 600m,$0,AUS
01/08/2026 00:00:00,Belmont Park,7,01-Aug-2026 16:15,1400,3yo+,BenchMark 84+,54.5,Of $100000  -  1st  $54800 | 2nd  $18600| 3rd  $8800| 4th  $3900| 5th  $2900,,Handicap,Jockey Celebration Day Stakes (Bm84+),Apprentices Cannot Claim,Rokanori,8,Gelding,Awesome Rock,Nishikawa,5,Jordan Turner,4,C & M Gangemi,56.5,0,9x531540x807,37:8-2-2,11: 1-2-1,19: 5-1-1,4: 0-1-1,0:0-0-0,26:7-2-1,9:1-0-0,2:0-0-1,0:0-0-0,8:1-0-1,8:2-1-1,$468 660,10,Listed,1200,J Turner,1.4,18/10/25,Swan Draught - R.S. Crawford Stakes,1-Rope Them In,4,101,01:10.01,Ascot,Good 4,57.5,0:0-0-0,234518,1305488,956696,27659,15458,27659,15458,$125000,34.50sec 600m,$4875,AUS
01/08/2026 00:00:00,Belmont Park,7,01-Aug-2026 16:15,1400,3yo+,BenchMark 84+,54.5,Of $100000  -  1st  $54800 | 2nd  $18600| 3rd  $8800| 4th  $3900| 5th  $2900,,Handicap,Jockey Celebration Day Stakes (Bm84+),Apprentices Cannot Claim,Rokanori,8,Gelding,Awesome Rock,Nishikawa,5,Jordan Turner,4,C & M Gangemi,56.5,0,9x531540x807,37:8-2-2,11: 1-2-1,19: 5-1-1,4: 0-1-1,0:0-0-0,26:7-2-1,9:1-0-0,2:0-0-1,0:0-0-0,8:1-0-1,8:2-1-1,$468 660,1,Listed,1400,J Turner,3.2,02/10/25,TABtouch Hannans Hcp,1-Multinational,5,11,01:23.49,Kalgoorlie,Good 4,56.5,0:0-0-0,234034,1302039,956696,27659,15458,27659,15458,$150000,33.56sec 600m,$4350,AUS
01/08/2026 00:00:00,Belmont Park,7,01-Aug-2026 16:15,1400,3yo+,BenchMark 84+,54.5,Of $100000  -  1st  $54800 | 2nd  $18600| 3rd  $8800| 4th  $3900| 5th  $2900,,Handicap,Jockey Celebration Day Stakes (Bm84+),Apprentices Cannot Claim,Rokanori,8,Gelding,Awesome Rock,Nishikawa,5,Jordan Turner,4,C & M Gangemi,56.5,0,9x531540x807,37:8-2-2,11: 1-2-1,19: 5-1-1,4: 0-1-1,0:0-0-0,26:7-2-1,9:1-0-0,2:0-0-1,0:0-0-0,8:1-0-1,8:2-1-1,$468 660,1,Open,1200,J Turner,0.9,13/09/25,Nicopolis Stakes,2-Final Siren,1,16,01:11.72,Belmont Park,Soft 5,56.5,0:0-0-0,233532,1297998,956696,27659,15458,27659,15458,$100000,00.00sec 0m,$54800,AUS
01/08/2026 00:00:00,Belmont Park,7,01-Aug-2026 16:15,1400,3yo+,BenchMark 84+,54.5,Of $100000  -  1st  $54800 | 2nd  $18600| 3rd  $8800| 4th  $3900| 5th  $2900,,Handicap,Jockey Celebration Day Stakes (Bm84+),Apprentices Cannot Claim,Rokanori,8,Gelding,Awesome Rock,Nishikawa,5,Jordan Turner,4,C & M Gangemi,56.5,0,9x531540x807,37:8-2-2,11: 1-2-1,19: 5-1-1,4: 0-1-1,0:0-0-0,26:7-2-1,9:1-0-0,2:0-0-1,0:0-0-0,8:1-0-1,8:2-1-1,$468 660,1,Listed,1400,J Turner,3.3,06/09/25,Swan Draught - Farnley Stakes,1-Cool Memory,3,19,01:29.08,Belmont Park,Heavy 8,54,0:0-0-0,233341,1296499,956696,27659,15458,27659,15458,$125000,00.00sec 0m,$11000,AUS
01/08/2026 00:00:00,Belmont Park,7,01-Aug-2026 16:15,1400,3yo+,BenchMark 84+,54.5,Of $100000  -  1st  $54800 | 2nd  $18600| 3rd  $8800| 4th  $3900| 5th  $2900,,Handicap,Jockey Celebration Day Stakes (Bm84+),Apprentices Cannot Claim,Rokanori,8,Gelding,Awesome Rock,Nishikawa,5,Jordan Turner,4,C & M Gangemi,56.5,0,9x531540x807,37:8-2-2,11: 1-2-1,19: 5-1-1,4: 0-1-1,0:0-0-0,26:7-2-1,9:1-0-0,2:0-0-1,0:0-0-0,8:1-0-1,8:2-1-1,$468 660,5,Listed,1300,J Turner,3.1,23/08/25,Idyllic Prince Stakes,1-Phanta,5,101,01:18.44,Belmont Park,Soft 5,59,0:0-0-0,232931,1293217,956696,27659,15458,27659,15458,$125000,36.00sec 600m,$3625,AUS
01/08/2026 00:00:00,Belmont Park,7,01-Aug-2026 16:15,1400,3yo+,BenchMark 84+,54.5,Of $100000  -  1st  $54800 | 2nd  $18600| 3rd  $8800| 4th  $3900| 5th  $2900,,Handicap,Jockey Celebration Day Stakes (Bm84+),Apprentices Cannot Claim,Rokanori,8,Gelding,Awesome Rock,Nishikawa,5,Jordan Turner,4,C & M Gangemi,56.5,0,9x531540x807,37:8-2-2,11: 1-2-1,19: 5-1-1,4: 0-1-1,0:0-0-0,26:7-2-1,9:1-0-0,2:0-0-1,0:0-0-0,8:1-0-1,8:2-1-1,$468 660,5,BenchMark 72+,1400,J Turner,6.3,10/05/25,Belhus Racing Join A Racing Syndicate (Bm72+),1-Siberian Siren,9,91,01:24.85,Ascot,Good 4,62,0:0-0-0,229894,1269998,956696,27659,15458,27659,15458,$80000,34.34sec 600m,$1440,AUS
01/08/2026 00:00:00,Belmont Park,7,01-Aug-2026 16:15,1400,3yo+,BenchMark 84+,54.5,Of $100000  -  1st  $54800 | 2nd  $18600| 3rd  $8800| 4th  $3900| 5th  $2900,,Handicap,Jockey Celebration Day Stakes (Bm84+),Apprentices Cannot Claim,Silver Eye,6,Gelding,Sessions,Sisken,6,Holly Nottle,10,A G Durrant,56.5,0,7835811822x,31:7-8-3,4: 1-0-0,11: 4-3-1,0: 0-0-0,0:0-0-0,23:3-6-1,5:2-2-1,3:2-0-1,0:0-0-0,5:1-2-0,5:2-1-1,$460 135,8,Listed,2300,S O'Donnell,2.6,22/03/26,TABtouch Pinjarra Cup,1-Royal Toronado,2,11,02:26.07,Pinjarra,Good 4,59,0:0-0-0,238155,1332209,967606,24034,17687,24034,4615,$150000,37.06sec 600m,$27900,AUS
01/08/2026 00:00:00,Belmont Park,7,01-Aug-2026 16:15,1400,3yo+,BenchMark 84+,54.5,Of $100000  -  1st  $54800 | 2nd  $18600| 3rd  $8800| 4th  $3900| 5th  $2900,,Handicap,Jockey Celebration Day Stakes (Bm84+),Apprentices Cannot Claim,Silver Eye,6,Gelding,Sessions,Sisken,6,Holly Nottle,10,A G Durrant,56.5,0,7835811822x,31:7-8-3,4: 1-0-0,11: 4-3-1,0: 0-0-0,0:0-0-0,23:3-6-1,5:2-2-1,3:2-0-1,0:0-0-0,5:1-2-0,5:2-1-1,$460 135,11,Listed,2000,S O'Donnell,0.2,07/03/26,Swan Draught Bunbury Cup,1-Arcadia Park,2,11,02:03.65,Bunbury,Good 4,58.5,0:0-0-0,237789,1329371,967606,24034,17687,24034,4615,$150000,35.51sec 600m,$27900,AUS
01/08/2026 00:00:00,Belmont Park,7,01-Aug-2026 16:15,1400,3yo+,BenchMark 84+,54.5,Of $100000  -  1st  $54800 | 2nd  $18600| 3rd  $8800| 4th  $3900| 5th  $2900,,Handicap,Jockey Celebration Day Stakes (Bm84+),Apprentices Cannot Claim,Silver Eye,6,Gelding,Sessions,Sisken,6,Holly Nottle,10,A G Durrant,56.5,0,7835811822x,31:7-8-3,4: 1-0-0,11: 4-3-1,0: 0-0-0,0:0-0-0,23:3-6-1,5:2-2-1,3:2-0-1,0:0-0-0,5:1-2-0,5:2-1-1,$460 135,15,Listed,1800,S O'Donnell,2.0,21/02/26,Reliable Asset Maintenance - Detonator Stakes,1-Fear The Wind,8,9.5,01:50.14,Ascot,Good 4,56.5,0:0-0-0,237486,1327026,967606,24034,17687,24034,4615,$125000,37.14sec 600m,$2250,AUS
01/08/2026 00:00:00,Belmont Park,7,01-Aug-2026 16:15,1400,3yo+,BenchMark 84+,54.5,Of $100000  -  1st  $54800 | 2nd  $18600| 3rd  $8800| 4th  $3900| 5th  $2900,,Handicap,Jockey Celebration Day Stakes (Bm84+),Apprentices Cannot Claim,Silver Eye,6,Gelding,Sessions,Sisken,6,Holly Nottle,10,A G Durrant,56.5,0,7835811822x,31:7-8-3,4: 1-0-0,11: 4-3-1,0: 0-0-0,0:0-0-0,23:3-6-1,5:2-2-1,3:2-0-1,0:0-0-0,5:1-2-0,5:2-1-1,$460 135,6,BenchMark 84+,1500,S O'Donnell,1.4,17/01/26,Celebration Of Life Day Trophy (Bm84+),2-River Rubicon,1,3.6,01:30.49,Ascot,Good 4,55.5,0:0-0-0,236758,1321639,967606,24034,17687,24034,4615,$100000,34.92sec 600m,$54800,AUS
01/08/2026 00:00:00,Belmont Park,7,01-Aug-2026 16:15,1400,3yo+,BenchMark 84+,54.5,Of $100000  -  1st  $54800 | 2nd  $18600| 3rd  $8800| 4th  $3900| 5th  $2900,,Handicap,Jockey Celebration Day Stakes (Bm84+),Apprentices Cannot Claim,Silver Eye,6,Gelding,Sessions,Sisken,6,Holly Nottle,10,A G Durrant,56.5,0,7835811822x,31:7-8-3,4: 1-0-0,11: 4-3-1,0: 0-0-0,0:0-0-0,23:3-6-1,5:2-2-1,3:2-0-1,0:0-0-0,5:1-2-0,5:2-1-1,$460 135,2,BenchMark 72+,1400,S O'Donnell,1.0,10/01/26,Vale Gerard Patterson (Bm72+),2-Famous Dain,1,12,01:22.78,Ascot,Good 4,57,0:0-0-0,236611,1320515,967606,24034,17687,24034,4615,$80000,35.62sec 600m,$43840,AUS
01/08/2026 00:00:00,Belmont Park,7,01-Aug-2026 16:15,1400,3yo+,BenchMark 84+,54.5,Of $100000  -  1st  $54800 | 2nd  $18600| 3rd  $8800| 4th  $3900| 5th  $2900,,Handicap,Jockey Celebration Day Stakes (Bm84+),Apprentices Cannot Claim,Silver Eye,6,Gelding,Sessions,Sisken,6,Holly Nottle,10,A G Durrant,56.5,0,7835811822x,31:7-8-3,4: 1-0-0,11: 4-3-1,0: 0-0-0,0:0-0-0,23:3-6-1,5:2-2-1,3:2-0-1,0:0-0-0,5:1-2-0,5:2-1-1,$460 135,3,BenchMark 72+,1400,L Fiore,5.3,20/12/25,Ascot Equine Veterinarians Westspeed Platinum Sprint (Bm72+),1-Our Paladin Al,8,4.4,01:24.14,Ascot,Good 4,58,0:0-0-0,236215,1317534,967606,24034,17687,24034,15372,$125000,34.36sec 600m,$2250,AUS
01/08/2026 00:00:00,Belmont Park,7,01-Aug-2026 16:15,1400,3yo+,BenchMark 84+,54.5,Of $100000  -  1st  $54800 | 2nd  $18600| 3rd  $8800| 4th  $3900| 5th  $2900,,Handicap,Jockey Celebration Day Stakes (Bm84+),Apprentices Cannot Claim,Silver Eye,6,Gelding,Sessions,Sisken,6,Holly Nottle,10,A G Durrant,56.5,0,7835811822x,31:7-8-3,4: 1-0-0,11: 4-3-1,0: 0-0-0,0:0-0-0,23:3-6-1,5:2-2-1,3:2-0-1,0:0-0-0,5:1-2-0,5:2-1-1,$460 135,6,BenchMark 78+,1400,F W Kersley,2.0,06/12/25,MCA Polytrack (Bm78+),1-Without Reg,5,9.5,01:23.89,Ascot,Good 4,55,0:0-0-0,235813,1314940,967606,24034,17687,24034,15839,$80000,35.51sec 600m,$2320,AUS
01/08/2026 00:00:00,Belmont Park,7,01-Aug-2026 16:15,1400,3yo+,BenchMark 84+,54.5,Of $100000  -  1st  $54800 | 2nd  $18600| 3rd  $8800| 4th  $3900| 5th  $2900,,Handicap,Jockey Celebration Day Stakes (Bm84+),Apprentices Cannot Claim,Silver Eye,6,Gelding,Sessions,Sisken,6,Holly Nottle,10,A G Durrant,56.5,0,7835811822x,31:7-8-3,4: 1-0-0,11: 4-3-1,0: 0-0-0,0:0-0-0,23:3-6-1,5:2-2-1,3:2-0-1,0:0-0-0,5:1-2-0,5:2-1-1,$460 135,8,BenchMark 78+,1200,L Fiore,0.7,29/11/25,Swan Draught (Bm78+),1-Cessation,3,26,01:10.52,Ascot,Good 4,55,0:0-0-0,235666,1313771,967606,24034,17687,24034,15372,$80000,34.99sec 600m,$7040,AUS
01/08/2026 00:00:00,Belmont Park,7,01-Aug-2026 16:15,1400,3yo+,BenchMark 84+,54.5,Of $100000  -  1st  $54800 | 2nd  $18600| 3rd  $8800| 4th  $3900| 5th  $2900,,Handicap,Jockey Celebration Day Stakes (Bm84+),Apprentices Cannot Claim,Silver Eye,6,Gelding,Sessions,Sisken,6,Holly Nottle,10,A G Durrant,56.5,0,7835811822x,31:7-8-3,4: 1-0-0,11: 4-3-1,0: 0-0-0,0:0-0-0,23:3-6-1,5:2-2-1,3:2-0-1,0:0-0-0,5:1-2-0,5:2-1-1,$460 135,1,BenchMark 72+,1200,B Gaerth,3.2,16/11/25,Geraldton Toyota Batavia Sprint (Bm72+),1-Supersession,8,10,01:11.56,Geraldton,Good 3,59.5,0:0-0-0,235382,1311508,967606,24034,17687,24034,15260,$125000,36.11sec 600m,$2250,AUS
01/08/2026 00:00:00,Belmont Park,7,01-Aug-2026 16:15,1400,3yo+,BenchMark 84+,54.5,Of $100000  -  1st  $54800 | 2nd  $18600| 3rd  $8800| 4th  $3900| 5th  $2900,,Handicap,Jockey Celebration Day Stakes (Bm84+),Apprentices Cannot Claim,Silver Eye,6,Gelding,Sessions,Sisken,6,Holly Nottle,10,A G Durrant,56.5,0,7835811822x,31:7-8-3,4: 1-0-0,11: 4-3-1,0: 0-0-0,0:0-0-0,23:3-6-1,5:2-2-1,3:2-0-1,0:0-0-0,5:1-2-0,5:2-1-1,$460 135,11,BenchMark 78+,1200,L Fiore,1.6,08/11/25,MCA Polytrack (Bm78+),1-Sky Duke,7,14,01:08.95,Ascot,Good 4,55.5,0:0-0-0,235181,1309911,967606,24034,17687,24034,15372,$80000,34.62sec 600m,$1440,AUS
01/08/2026 00:00:00,Belmont Park,7,01-Aug-2026 16:15,1400,3yo+,BenchMark 84+,54.5,Of $100000  -  1st  $54800 | 2nd  $18600| 3rd  $8800| 4th  $3900| 5th  $2900,,Handicap,Jockey Celebration Day Stakes (Bm84+),Apprentices Cannot Claim,Boots Like Bruce,9,Gelding,Alfred Nobel,Smithfields,7,A Hearn,9,Dexter Aiken,56,0,470x867975x0,26:9-1-0,5: 1-1-0,11: 5-1-0,2: 1-1-0,0:0-0-0,17:5-0-0,8:4-1-0,1:0-0-0,0:0-0-0,8:3-0-0,6:3-0-0,$385 036,12,Listed,1000,J Brown,11.8,11/07/26,Beaufine Stakes,1-Immortal Bliss,14,151,00:58.07,Belmont Park,Good 4,54,0:0-0-0,241265,1355406,972065,29175,14758,29175,1236,$125000,34.25sec 600m,$0,AUS
01/08/2026 00:00:00,Belmont Park,7,01-Aug-2026 16:15,1400,3yo+,BenchMark 84+,54.5,Of $100000  -  1st  $54800 | 2nd  $18600| 3rd  $8800| 4th  $3900| 5th  $2900,,Handicap,Jockey Celebration Day Stakes (Bm84+),Apprentices Cannot Claim,Boots Like Bruce,9,Gelding,Alfred Nobel,Smithfields,7,A Hearn,9,Dexter Aiken,56,0,470x867975x0,26:9-1-0,5: 1-1-0,11: 5-1-0,2: 1-1-0,0:0-0-0,17:5-0-0,8:4-1-0,1:0-0-0,0:0-0-0,8:3-0-0,6:3-0-0,$385 036,5,BenchMark 84+,1300,B Gaerth,4.2,26/12/25,Boxing Day Dash (Bm84+),1-Sky Duke,5,17,01:18.44,Pinjarra,Good 4,56.5,0:0-0-0,236304,1318223,972065,29175,14758,16015,15260,$100000,35.49sec 600m,$2900,AUS
01/08/2026 00:00:00,Belmont Park,7,01-Aug-2026 16:15,1400,3yo+,BenchMark 84+,54.5,Of $100000  -  1st  $54800 | 2nd  $18600| 3rd  $8800| 4th  $3900| 5th  $2900,,Handicap,Jockey Celebration Day Stakes (Bm84+),Apprentices Cannot Claim,Boots Like Bruce,9,Gelding,Alfred Nobel,Smithfields,7,A Hearn,9,Dexter Aiken,56,0,470x867975x0,26:9-1-0,5: 1-1-0,11: 5-1-0,2: 1-1-0,0:0-0-0,17:5-0-0,8:4-1-0,1:0-0-0,0:0-0-0,8:3-0-0,6:3-0-0,$385 036,5,BenchMark 78+,1400,A Kennedy,4.1,06/12/25,MCA Polytrack (Bm78+),1-Without Reg,7,61,01:23.89,Ascot,Good 4,60.5,0:0-0-0,235813,1314940,972065,29175,14758,16015,13600,$80000,35.51sec 600m,$1440,AUS
01/08/2026 00:00:00,Belmont Park,7,01-Aug-2026 16:15,1400,3yo+,BenchMark 84+,54.5,Of $100000  -  1st  $54800 | 2nd  $18600| 3rd  $8800| 4th  $3900| 5th  $2900,,Handicap,Jockey Celebration Day Stakes (Bm84+),Apprentices Cannot Claim,Boots Like Bruce,9,Gelding,Alfred Nobel,Smithfields,7,A Hearn,9,Dexter Aiken,56,0,470x867975x0,26:9-1-0,5: 1-1-0,11: 5-1-0,2: 1-1-0,0:0-0-0,17:5-0-0,8:4-1-0,1:0-0-0,0:0-0-0,8:3-0-0,6:3-0-0,$385 036,7,Listed,1400,R Jones,7.9,22/11/25,Carbine Club Of W.A. Stakes,1-Cosmic Crusader,9,91,01:22.61,Ascot,Good 4,57.5,0:0-0-0,235506,1312521,972065,29175,14758,16015,16178,$125000,34.72sec 600m,$2250,AUS
01/08/2026 00:00:00,Belmont Park,7,01-Aug-2026 16:15,1400,3yo+,BenchMark 84+,54.5,Of $100000  -  1st  $54800 | 2nd  $18600| 3rd  $8800| 4th  $3900| 5th  $2900,,Handicap,Jockey Celebration Day Stakes (Bm84+),Apprentices Cannot Claim,Boots Like Bruce,9,Gelding,Alfred Nobel,Smithfields,7,A Hearn,9,Dexter Aiken,56,0,470x867975x0,26:9-1-0,5: 1-1-0,11: 5-1-0,2: 1-1-0,0:0-0-0,17:5-0-0,8:4-1-0,1:0-0-0,0:0-0-0,8:3-0-0,6:3-0-0,$385 036,7,Group 3,1100,B Gaerth,4.7,15/11/25,Hosemasters - Colonel Reeves Stakes,1-Jokers Grin,7,201,01:03.59,Ascot,Good 4,57.5,0:0-0-0,235353,1311298,972065,29175,14758,16015,15260,$200000,34.45sec 600m,$3600,AUS
01/08/2026 00:00:00,Belmont Park,7,01-Aug-2026 16:15,1400,3yo+,BenchMark 84+,54.5,Of $100000  -  1st  $54800 | 2nd  $18600| 3rd  $8800| 4th  $3900| 5th  $2900,,Handicap,Jockey Celebration Day Stakes (Bm84+),Apprentices Cannot Claim,Boots Like Bruce,9,Gelding,Alfred Nobel,Smithfields,7,A Hearn,9,Dexter Aiken,56,0,470x867975x0,26:9-1-0,5: 1-1-0,11: 5-1-0,2: 1-1-0,0:0-0-0,17:5-0-0,8:4-1-0,1:0-0-0,0:0-0-0,8:3-0-0,6:3-0-0,$385 036,4,Group 3,1000,S Mc Gruddy,5.9,01/11/25,TABtouch - Prince Of Wales Stakes,1-Jokers Grin,6,101,00:58.38,Ascot,Good 4,58.5,0:0-0-0,234913,1308381,972065,29175,14758,16015,4651,$200000,33.79sec 600m,$3600,AUS
01/08/2026 00:00:00,Belmont Park,7,01-Aug-2026 16:15,1400,3yo+,BenchMark 84+,54.5,Of $100000  -  1st  $54800 | 2nd  $18600| 3rd  $8800| 4th  $3900| 5th  $2900,,Handicap,Jockey Celebration Day Stakes (Bm84+),Apprentices Cannot Claim,Boots Like Bruce,9,Gelding,Alfred Nobel,Smithfields,7,A Hearn,9,Dexter Aiken,56,0,470x867975x0,26:9-1-0,5: 1-1-0,11: 5-1-0,2: 1-1-0,0:0-0-0,17:5-0-0,8:4-1-0,1:0-0-0,0:0-0-0,8:3-0-0,6:3-0-0,$385 036,7,Open,1200,P Carbery,12.1,13/09/25,Nicopolis Stakes,1-Rokanori,8,11,01:11.72,Belmont Park,Soft 5,57.5,0:0-0-0,233532,1297998,972065,29175,14758,16015,9877,$100000,00.00sec 0m,$1800,AUS
01/08/2026 00:00:00,Belmont Park,7,01-Aug-2026 16:15,1400,3yo+,BenchMark 84+,54.5,Of $100000  -  1st  $54800 | 2nd  $18600| 3rd  $8800| 4th  $3900| 5th  $2900,,Handicap,Jockey Celebration Day Stakes (Bm84+),Apprentices Cannot Claim,Boots Like Bruce,9,Gelding,Alfred Nobel,Smithfields,7,A Hearn,9,Dexter Aiken,56,0,470x867975x0,26:9-1-0,5: 1-1-0,11: 5-1-0,2: 1-1-0,0:0-0-0,17:5-0-0,8:4-1-0,1:0-0-0,0:0-0-0,8:3-0-0,6:3-0-0,$385 036,14,Group 1,1200,A Kennedy,8.7,30/11/24,MCA Polytrack - Winterbottom Stakes,1-Overpass,14,101,01:08.89,Ascot,Good 4,58.5,0:0-0-0,225616,1241170,972065,29175,14758,16015,13600,$1500000,35.07sec 600m,$0,AUS
01/08/2026 00:00:00,Belmont Park,7,01-Aug-2026 16:15,1400,3yo+,BenchMark 84+,54.5,Of $100000  -  1st  $54800 | 2nd  $18600| 3rd  $8800| 4th  $3900| 5th  $2900,,Handicap,Jockey Celebration Day Stakes (Bm84+),Apprentices Cannot Claim,Boots Like Bruce,9,Gelding,Alfred Nobel,Smithfields,7,A Hearn,9,Dexter Aiken,56,0,470x867975x0,26:9-1-0,5: 1-1-0,11: 5-1-0,2: 1-1-0,0:0-0-0,17:5-0-0,8:4-1-0,1:0-0-0,0:0-0-0,8:3-0-0,6:3-0-0,$385 036,3,Group 3,1100,P Carbery,5.3,16/11/24,Colonel Reeves Stakes,1-Rope Them In,7,21,01:03.53,Ascot,Good 4,57.5,0:0-0-0,225261,1238507,972065,29175,14758,16015,9877,$200000,34.06sec 600m,$3600,AUS
01/08/2026 00:00:00,Belmont Park,7,01-Aug-2026 16:15,1400,3yo+,BenchMark 84+,54.5,Of $100000  -  1st  $54800 | 2nd  $18600| 3rd  $8800| 4th  $3900| 5th  $2900,,Handicap,Jockey Celebration Day Stakes (Bm84+),Apprentices Cannot Claim,Boots Like Bruce,9,Gelding,Alfred Nobel,Smithfields,7,A Hearn,9,Dexter Aiken,56,0,470x867975x0,26:9-1-0,5: 1-1-0,11: 5-1-0,2: 1-1-0,0:0-0-0,17:5-0-0,8:4-1-0,1:0-0-0,0:0-0-0,8:3-0-0,6:3-0-0,$385 036,8,Group 3,1000,A Kennedy,4.5,02/11/24,TABtouch - Prince Of Wales Stakes,1-Bravo Centurion,4,5.5,00:57.72,Ascot,Good 4,58.5,0:0-0-0,224851,1235657,972065,29175,14758,16015,13600,$200000,33.27sec 600m,$7800,AUS
01/08/2026 00:00:00,Belmont Park,7,01-Aug-2026 16:15,1400,3yo+,BenchMark 84+,54.5,Of $100000  -  1st  $54800 | 2nd  $18600| 3rd  $8800| 4th  $3900| 5th  $2900,,Handicap,Jockey Celebration Day Stakes (Bm84+),Apprentices Cannot Claim,Snippy Which,6,Gelding,Snippetson,Witchery Woman,8,Joey Azzopardi,12,A G Durrant,55.5,0,1521512123,37:10-7-5,4: 2-2-0,13: 4-3-3,1: 0-1-0,0:0-0-0,25:8-4-2,9:2-1-2,3:0-2-1,0:0-0-0,5:2-0-1,5:0-2-0,$445 279,6,BenchMark 72+,1650,N Riordan,3.4,18/07/26,North Beach Football Club 06 Premiership (Bm72+),1-Auto Cruise,3,7.5,01:42.86,Belmont Park,Soft 7,58,0:0-0-0,241452,1356901,978147,24034,14814,24034,17685,$80000,36.16sec 600m,$7040,AUS
01/08/2026 00:00:00,Belmont Park,7,01-Aug-2026 16:15,1400,3yo+,BenchMark 84+,54.5,Of $100000  -  1st  $54800 | 2nd  $18600| 3rd  $8800| 4th  $3900| 5th  $2900,,Handicap,Jockey Celebration Day Stakes (Bm84+),Apprentices Cannot Claim,Snippy Which,6,Gelding,Snippetson,Witchery Woman,8,Joey Azzopardi,12,A G Durrant,55.5,0,1521512123,37:10-7-5,4: 2-2-0,13: 4-3-3,1: 0-1-0,0:0-0-0,25:8-4-2,9:2-1-2,3:0-2-1,0:0-0-0,5:2-0-1,5:0-2-0,$445 279,12,BenchMark 72+,1600,N Riordan,1.5,27/06/26,Bisley Workwear (Bm72+),1-Correct Choice,2,7,01:40.43,Belmont Park,Heavy 8,57.5,0:0-0-0,240853,1352212,978147,24034,14814,24034,17685,$80000,36.92sec 600m,$14880,AUS
01/08/2026 00:00:00,Belmont Park,7,01-Aug-2026 16:15,1400,3yo+,BenchMark 84+,54.5,Of $100000  -  1st  $54800 | 2nd  $18600| 3rd  $8800| 4th  $3900| 5th  $2900,,Handicap,Jockey Celebration Day Stakes (Bm84+),Apprentices Cannot Claim,Snippy Which,6,Gelding,Snippetson,Witchery Woman,8,Joey Azzopardi,12,A G Durrant,55.5,0,1521512123,37:10-7-5,4: 2-2-0,13: 4-3-3,1: 0-1-0,0:0-0-0,25:8-4-2,9:2-1-2,3:0-2-1,0:0-0-0,5:2-0-1,5:0-2-0,$445 279,2,BenchMark 78+,1650,H Nottle,0.2,13/06/26,Peters Investments (Bm78+),2-Battle Commander,1,9,01:42.59,Belmont Park,Soft 6,54,0:0-0-0,240420,1348940,978147,24034,14814,24034,17687,$80000,34.76sec 600m,$43840,AUS
01/08/2026 00:00:00,Belmont Park,7,01-Aug-2026 16:15,1400,3yo+,BenchMark 84+,54.5,Of $100000  -  1st  $54800 | 2nd  $18600| 3rd  $8800| 4th  $3900| 5th  $2900,,Handicap,Jockey Celebration Day Stakes (Bm84+),Apprentices Cannot Claim,Snippy Which,6,Gelding,Snippetson,Witchery Woman,8,Joey Azzopardi,12,A G Durrant,55.5,0,1521512123,37:10-7-5,4: 2-2-0,13: 4-3-3,1: 0-1-0,0:0-0-0,25:8-4-2,9:2-1-2,3:0-2-1,0:0-0-0,5:2-0-1,5:0-2-0,$445 279,5,BenchMark 78+,1400,N Riordan,0.2,30/05/26,Solutions Matchmaking (Bm78+),1-Russian To The Bar,2,7,01:24.28,Belmont Park,Soft 6,52.5,0:0-0-0,240026,1345866,978147,24034,14814,24034,17685,$80000,34.72sec 600m,$14880,AUS
01/08/2026 00:00:00,Belmont Park,7,01-Aug-2026 16:15,1400,3yo+,BenchMark 84+,54.5,Of $100000  -  1st  $54800 | 2nd  $18600| 3rd  $8800| 4th  $3900| 5th  $2900,,Handicap,Jockey Celebration Day Stakes (Bm84+),Apprentices Cannot Claim,Snippy Which,6,Gelding,Snippetson,Witchery Woman,8,Joey Azzopardi,12,A G Durrant,55.5,0,1521512123,37:10-7-5,4: 2-2-0,13: 4-3-3,1: 0-1-0,0:0-0-0,25:8-4-2,9:2-1-2,3:0-2-1,0:0-0-0,5:2-0-1,5:0-2-0,$445 279,2,Rst 0 Met Win-LY,1400,H Nottle,1.0,02/05/26,Liquor Barons (Rs0ly),2-Nickelplay,1,4,01:24.92,Ascot,Good 4,60.5,0:0-0-0,239251,1339955,978147,24034,14814,24034,17687,$40000,34.98sec 600m,$21920,AUS
01/08/2026 00:00:00,Belmont Park,7,01-Aug-2026 16:15,1400,3yo+,BenchMark 84+,54.5,Of $100000  -  1st  $54800 | 2nd  $18600| 3rd  $8800| 4th  $3900| 5th  $2900,,Handicap,Jockey Celebration Day Stakes (Bm84+),Apprentices Cannot Claim,Snippy Which,6,Gelding,Snippetson,Witchery Woman,8,Joey Azzopardi,12,A G Durrant,55.5,0,1521512123,37:10-7-5,4: 2-2-0,13: 4-3-3,1: 0-1-0,0:0-0-0,25:8-4-2,9:2-1-2,3:0-2-1,0:0-0-0,5:2-0-1,5:0-2-0,$445 279,3,BenchMark 66+,1200,H Nottle,1.6,18/04/26,Schweppes (Bm66+),1-Sir Dreamalot,5,15,01:11.14,Ascot,Soft 5,57.5,0:0-0-0,238836,1337150,978147,24034,14814,24034,17687,$80000,35.67sec 600m,$2320,AUS
01/08/2026 00:00:00,Belmont Park,7,01-Aug-2026 16:15,1400,3yo+,BenchMark 84+,54.5,Of $100000  -  1st  $54800 | 2nd  $18600| 3rd  $8800| 4th  $3900| 5th  $2900,,Handicap,Jockey Celebration Day Stakes (Bm84+),Apprentices Cannot Claim,Snippy Which,6,Gelding,Snippetson,Witchery Woman,8,Joey Azzopardi,12,A G Durrant,55.5,0,1521512123,37:10-7-5,4: 2-2-0,13: 4-3-3,1: 0-1-0,0:0-0-0,25:8-4-2,9:2-1-2,3:0-2-1,0:0-0-0,5:2-0-1,5:0-2-0,$445 279,5,Rst 0 Met Win-LY,1200,H Nottle,0.9,02/04/26,Drummond Golf (Rs0ly),2-Snow God,1,3.1,01:11.40,Belmont Park,Good 4,59,0:0-0-0,238406,1334167,978147,24034,14814,24034,17687,$35000,34.74sec 600m,$19180,AUS
01/08/2026 00:00:00,Belmont Park,7,01-Aug-2026 16:15,1400,3yo+,BenchMark 84+,54.5,Of $100000  -  1st  $54800 | 2nd  $18600| 3rd  $8800| 4th  $3900| 5th  $2900,,Handicap,Jockey Celebration Day Stakes (Bm84+),Apprentices Cannot Claim,Snippy Which,6,Gelding,Snippetson,Witchery Woman,8,Joey Azzopardi,12,A G Durrant,55.5,0,1521512123,37:10-7-5,4: 2-2-0,13: 4-3-3,1: 0-1-0,0:0-0-0,25:8-4-2,9:2-1-2,3:0-2-1,0:0-0-0,5:2-0-1,5:0-2-0,$445 279,3,BenchMark 66+,1200,H Nottle,0.2,21/03/26,Off The Track WA (Bm66+),1-Malletier,2,10,01:09.99,Ascot,Good 4,55.5,0:0-0-0,238123,1331990,978147,24034,14814,24034,17687,$80000,35.21sec 600m,$14880,AUS
01/08/2026 00:00:00,Belmont Park,7,01-Aug-2026 16:15,1400,3yo+,BenchMark 84+,54.5,Of $100000  -  1st  $54800 | 2nd  $18600| 3rd  $8800| 4th  $3900| 5th  $2900,,Handicap,Jockey Celebration Day Stakes (Bm84+),Apprentices Cannot Claim,Snippy Which,6,Gelding,Snippetson,Witchery Woman,8,Joey Azzopardi,12,A G Durrant,55.5,0,1521512123,37:10-7-5,4: 2-2-0,13: 4-3-3,1: 0-1-0,0:0-0-0,25:8-4-2,9:2-1-2,3:0-2-1,0:0-0-0,5:2-0-1,5:0-2-0,$445 279,3,BenchMark 66+,1200,H Nottle,2.5,28/02/26,Quayclean (Bm66+),1-Malletier,5,6.5,01:10.35,Ascot,Good 4,55.5,0:0-0-0,237645,1328287,978147,24034,14814,24034,17687,$80000,35.41sec 600m,$2320,AUS
01/08/2026 00:00:00,Belmont Park,7,01-Aug-2026 16:15,1400,3yo+,BenchMark 84+,54.5,Of $100000  -  1st  $54800 | 2nd  $18600| 3rd  $8800| 4th  $3900| 5th  $2900,,Handicap,Jockey Celebration Day Stakes (Bm84+),Apprentices Cannot Claim,Snippy Which,6,Gelding,Snippetson,Witchery Woman,8,Joey Azzopardi,12,A G Durrant,55.5,0,1521512123,37:10-7-5,4: 2-2-0,13: 4-3-3,1: 0-1-0,0:0-0-0,25:8-4-2,9:2-1-2,3:0-2-1,0:0-0-0,5:2-0-1,5:0-2-0,$445 279,2,Rst 0 Met Win-LY,1200,H Nottle,0.4,18/02/26,Bisley Workwear (Rs0ly),2-Zouboltz,1,2.7,01:11.63,Belmont Park,Good 4,57,0:0-0-0,237434,1326595,978147,24034,14814,24034,17687,$35000,35.59sec 600m,$19180,AUS
01/08/2026 00:00:00,Belmont Park,7,01-Aug-2026 16:15,1400,3yo+,BenchMark 84+,54.5,Of $100000  -  1st  $54800 | 2nd  $18600| 3rd  $8800| 4th  $3900| 5th  $2900,,Handicap,Jockey Celebration Day Stakes (Bm84+),Apprentices Cannot Claim,Without Reg,8,Gelding,War Chant,Movie Queen,9,Holly Watson,3,Rhys Radford,55.5,0,0x96131660x0,59:10-1-8,35: 8-1-4,20: 4-0-4,10: 4-0-2,0:0-0-0,42:7-0-7,15:3-1-0,2:0-0-1,0:0-0-0,9:1-0-0,8:2-0-2,$443 338,13,BenchMark 72+,1200,Z Johnston-Porter,6.0,18/07/26,Budget Car And Truck Rental (Bm72+),1-Urquharts Bluff,12,81,01:12.54,Belmont Park,Soft 7,59,0:0-0-0,241452,1356904,948782,25313,16516,25313,17062,$80000,35.30sec 600m,$0,AUS
01/08/2026 00:00:00,Belmont Park,7,01-Aug-2026 16:15,1400,3yo+,BenchMark 84+,54.5,Of $100000  -  1st  $54800 | 2nd  $18600| 3rd  $8800| 4th  $3900| 5th  $2900,,Handicap,Jockey Celebration Day Stakes (Bm84+),Apprentices Cannot Claim,Without Reg,8,Gelding,War Chant,Movie Queen,9,Holly Watson,3,Rhys Radford,55.5,0,0x96131660x0,59:10-1-8,35: 8-1-4,20: 4-0-4,10: 4-0-2,0:0-0-0,42:7-0-7,15:3-1-0,2:0-0-1,0:0-0-0,9:1-0-0,8:2-0-2,$443 338,14,Listed,1400,H Watson,6.8,07/03/26,TABtouch Bunbury Stakes,1-Bonjoy,10,81,01:23.06,Bunbury,Good 4,54,0:0-0-0,237789,1329370,948782,25313,16516,25313,16516,$150000,35.29sec 600m,$2700,AUS
01/08/2026 00:00:00,Belmont Park,7,01-Aug-2026 16:15,1400,3yo+,BenchMark 84+,54.5,Of $100000  -  1st  $54800 | 2nd  $18600| 3rd  $8800| 4th  $3900| 5th  $2900,,Handicap,Jockey Celebration Day Stakes (Bm84+),Apprentices Cannot Claim,Without Reg,8,Gelding,War Chant,Movie Queen,9,Holly Watson,3,Rhys Radford,55.5,0,0x96131660x0,59:10-1-8,35: 8-1-4,20: 4-0-4,10: 4-0-2,0:0-0-0,42:7-0-7,15:3-1-0,2:0-0-1,0:0-0-0,9:1-0-0,8:2-0-2,$443 338,5,Listed,1300,H Watson,2.0,22/02/26,TABtouch Pinjarra Classic,1-London's Image,6,31,01:17.72,Pinjarra Scarpside,Good 4,54,0:0-0-0,237513,1327237,948782,25313,16516,25313,16516,$150000,34.37sec 600m,$2700,AUS
01/08/2026 00:00:00,Belmont Park,7,01-Aug-2026 16:15,1400,3yo+,BenchMark 84+,54.5,Of $100000  -  1st  $54800 | 2nd  $18600| 3rd  $8800| 4th  $3900| 5th  $2900,,Handicap,Jockey Celebration Day Stakes (Bm84+),Apprentices Cannot Claim,Without Reg,8,Gelding,War Chant,Movie Queen,9,Holly Watson,3,Rhys Radford,55.5,0,0x96131660x0,59:10-1-8,35: 8-1-4,20: 4-0-4,10: 4-0-2,0:0-0-0,42:7-0-7,15:3-1-0,2:0-0-1,0:0-0-0,9:1-0-0,8:2-0-2,$443 338,3,BenchMark 84+,1500,H Watson,4.8,17/01/26,Celebration Of Life Day Trophy (Bm84+),1-Silver Eye,6,5.5,01:30.49,Ascot,Good 4,58,0:0-0-0,236758,1321639,948782,25313,16516,25313,16516,$100000,34.92sec 600m,$1800,AUS
01/08/2026 00:00:00,Belmont Park,7,01-Aug-2026 16:15,1400,3yo+,BenchMark 84+,54.5,Of $100000  -  1st  $54800 | 2nd  $18600| 3rd  $8800| 4th  $3900| 5th  $2900,,Handicap,Jockey Celebration Day Stakes (Bm84+),Apprentices Cannot Claim,Without Reg,8,Gelding,War Chant,Movie Queen,9,Holly Watson,3,Rhys Radford,55.5,0,0x96131660x0,59:10-1-8,35: 8-1-4,20: 4-0-4,10: 4-0-2,0:0-0-0,42:7-0-7,15:3-1-0,2:0-0-1,0:0-0-0,9:1-0-0,8:2-0-2,$443 338,1,BenchMark 84+,1400,H Watson,1.0,03/01/26,Integra Insurance Brokers Mandurah Cup (Bm84+),2-Bruce Almighty,1,3.4,01:23.25,Pinjarra,Good 4,54,0:0-0-0,236492,1319648,948782,25313,16516,25313,16516,$100000,34.58sec 600m,$54800,AUS
01/08/2026 00:00:00,Belmont Park,7,01-Aug-2026 16:15,1400,3yo+,BenchMark 84+,54.5,Of $100000  -  1st  $54800 | 2nd  $18600| 3rd  $8800| 4th  $3900| 5th  $2900,,Handicap,Jockey Celebration Day Stakes (Bm84+),Apprentices Cannot Claim,Without Reg,8,Gelding,War Chant,Movie Queen,9,Holly Watson,3,Rhys Radford,55.5,0,0x96131660x0,59:10-1-8,35: 8-1-4,20: 4-0-4,10: 4-0-2,0:0-0-0,42:7-0-7,15:3-1-0,2:0-0-1,0:0-0-0,9:1-0-0,8:2-0-2,$443 338,11,BenchMark 72+,1400,H Watson,2.3,20/12/25,Ascot Equine Veterinarians Westspeed Platinum Sprint (Bm72+),1-Our Paladin Al,3,21,01:24.14,Ascot,Good 4,59,0:0-0-0,236215,1317534,948782,25313,16516,25313,16516,$125000,34.36sec 600m,$11000,AUS
01/08/2026 00:00:00,Belmont Park,7,01-Aug-2026 16:15,1400,3yo+,BenchMark 84+,54.5,Of $100000  -  1st  $54800 | 2nd  $18600| 3rd  $8800| 4th  $3900| 5th  $2900,,Handicap,Jockey Celebration Day Stakes (Bm84+),Apprentices Cannot Claim,Without Reg,8,Gelding,War Chant,Movie Queen,9,Holly Watson,3,Rhys Radford,55.5,0,0x96131660x0,59:10-1-8,35: 8-1-4,20: 4-0-4,10: 4-0-2,0:0-0-0,42:7-0-7,15:3-1-0,2:0-0-1,0:0-0-0,9:1-0-0,8:2-0-2,$443 338,3,BenchMark 78+,1400,H Watson,0.0,06/12/25,MCA Polytrack (Bm78+),2-Angel Undercover,1,6.5,01:23.89,Ascot,Good 4,54,0:0-0-0,235813,1314940,948782,25313,16516,25313,16516,$80000,35.51sec 600m,$43840,AUS
01/08/2026 00:00:00,Belmont Park,7,01-Aug-2026 16:15,1400,3yo+,BenchMark 84+,54.5,Of $100000  -  1st  $54800 | 2nd  $18600| 3rd  $8800| 4th  $3900| 5th  $2900,,Handicap,Jockey Celebration Day Stakes (Bm84+),Apprentices Cannot Claim,Without Reg,8,Gelding,War Chant,Movie Queen,9,Holly Watson,3,Rhys Radford,55.5,0,0x96131660x0,59:10-1-8,35: 8-1-4,20: 4-0-4,10: 4-0-2,0:0-0-0,42:7-0-7,15:3-1-0,2:0-0-1,0:0-0-0,9:1-0-0,8:2-0-2,$443 338,4,Listed,1400,H Watson,4.8,22/11/25,Carbine Club Of W.A. Stakes,1-Cosmic Crusader,6,71,01:22.61,Ascot,Good 4,55,0:0-0-0,235506,1312521,948782,25313,16516,25313,16516,$125000,34.72sec 600m,$2250,AUS
01/08/2026 00:00:00,Belmont Park,7,01-Aug-2026 16:15,1400,3yo+,BenchMark 84+,54.5,Of $100000  -  1st  $54800 | 2nd  $18600| 3rd  $8800| 4th  $3900| 5th  $2900,,Handicap,Jockey Celebration Day Stakes (Bm84+),Apprentices Cannot Claim,Without Reg,8,Gelding,War Chant,Movie Queen,9,Holly Watson,3,Rhys Radford,55.5,0,0x96131660x0,59:10-1-8,35: 8-1-4,20: 4-0-4,10: 4-0-2,0:0-0-0,42:7-0-7,15:3-1-0,2:0-0-1,0:0-0-0,9:1-0-0,8:2-0-2,$443 338,7,BenchMark 78+,1200,H Watson,2.2,08/11/25,MCA Polytrack (Bm78+),1-Sky Duke,9,51,01:08.95,Ascot,Good 4,54,0:0-0-0,235181,1309911,948782,25313,16516,25313,16516,$80000,34.62sec 600m,$1440,AUS
01/08/2026 00:00:00,Belmont Park,7,01-Aug-2026 16:15,1400,3yo+,BenchMark 84+,54.5,Of $100000  -  1st  $54800 | 2nd  $18600| 3rd  $8800| 4th  $3900| 5th  $2900,,Handicap,Jockey Celebration Day Stakes (Bm84+),Apprentices Cannot Claim,Without Reg,8,Gelding,War Chant,Movie Queen,9,Holly Watson,3,Rhys Radford,55.5,0,0x96131660x0,59:10-1-8,35: 8-1-4,20: 4-0-4,10: 4-0-2,0:0-0-0,42:7-0-7,15:3-1-0,2:0-0-1,0:0-0-0,9:1-0-0,8:2-0-2,$443 338,11,BenchMark 72+,1400,H Watson,7.1,28/06/25,Beaufine Stakes @ Pinjarra Park 5th July (Bm72+),1-Drakaina,14,26,01:24.45,Pinjarra,Good 4,60,0:0-0-0,231375,1280992,948782,25313,16516,25313,16516,$80000,00.00sec 0m,$0,AUS
01/08/2026 00:00:00,Belmont Park,7,01-Aug-2026 16:15,1400,3yo+,BenchMark 84+,54.5,Of $100000  -  1st  $54800 | 2nd  $18600| 3rd  $8800| 4th  $3900| 5th  $2900,,Handicap,Jockey Celebration Day Stakes (Bm84+),Apprentices Cannot Claim,Outspoken Lad,8,Gelding,Awesome Rock,Out Spoken Lady,10,Zephen Johnston-Porter,7,D & B Pearce,55,0,215x5816611x,43:9-5-6,6: 0-1-1,15: 2-2-4,2: 0-0-0,0:0-0-0,29:7-4-2,12:2-1-4,2:0-0-0,0:0-0-0,7:1-1-0,7:1-0-2,$481 989,8,BenchMark 84+,1800,B Parnham,0.4,25/04/26,Diggers Cup (Bm84+),2-River Rubicon,1,12,01:50.80,Ascot,Good 4,57.5,0:0-0-0,239022,1338494,944296,27091,17062,27091,13271,$100000,35.69sec 600m,$54800,AUS
01/08/2026 00:00:00,Belmont Park,7,01-Aug-2026 16:15,1400,3yo+,BenchMark 84+,54.5,Of $100000  -  1st  $54800 | 2nd  $18600| 3rd  $8800| 4th  $3900| 5th  $2900,,Handicap,Jockey Celebration Day Stakes (Bm84+),Apprentices Cannot Claim,Outspoken Lad,8,Gelding,Awesome Rock,Out Spoken Lady,10,Zephen Johnston-Porter,7,D & B Pearce,55,0,215x5816611x,43:9-5-6,6: 0-1-1,15: 2-2-4,2: 0-0-0,0:0-0-0,29:7-4-2,12:2-1-4,2:0-0-0,0:0-0-0,7:1-1-0,7:1-0-2,$481 989,2,BenchMark 72+,1900,Ms K Yuill,2.2,11/04/26,Swan Draught Narrogin Cup (Bm72+),2-Decoration,1,3.4,01:56.23,Narrogin,Good 3,59.5,0:0-0-0,238663,1335858,944296,27091,17062,27091,14215,$70000,00.00sec 0m,$38360,AUS
01/08/2026 00:00:00,Belmont Park,7,01-Aug-2026 16:15,1400,3yo+,BenchMark 84+,54.5,Of $100000  -  1st  $54800 | 2nd  $18600| 3rd  $8800| 4th  $3900| 5th  $2900,,Handicap,Jockey Celebration Day Stakes (Bm84+),Apprentices Cannot Claim,Outspoken Lad,8,Gelding,Awesome Rock,Out Spoken Lady,10,Zephen Johnston-Porter,7,D & B Pearce,55,0,215x5816611x,43:9-5-6,6: 0-1-1,15: 2-2-4,2: 0-0-0,0:0-0-0,29:7-4-2,12:2-1-4,2:0-0-0,0:0-0-0,7:1-1-0,7:1-0-2,$481 989,11,BenchMark 72+,2100,N Faithfull,3.2,05/04/26,Wellington & Reeves Albany Community Cup (Bm72+),1-True Player,6,14,02:18.77,Albany,Soft 5,57,0:0-0-0,238510,1334881,944296,27091,17062,27091,14702,$125000,40.06sec 600m,$2250,AUS
01/08/2026 00:00:00,Belmont Park,7,01-Aug-2026 16:15,1400,3yo+,BenchMark 84+,54.5,Of $100000  -  1st  $54800 | 2nd  $18600| 3rd  $8800| 4th  $3900| 5th  $2900,,Handicap,Jockey Celebration Day Stakes (Bm84+),Apprentices Cannot Claim,Outspoken Lad,8,Gelding,Awesome Rock,Out Spoken Lady,10,Zephen Johnston-Porter,7,D & B Pearce,55,0,215x5816611x,43:9-5-6,6: 0-1-1,15: 2-2-4,2: 0-0-0,0:0-0-0,29:7-4-2,12:2-1-4,2:0-0-0,0:0-0-0,7:1-1-0,7:1-0-2,$481 989,7,BenchMark 72+,1800,N Faithfull,2.0,14/03/26,Drummond Golf (Bm72+),1-Royal Toronado,6,26,01:49.84,Ascot,Good 4,57.5,0:0-0-0,237965,1330734,944296,27091,17062,27091,14702,$80000,35.70sec 600m,$1440,AUS
01/08/2026 00:00:00,Belmont Park,7,01-Aug-2026 16:15,1400,3yo+,BenchMark 84+,54.5,Of $100000  -  1st  $54800 | 2nd  $18600| 3rd  $8800| 4th  $3900| 5th  $2900,,Handicap,Jockey Celebration Day Stakes (Bm84+),Apprentices Cannot Claim,Outspoken Lad,8,Gelding,Awesome Rock,Out Spoken Lady,10,Zephen Johnston-Porter,7,D & B Pearce,55,0,215x5816611x,43:9-5-6,6: 0-1-1,15: 2-2-4,2: 0-0-0,0:0-0-0,29:7-4-2,12:2-1-4,2:0-0-0,0:0-0-0,7:1-1-0,7:1-0-2,$481 989,14,BenchMark 72+,2010,N Faithfull,0.1,01/03/26,Freight Lines Group Esperance Cup (Bm72+),2-The Jester's Son,1,5,02:04.45,Esperance,Good 4,55,0:0-0-0,237669,1328465,944296,27091,17062,27091,14702,$100000,36.58sec 600m,$54800,AUS
01/08/2026 00:00:00,Belmont Park,7,01-Aug-2026 16:15,1400,3yo+,BenchMark 84+,54.5,Of $100000  -  1st  $54800 | 2nd  $18600| 3rd  $8800| 4th  $3900| 5th  $2900,,Handicap,Jockey Celebration Day Stakes (Bm84+),Apprentices Cannot Claim,Outspoken Lad,8,Gelding,Awesome Rock,Out Spoken Lady,10,Zephen Johnston-Porter,7,D & B Pearce,55,0,215x5816611x,43:9-5-6,6: 0-1-1,15: 2-2-4,2: 0-0-0,0:0-0-0,29:7-4-2,12:2-1-4,2:0-0-0,0:0-0-0,7:1-1-0,7:1-0-2,$481 989,1,BenchMark 66+,1600,C Parnham,3.9,21/02/26,Pearce Racing Yearling Parade Tomorrow (Bm66+),1-Asif,8,20,01:37.20,Ascot,Good 4,58.5,0:0-0-0,237486,1327025,944296,27091,17062,27091,15179,$80000,35.94sec 600m,$1440,AUS
01/08/2026 00:00:00,Belmont Park,7,01-Aug-2026 16:15,1400,3yo+,BenchMark 84+,54.5,Of $100000  -  1st  $54800 | 2nd  $18600| 3rd  $8800| 4th  $3900| 5th  $2900,,Handicap,Jockey Celebration Day Stakes (Bm84+),Apprentices Cannot Claim,Outspoken Lad,8,Gelding,Awesome Rock,Out Spoken Lady,10,Zephen Johnston-Porter,7,D & B Pearce,55,0,215x5816611x,43:9-5-6,6: 0-1-1,15: 2-2-4,2: 0-0-0,0:0-0-0,29:7-4-2,12:2-1-4,2:0-0-0,0:0-0-0,7:1-1-0,7:1-0-2,$481 989,10,BenchMark 66+,1400,C Johnston-Porter,2.2,07/02/26,Hamlin Bay Thoroughbreds (Bm66+),1-Platinum Shot,5,91,01:23.91,Ascot,Good 4,58.5,0:0-0-0,237166,1324590,944296,27091,17062,27091,15478,$80000,34.85sec 600m,$2320,AUS
01/08/2026 00:00:00,Belmont Park,7,01-Aug-2026 16:15,1400,3yo+,BenchMark 84+,54.5,Of $100000  -  1st  $54800 | 2nd  $18600| 3rd  $8800| 4th  $3900| 5th  $2900,,Handicap,Jockey Celebration Day Stakes (Bm84+),Apprentices Cannot Claim,Outspoken Lad,8,Gelding,Awesome Rock,Out Spoken Lady,10,Zephen Johnston-Porter,7,D & B Pearce,55,0,215x5816611x,43:9-5-6,6: 0-1-1,15: 2-2-4,2: 0-0-0,0:0-0-0,29:7-4-2,12:2-1-4,2:0-0-0,0:0-0-0,7:1-1-0,7:1-0-2,$481 989,6,BenchMark 66+,1600,C Parnham,8.7,04/10/25,Spud Shed Kalgoorlie (Bm66+),1-Dont Wait For Luck,5,15,01:37.06,Kalgoorlie,Good 4,60,0:0-0-0,234092,1302500,944296,27091,17062,27091,15179,$80000,34.52sec 600m,$2320,AUS
01/08/2026 00:00:00,Belmont Park,7,01-Aug-2026 16:15,1400,3yo+,BenchMark 84+,54.5,Of $100000  -  1st  $54800 | 2nd  $18600| 3rd  $8800| 4th  $3900| 5th  $2900,,Handicap,Jockey Celebration Day Stakes (Bm84+),Apprentices Cannot Claim,Outspoken Lad,8,Gelding,Awesome Rock,Out Spoken Lady,10,Zephen Johnston-Porter,7,D & B Pearce,55,0,215x5816611x,43:9-5-6,6: 0-1-1,15: 2-2-4,2: 0-0-0,0:0-0-0,29:7-4-2,12:2-1-4,2:0-0-0,0:0-0-0,7:1-1-0,7:1-0-2,$481 989,2,Open,2000,A Galati,0.2,13/09/25,TABtouch Carnarvon Cup,2-Lutz,1,6.5,02:02.86,Carnarvon,Good ,59.5,0:0-0-0,233531,1297993,944296,27091,17062,27091,16335,$60000,00.00sec 0m,$32880,AUS
01/08/2026 00:00:00,Belmont Park,7,01-Aug-2026 16:15,1400,3yo+,BenchMark 84+,54.5,Of $100000  -  1st  $54800 | 2nd  $18600| 3rd  $8800| 4th  $3900| 5th  $2900,,Handicap,Jockey Celebration Day Stakes (Bm84+),Apprentices Cannot Claim,Outspoken Lad,8,Gelding,Awesome Rock,Out Spoken Lady,10,Zephen Johnston-Porter,7,D & B Pearce,55,0,215x5816611x,43:9-5-6,6: 0-1-1,15: 2-2-4,2: 0-0-0,0:0-0-0,29:7-4-2,12:2-1-4,2:0-0-0,0:0-0-0,7:1-1-0,7:1-0-2,$481 989,3,Class 5,2000,C Parnham,0.9,21/08/25,Join The Club ? Become A Member Hcp (C5),1-Arnray,2,4.2,02:07.50,Bunbury Fibre Sand,Good ,60,0:0-0-0,232889,1292935,944296,27091,17062,27091,15179,$30000,00.00sec 0m,$5580,AUS
01/08/2026 00:00:00,Belmont Park,7,01-Aug-2026 16:15,1400,3yo+,BenchMark 84+,54.5,Of $100000  -  1st  $54800 | 2nd  $18600| 3rd  $8800| 4th  $3900| 5th  $2900,,Handicap,Jockey Celebration Day Stakes (Bm84+),Apprentices Cannot Claim,Currimundi,8,Gelding,Playing God,Pins Perhaps,11,S Mc Gruddy,6,S J Wolfe,54.5,0,308000x0664,55:11-3-7,13: 2-0-3,14: 3-0-0,5: 1-0-0,0:0-0-0,42:7-3-7,9:2-0-0,4:2-0-0,0:0-0-0,7:0-0-2,7:3-0-1,$789 984,10,BenchMark 72+,1650,S Mc Gruddy,3.9,18/07/26,North Beach Football Club 06 Premiership (Bm72+),1-Auto Cruise,4,61,01:42.86,Belmont Park,Soft 7,60.5,0:0-0-0,241452,1356901,940556,1682,4651,1682,4651,$80000,36.16sec 600m,$3120,AUS
01/08/2026 00:00:00,Belmont Park,7,01-Aug-2026 16:15,1400,3yo+,BenchMark 84+,54.5,Of $100000  -  1st  $54800 | 2nd  $18600| 3rd  $8800| 4th  $3900| 5th  $2900,,Handicap,Jockey Celebration Day Stakes (Bm84+),Apprentices Cannot Claim,Currimundi,8,Gelding,Playing God,Pins Perhaps,11,S Mc Gruddy,6,S J Wolfe,54.5,0,308000x0664,55:11-3-7,13: 2-0-3,14: 3-0-0,5: 1-0-0,0:0-0-0,42:7-3-7,9:2-0-0,4:2-0-0,0:0-0-0,7:0-0-2,7:3-0-1,$789 984,11,BenchMark 72+,1600,J Turner,5.3,27/06/26,Bisley Workwear (Bm72+),1-Correct Choice,6,61,01:40.43,Belmont Park,Heavy 8,61.5,0:0-0-0,240853,1352212,940556,1682,4651,1682,15458,$80000,36.92sec 600m,$1440,AUS
01/08/2026 00:00:00,Belmont Park,7,01-Aug-2026 16:15,1400,3yo+,BenchMark 84+,54.5,Of $100000  -  1st  $54800 | 2nd  $18600| 3rd  $8800| 4th  $3900| 5th  $2900,,Handicap,Jockey Celebration Day Stakes (Bm84+),Apprentices Cannot Claim,Currimundi,8,Gelding,Playing God,Pins Perhaps,11,S Mc Gruddy,6,S J Wolfe,54.5,0,308000x0664,55:11-3-7,13: 2-0-3,14: 3-0-0,5: 1-0-0,0:0-0-0,42:7-3-7,9:2-0-0,4:2-0-0,0:0-0-0,7:0-0-2,7:3-0-1,$789 984,2,BenchMark 72+,1400,S Mc Gruddy,5.0,20/06/26,Happy 70th Birthday Fred White (Bm72+),1-Awesome Boy,6,101,01:24.10,Belmont Park,Good 4,62.5,0:0-0-0,240643,1350612,940556,1682,4651,1682,4651,$80000,35.66sec 600m,$1440,AUS
01/08/2026 00:00:00,Belmont Park,7,01-Aug-2026 16:15,1400,3yo+,BenchMark 84+,54.5,Of $100000  -  1st  $54800 | 2nd  $18600| 3rd  $8800| 4th  $3900| 5th  $2900,,Handicap,Jockey Celebration Day Stakes (Bm84+),Apprentices Cannot Claim,Currimundi,8,Gelding,Playing God,Pins Perhaps,11,S Mc Gruddy,6,S J Wolfe,54.5,0,308000x0664,55:11-3-7,13: 2-0-3,14: 3-0-0,5: 1-0-0,0:0-0-0,42:7-3-7,9:2-0-0,4:2-0-0,0:0-0-0,7:0-0-2,7:3-0-1,$789 984,11,BenchMark 78+,1400,S Mc Gruddy,6.5,30/05/26,Solutions Matchmaking (Bm78+),1-Russian To The Bar,14,151,01:24.28,Belmont Park,Soft 6,59.5,0:0-0-0,240026,1345866,940556,1682,4651,1682,4651,$80000,34.72sec 600m,$0,AUS
01/08/2026 00:00:00,Belmont Park,7,01-Aug-2026 16:15,1400,3yo+,BenchMark 84+,54.5,Of $100000  -  1st  $54800 | 2nd  $18600| 3rd  $8800| 4th  $3900| 5th  $2900,,Handicap,Jockey Celebration Day Stakes (Bm84+),Apprentices Cannot Claim,Currimundi,8,Gelding,Playing God,Pins Perhaps,11,S Mc Gruddy,6,S J Wolfe,54.5,0,308000x0664,55:11-3-7,13: 2-0-3,14: 3-0-0,5: 1-0-0,0:0-0-0,42:7-3-7,9:2-0-0,4:2-0-0,0:0-0-0,7:0-0-2,7:3-0-1,$789 984,2,Group 2,2100,S Mc Gruddy,10.3,20/12/25,Ted Van Heemst Stakes,1-Apulia,11,151,02:08.93,Ascot,Good 4,59,0:0-0-0,236215,1317536,940556,1682,4651,1682,4651,$300000,35.51sec 600m,$0,AUS
01/08/2026 00:00:00,Belmont Park,7,01-Aug-2026 16:15,1400,3yo+,BenchMark 84+,54.5,Of $100000  -  1st  $54800 | 2nd  $18600| 3rd  $8800| 4th  $3900| 5th  $2900,,Handicap,Jockey Celebration Day Stakes (Bm84+),Apprentices Cannot Claim,Currimundi,8,Gelding,Playing God,Pins Perhaps,11,S Mc Gruddy,6,S J Wolfe,54.5,0,308000x0664,55:11-3-7,13: 2-0-3,14: 3-0-0,5: 1-0-0,0:0-0-0,42:7-3-7,9:2-0-0,4:2-0-0,0:0-0-0,7:0-0-2,7:3-0-1,$789 984,14,Listed,2200,S Mc Gruddy,7.6,06/12/25,G.A. Towton Cup,1-Buckets Ridge,14,101,02:17.62,Ascot,Good 4,55.5,0:0-0-0,235813,1314943,940556,1682,4651,1682,4651,$125000,35.43sec 600m,$0,AUS
01/08/2026 00:00:00,Belmont Park,7,01-Aug-2026 16:15,1400,3yo+,BenchMark 84+,54.5,Of $100000  -  1st  $54800 | 2nd  $18600| 3rd  $8800| 4th  $3900| 5th  $2900,,Handicap,Jockey Celebration Day Stakes (Bm84+),Apprentices Cannot Claim,Currimundi,8,Gelding,Playing God,Pins Perhaps,11,S Mc Gruddy,6,S J Wolfe,54.5,0,308000x0664,55:11-3-7,13: 2-0-3,14: 3-0-0,5: 1-0-0,0:0-0-0,42:7-3-7,9:2-0-0,4:2-0-0,0:0-0-0,7:0-0-2,7:3-0-1,$789 984,4,Listed,2100,S Mc Gruddy,3.7,22/11/25,Glenroy Chaff - A.J. Scahill Cup,1-Simply,10,51,02:10.61,Ascot,Good 4,56,0:0-0-0,235506,1312522,940556,1682,4651,1682,4651,$125000,36.46sec 600m,$2250,AUS
01/08/2026 00:00:00,Belmont Park,7,01-Aug-2026 16:15,1400,3yo+,BenchMark 84+,54.5,Of $100000  -  1st  $54800 | 2nd  $18600| 3rd  $8800| 4th  $3900| 5th  $2900,,Handicap,Jockey Celebration Day Stakes (Bm84+),Apprentices Cannot Claim,Currimundi,8,Gelding,Playing God,Pins Perhaps,11,S Mc Gruddy,6,S J Wolfe,54.5,0,308000x0664,55:11-3-7,13: 2-0-3,14: 3-0-0,5: 1-0-0,0:0-0-0,42:7-3-7,9:2-0-0,4:2-0-0,0:0-0-0,7:0-0-2,7:3-0-1,$789 984,2,Listed,1800,S Mc Gruddy,4.5,08/11/25,Luckygray Stakes,1-Captain Pluto,8,31,01:50.01,Ascot,Good 4,57,0:0-0-0,235181,1309914,940556,1682,4651,1682,4651,$125000,34.87sec 600m,$2250,AUS
01/08/2026 00:00:00,Belmont Park,7,01-Aug-2026 16:15,1400,3yo+,BenchMark 84+,54.5,Of $100000  -  1st  $54800 | 2nd  $18600| 3rd  $8800| 4th  $3900| 5th  $2900,,Handicap,Jockey Celebration Day Stakes (Bm84+),Apprentices Cannot Claim,Currimundi,8,Gelding,Playing God,Pins Perhaps,11,S Mc Gruddy,6,S J Wolfe,54.5,0,308000x0664,55:11-3-7,13: 2-0-3,14: 3-0-0,5: 1-0-0,0:0-0-0,42:7-3-7,9:2-0-0,4:2-0-0,0:0-0-0,7:0-0-2,7:3-0-1,$789 984,4,Listed,1600,S Mc Gruddy,4.9,26/10/25,Procon Developments Australia Northam Cup,1-Red Sun Sensation,10,26,01:34.89,Northam,Good 4,59,0:0-0-0,234738,1307171,940556,1682,4651,1682,4651,$150000,34.23sec 600m,$2700,AUS
01/08/2026 00:00:00,Belmont Park,7,01-Aug-2026 16:15,1400,3yo+,BenchMark 84+,54.5,Of $100000  -  1st  $54800 | 2nd  $18600| 3rd  $8800| 4th  $3900| 5th  $2900,,Handicap,Jockey Celebration Day Stakes (Bm84+),Apprentices Cannot Claim,Currimundi,8,Gelding,Playing God,Pins Perhaps,11,S Mc Gruddy,6,S J Wolfe,54.5,0,308000x0664,55:11-3-7,13: 2-0-3,14: 3-0-0,5: 1-0-0,0:0-0-0,42:7-3-7,9:2-0-0,4:2-0-0,0:0-0-0,7:0-0-2,7:3-0-1,$789 984,3,Listed,2300,S Mc Gruddy,4.4,04/10/25,Swan Draught-Kalgoorlie Cup,1-Sentimental Hero,3,12,02:23.82,Kalgoorlie,Good 4,57,0:0-0-0,234092,1302503,940556,1682,4651,1682,4651,$150000,35.16sec 600m,$13200,AUS
01/08/2026 00:00:00,Belmont Park,7,01-Aug-2026 16:15,1400,3yo+,BenchMark 84+,54.5,Of $100000  -  1st  $54800 | 2nd  $18600| 3rd  $8800| 4th  $3900| 5th  $2900,,Handicap,Jockey Celebration Day Stakes (Bm84+),Apprentices Cannot Claim,Too Dardy,7,Gelding,Demerit,Rolexia,12,S O'Donnell,1,Ms J Erkelens,54.5,0,5x8x4510x4303,21:4-4-4,3: 0-1-0,16: 3-4-4,3: 0-1-0,0:0-0-0,9:2-1-1,10:2-2-3,2:0-1-0,0:0-0-0,6:1-2-0,5:2-1-1,$226 608,9,BenchMark 72+,1200,S O'Donnell,2.1,18/07/26,Budget Car And Truck Rental (Bm72+),1-Urquharts Bluff,3,31,01:12.54,Belmont Park,Soft 7,57,0:0-0-0,241452,1356904,968249,24382,4615,24382,4615,$80000,35.30sec 600m,$7040,AUS
01/08/2026 00:00:00,Belmont Park,7,01-Aug-2026 16:15,1400,3yo+,BenchMark 84+,54.5,Of $100000  -  1st  $54800 | 2nd  $18600| 3rd  $8800| 4th  $3900| 5th  $2900,,Handicap,Jockey Celebration Day Stakes (Bm84+),Apprentices Cannot Claim,Too Dardy,7,Gelding,Demerit,Rolexia,12,S O'Donnell,1,Ms J Erkelens,54.5,0,5x8x4510x4303,21:4-4-4,3: 0-1-0,16: 3-4-4,3: 0-1-0,0:0-0-0,9:2-1-1,10:2-2-3,2:0-1-0,0:0-0-0,6:1-2-0,5:2-1-1,$226 608,8,BenchMark 72+,1200,S O'Donnell,10.9,27/06/26,Mrs Mac's (Bm72+),1-Charino,10,9,01:12.52,Belmont Park,Heavy 8,58,0:0-0-0,240853,1352207,968249,24382,4615,24382,4615,$80000,35.47sec 600m,$1440,AUS
01/08/2026 00:00:00,Belmont Park,7,01-Aug-2026 16:15,1400,3yo+,BenchMark 84+,54.5,Of $100000  -  1st  $54800 | 2nd  $18600| 3rd  $8800| 4th  $3900| 5th  $2900,,Handicap,Jockey Celebration Day Stakes (Bm84+),Apprentices Cannot Claim,Too Dardy,7,Gelding,Demerit,Rolexia,12,S O'Donnell,1,Ms J Erkelens,54.5,0,5x8x4510x4303,21:4-4-4,3: 0-1-0,16: 3-4-4,3: 0-1-0,0:0-0-0,9:2-1-1,10:2-2-3,2:0-1-0,0:0-0-0,6:1-2-0,5:2-1-1,$226 608,2,BenchMark 72+,1000,S O'Donnell,1.3,20/06/26,WA Racehorse Owners' Association (Bm72+),1-Baby Pearl,3,9,00:58.23,Belmont Park,Good 4,58,0:0-0-0,240643,1350609,968249,24382,4615,24382,4615,$80000,33.71sec 600m,$7040,AUS
01/08/2026 00:00:00,Belmont Park,7,01-Aug-2026 16:15,1400,3yo+,BenchMark 84+,54.5,Of $100000  -  1st  $54800 | 2nd  $18600| 3rd  $8800| 4th  $3900| 5th  $2900,,Handicap,Jockey Celebration Day Stakes (Bm84+),Apprentices Cannot Claim,Too Dardy,7,Gelding,Demerit,Rolexia,12,S O'Donnell,1,Ms J Erkelens,54.5,0,5x8x4510x4303,21:4-4-4,3: 0-1-0,16: 3-4-4,3: 0-1-0,0:0-0-0,9:2-1-1,10:2-2-3,2:0-1-0,0:0-0-0,6:1-2-0,5:2-1-1,$226 608,2,BenchMark 72+,1000,S O'Donnell,1.3,30/05/26,Vale Lois Taylor (Bm72+),1-The Calabrese,4,8.5,00:57.86,Belmont Park,Soft 6,58,0:0-0-0,240026,1345861,968249,24382,4615,24382,4615,$80000,33.74sec 600m,$3120,AUS
01/08/2026 00:00:00,Belmont Park,7,01-Aug-2026 16:15,1400,3yo+,BenchMark 84+,54.5,Of $100000  -  1st  $54800 | 2nd  $18600| 3rd  $8800| 4th  $3900| 5th  $2900,,Handicap,Jockey Celebration Day Stakes (Bm84+),Apprentices Cannot Claim,Too Dardy,7,Gelding,Demerit,Rolexia,12,S O'Donnell,1,Ms J Erkelens,54.5,0,5x8x4510x4303,21:4-4-4,3: 0-1-0,16: 3-4-4,3: 0-1-0,0:0-0-0,9:2-1-1,10:2-2-3,2:0-1-0,0:0-0-0,6:1-2-0,5:2-1-1,$226 608,12,BenchMark 78+,1200,B Louis,4.0,08/11/25,MCA Polytrack (Bm78+),1-Sky Duke,12,26,01:08.95,Ascot,Good 4,55,0:0-0-0,235181,1309911,968249,24382,4615,24382,16166,$80000,34.62sec 600m,$0,AUS
01/08/2026 00:00:00,Belmont Park,7,01-Aug-2026 16:15,1400,3yo+,BenchMark 84+,54.5,Of $100000  -  1st  $54800 | 2nd  $18600| 3rd  $8800| 4th  $3900| 5th  $2900,,Handicap,Jockey Celebration Day Stakes (Bm84+),Apprentices Cannot Claim,Too Dardy,7,Gelding,Demerit,Rolexia,12,S O'Donnell,1,Ms J Erkelens,54.5,0,5x8x4510x4303,21:4-4-4,3: 0-1-0,16: 3-4-4,3: 0-1-0,0:0-0-0,9:2-1-1,10:2-2-3,2:0-1-0,0:0-0-0,6:1-2-0,5:2-1-1,$226 608,1,BenchMark 78+,1000,B Louis,0.0,25/10/25,Bisley Workwear (Bm78+),2-Kay Tee Why,1,12,00:58.38,Ascot,Soft 5,54,0:0-0-0,234704,1306930,968249,24382,4615,24382,16166,$80000,33.44sec 600m,$43840,AUS
01/08/2026 00:00:00,Belmont Park,7,01-Aug-2026 16:15,1400,3yo+,BenchMark 84+,54.5,Of $100000  -  1st  $54800 | 2nd  $18600| 3rd  $8800| 4th  $3900| 5th  $2900,,Handicap,Jockey Celebration Day Stakes (Bm84+),Apprentices Cannot Claim,Too Dardy,7,Gelding,Demerit,Rolexia,12,S O'Donnell,1,Ms J Erkelens,54.5,0,5x8x4510x4303,21:4-4-4,3: 0-1-0,16: 3-4-4,3: 0-1-0,0:0-0-0,9:2-1-1,10:2-2-3,2:0-1-0,0:0-0-0,6:1-2-0,5:2-1-1,$226 608,10,BenchMark 72+,1000,B Louis,1.7,11/10/25,Mrs Mac's (Bm72+),1-Kay Tee Why,5,14,00:58.24,Ascot,Good 4,55,0:0-0-0,234290,1303988,968249,24382,4615,24382,16166,$80000,33.80sec 600m,$2320,AUS
01/08/2026 00:00:00,Belmont Park,7,01-Aug-2026 16:15,1400,3yo+,BenchMark 84+,54.5,Of $100000  -  1st  $54800 | 2nd  $18600| 3rd  $8800| 4th  $3900| 5th  $2900,,Handicap,Jockey Celebration Day Stakes (Bm84+),Apprentices Cannot Claim,Too Dardy,7,Gelding,Demerit,Rolexia,12,S O'Donnell,1,Ms J Erkelens,54.5,0,5x8x4510x4303,21:4-4-4,3: 0-1-0,16: 3-4-4,3: 0-1-0,0:0-0-0,9:2-1-1,10:2-2-3,2:0-1-0,0:0-0-0,6:1-2-0,5:2-1-1,$226 608,1,BenchMark 72+,1200,B Louis,2.1,27/09/25,Ascot Opening Day 11th Of October (Bm72+),1-Sonoftheboss,4,4.6,01:12.37,Belmont Park,Good 4,55.5,0:0-0-0,233911,1301054,968249,24382,4615,24382,16166,$80000,34.00sec 600m,$3120,AUS
01/08/2026 00:00:00,Belmont Park,7,01-Aug-2026 16:15,1400,3yo+,BenchMark 84+,54.5,Of $100000  -  1st  $54800 | 2nd  $18600| 3rd  $8800| 4th  $3900| 5th  $2900,,Handicap,Jockey Celebration Day Stakes (Bm84+),Apprentices Cannot Claim,Too Dardy,7,Gelding,Demerit,Rolexia,12,S O'Donnell,1,Ms J Erkelens,54.5,0,5x8x4510x4303,21:4-4-4,3: 0-1-0,16: 3-4-4,3: 0-1-0,0:0-0-0,9:2-1-1,10:2-2-3,2:0-1-0,0:0-0-0,6:1-2-0,5:2-1-1,$226 608,4,BenchMark 66+,1000,S O'Donnell,5.0,15/03/25,MCA Polytrack (Bm66+),1-Keep Ita Mystery,8,2.05,00:58.17,Ascot,Good 4,58,0:0-0-0,228091,1258854,968249,24382,4615,24382,4615,$80000,34.13sec 600m,$1440,AUS
01/08/2026 00:00:00,Belmont Park,7,01-Aug-2026 16:15,1400,3yo+,BenchMark 84+,54.5,Of $100000  -  1st  $54800 | 2nd  $18600| 3rd  $8800| 4th  $3900| 5th  $2900,,Handicap,Jockey Celebration Day Stakes (Bm84+),Apprentices Cannot Claim,Too Dardy,7,Gelding,Demerit,Rolexia,12,S O'Donnell,1,Ms J Erkelens,54.5,0,5x8x4510x4303,21:4-4-4,3: 0-1-0,16: 3-4-4,3: 0-1-0,0:0-0-0,9:2-1-1,10:2-2-3,2:0-1-0,0:0-0-0,6:1-2-0,5:2-1-1,$226 608,4,BenchMark 72+,1400,S O'Donnell,5.1,17/08/24,Schweppes (Bm72+),1-Savage One,5,3.9,01:28.29,Belmont Park,Soft 7,55.5,0:0-0-0,222453,1218213,968249,24382,4615,24382,4615,$80000,36.91sec 600m,$2320,AUS
meeting date,track,race number,start time,distance,age restrictions,class restrictions,weight restrictions,race prizemoney,sex restrictions,weight type,race name,jockeys can claim,horse name,horse age,horse sex,horse sire,horse dam,horse number,horse jockey,horse barrier,horse trainer,horse weight,horse claim,horse last10,horse record,horse record distance,horse record track,horse record track distance,horse record firm,horse record good,horse record soft,horse record heavy,horse record jumps,horse record first up,horse record second up,horse prize money,form barrier,form class,form distance,form jockey,form margin,form meeting date,form name,form other runners,form position,form price,form time,form track,form track condition,form weight,horse record synthetic,meeting id, race id, horse id, horse trainer id, horse jockey id, form trainer id, form jockey id,prizemoney,sectional,prizemoney won,country
01/08/2026 00:00:00,Belmont Park,8,01-Aug-2026 16:55,1600,3yo+,Rest 1 Metro Win,55,Of $60000  -  1st  $32880 | 2nd  $11160| 3rd  $5280| 4th  $2340| 5th  $1740,,Handicap,Happy Horses Birthday (Rs1mw),Apprentices Can Claim,Mr Talentino,6,Gelding,Maschino,Talent School,1,Chloe Azzopardi,10,Campbell McCallum,60,0,75165x2170x0,30:5-1-4,4: 1-0-1,12: 2-0-1,1: 0-0-0,0:0-0-0,19:2-1-2,8:2-0-1,3:1-0-1,0:0-0-0,6:0-1-2,4:1-0-0,$178 133,14,Rest 1 Metro Win,1400,C Azzopardi,8.5,11/07/26,Lawn Pride Australia (Rs1mw),1-Diamonds'n'rubies,13,101,01:25.70,Belmont Park,Good 4,58.5,0:0-0-0,241265,1355407,994949,27333,15184,27333,15184,$60000,35.65sec 600m,$0,AUS
01/08/2026 00:00:00,Belmont Park,8,01-Aug-2026 16:55,1600,3yo+,Rest 1 Metro Win,55,Of $60000  -  1st  $32880 | 2nd  $11160| 3rd  $5280| 4th  $2340| 5th  $1740,,Handicap,Happy Horses Birthday (Rs1mw),Apprentices Can Claim,Mr Talentino,6,Gelding,Maschino,Talent School,1,Chloe Azzopardi,10,Campbell McCallum,60,0,75165x2170x0,30:5-1-4,4: 1-0-1,12: 2-0-1,1: 0-0-0,0:0-0-0,19:2-1-2,8:2-0-1,3:1-0-1,0:0-0-0,6:0-1-2,4:1-0-0,$178 133,7,BenchMark 72+,2010,C Azzopardi,8.5,01/03/26,Freight Lines Group Esperance Cup (Bm72+),1-Outspoken Lad,12,16,02:04.45,Esperance,Good 4,54,0:0-0-0,237669,1328465,994949,27333,15184,27333,15184,$100000,36.58sec 600m,$0,AUS
01/08/2026 00:00:00,Belmont Park,8,01-Aug-2026 16:55,1600,3yo+,Rest 1 Metro Win,55,Of $60000  -  1st  $32880 | 2nd  $11160| 3rd  $5280| 4th  $2340| 5th  $1740,,Handicap,Happy Horses Birthday (Rs1mw),Apprentices Can Claim,Mr Talentino,6,Gelding,Maschino,Talent School,1,Chloe Azzopardi,10,Campbell McCallum,60,0,75165x2170x0,30:5-1-4,4: 1-0-1,12: 2-0-1,1: 0-0-0,0:0-0-0,19:2-1-2,8:2-0-1,3:1-0-1,0:0-0-0,6:0-1-2,4:1-0-0,$178 133,3,BenchMark 70+,1990,C Azzopardi,7.8,13/02/26,TABtouch Road To The Cup (Bm70+),1-Heavenbent,7,2.6,02:04.45,Esperance,Good 4,55.5,0:0-0-0,237284,1325492,994949,27333,15184,27333,15184,$30000,36.74sec 600m,$540,AUS
01/08/2026 00:00:00,Belmont Park,8,01-Aug-2026 16:55,1600,3yo+,Rest 1 Metro Win,55,Of $60000  -  1st  $32880 | 2nd  $11160| 3rd  $5280| 4th  $2340| 5th  $1740,,Handicap,Happy Horses Birthday (Rs1mw),Apprentices Can Claim,Mr Talentino,6,Gelding,Maschino,Talent School,1,Chloe Azzopardi,10,Campbell McCallum,60,0,75165x2170x0,30:5-1-4,4: 1-0-1,12: 2-0-1,1: 0-0-0,0:0-0-0,19:2-1-2,8:2-0-1,3:1-0-1,0:0-0-0,6:0-1-2,4:1-0-0,$178 133,2,BenchMark 70+,1600,C Azzopardi,0.8,31/01/26,Truck Centre WA (Bm70+),2-Wild Imagination,1,7,01:36.03,Esperance,Good 4,54,0:0-0-0,237036,1323693,994949,27333,15184,27333,15184,$22000,37.03sec 600m,$12056,AUS
01/08/2026 00:00:00,Belmont Park,8,01-Aug-2026 16:55,1600,3yo+,Rest 1 Metro Win,55,Of $60000  -  1st  $32880 | 2nd  $11160| 3rd  $5280| 4th  $2340| 5th  $1740,,Handicap,Happy Horses Birthday (Rs1mw),Apprentices Can Claim,Mr Talentino,6,Gelding,Maschino,Talent School,1,Chloe Azzopardi,10,Campbell McCallum,60,0,75165x2170x0,30:5-1-4,4: 1-0-1,12: 2-0-1,1: 0-0-0,0:0-0-0,19:2-1-2,8:2-0-1,3:1-0-1,0:0-0-0,6:0-1-2,4:1-0-0,$178 133,5,BenchMark 70+,1400,C Azzopardi,1.5,17/01/26,Spotty's Mechanical (Bm70+),1-Dothraki,2,12,01:23.96,Esperance,Good 4,54,0:0-0-0,236756,1321631,994949,27333,15184,27333,15184,$22000,36.02sec 600m,$4092,AUS
01/08/2026 00:00:00,Belmont Park,8,01-Aug-2026 16:55,1600,3yo+,Rest 1 Metro Win,55,Of $60000  -  1st  $32880 | 2nd  $11160| 3rd  $5280| 4th  $2340| 5th  $1740,,Handicap,Happy Horses Birthday (Rs1mw),Apprentices Can Claim,Mr Talentino,6,Gelding,Maschino,Talent School,1,Chloe Azzopardi,10,Campbell McCallum,60,0,75165x2170x0,30:5-1-4,4: 1-0-1,12: 2-0-1,1: 0-0-0,0:0-0-0,19:2-1-2,8:2-0-1,3:1-0-1,0:0-0-0,6:0-1-2,4:1-0-0,$178 133,6,BenchMark 66+,2100,S O'Donnell,4.0,30/08/25,Peters Investments (Bm66+),1-Amamus,5,6.5,02:16.47,Belmont Park,Soft 6,55,0:0-0-0,233133,1294869,994949,27333,15184,27333,4615,$80000,36.05sec 600m,$2320,AUS
01/08/2026 00:00:00,Belmont Park,8,01-Aug-2026 16:55,1600,3yo+,Rest 1 Metro Win,55,Of $60000  -  1st  $32880 | 2nd  $11160| 3rd  $5280| 4th  $2340| 5th  $1740,,Handicap,Happy Horses Birthday (Rs1mw),Apprentices Can Claim,Mr Talentino,6,Gelding,Maschino,Talent School,1,Chloe Azzopardi,10,Campbell McCallum,60,0,75165x2170x0,30:5-1-4,4: 1-0-1,12: 2-0-1,1: 0-0-0,0:0-0-0,19:2-1-2,8:2-0-1,3:1-0-1,0:0-0-0,6:0-1-2,4:1-0-0,$178 133,11,BenchMark 66+,2200,S O'Donnell,1.6,16/08/25,MCA Polytrack (Bm66+),1-Admired,6,6.5,02:21.86,Belmont Park,Soft 5,54.5,0:0-0-0,232756,1291856,994949,27333,15184,27333,4615,$80000,37.25sec 600m,$1440,AUS
01/08/2026 00:00:00,Belmont Park,8,01-Aug-2026 16:55,1600,3yo+,Rest 1 Metro Win,55,Of $60000  -  1st  $32880 | 2nd  $11160| 3rd  $5280| 4th  $2340| 5th  $1740,,Handicap,Happy Horses Birthday (Rs1mw),Apprentices Can Claim,Mr Talentino,6,Gelding,Maschino,Talent School,1,Chloe Azzopardi,10,Campbell McCallum,60,0,75165x2170x0,30:5-1-4,4: 1-0-1,12: 2-0-1,1: 0-0-0,0:0-0-0,19:2-1-2,8:2-0-1,3:1-0-1,0:0-0-0,6:0-1-2,4:1-0-0,$178 133,5,Rest 1 Metro Win,2000,S O'Donnell,0.3,09/08/25,Len Pike (Rs1mw),2-Alaskan,1,4.4,02:09.41,Pinjarra,Soft 6,55.5,0:0-0-0,232629,1290804,994949,27333,15184,27333,4615,$60000,38.93sec 600m,$32880,AUS
01/08/2026 00:00:00,Belmont Park,8,01-Aug-2026 16:55,1600,3yo+,Rest 1 Metro Win,55,Of $60000  -  1st  $32880 | 2nd  $11160| 3rd  $5280| 4th  $2340| 5th  $1740,,Handicap,Happy Horses Birthday (Rs1mw),Apprentices Can Claim,Mr Talentino,6,Gelding,Maschino,Talent School,1,Chloe Azzopardi,10,Campbell McCallum,60,0,75165x2170x0,30:5-1-4,4: 1-0-1,12: 2-0-1,1: 0-0-0,0:0-0-0,19:2-1-2,8:2-0-1,3:1-0-1,0:0-0-0,6:0-1-2,4:1-0-0,$178 133,2,Bench. 50+,2025,S O'Donnell,1.7,23/07/25,GWN7 (Bm50+),1-Just Leroy,5,3.7,02:11.45,Pinjarra,Soft 7,58.5,0:0-0-0,232142,1287017,994949,27333,15184,27333,4615,$30000,35.92sec 600m,$870,AUS
01/08/2026 00:00:00,Belmont Park,8,01-Aug-2026 16:55,1600,3yo+,Rest 1 Metro Win,55,Of $60000  -  1st  $32880 | 2nd  $11160| 3rd  $5280| 4th  $2340| 5th  $1740,,Handicap,Happy Horses Birthday (Rs1mw),Apprentices Can Claim,Mr Talentino,6,Gelding,Maschino,Talent School,1,Chloe Azzopardi,10,Campbell McCallum,60,0,75165x2170x0,30:5-1-4,4: 1-0-1,12: 2-0-1,1: 0-0-0,0:0-0-0,19:2-1-2,8:2-0-1,3:1-0-1,0:0-0-0,6:0-1-2,4:1-0-0,$178 133,11,Class 3,1675,H Watson,6.4,06/07/25,Wittens Irrigation & Design Hcp (C3),1-Odinaka,7,6.5,01:48.24,Bunbury,Heavy 9,57.5,0:0-0-0,231634,1282986,994949,27333,15184,27333,16516,$30000,00.00sec 0m,$540,AUS
01/08/2026 00:00:00,Belmont Park,8,01-Aug-2026 16:55,1600,3yo+,Rest 1 Metro Win,55,Of $60000  -  1st  $32880 | 2nd  $11160| 3rd  $5280| 4th  $2340| 5th  $1740,,Handicap,Happy Horses Birthday (Rs1mw),Apprentices Can Claim,Starwalker,6,Gelding,Sweynesse,Wonderful Mak,2,Chanel Cooper,12,Ms J Clements,58,2,56464535x70,25:3-1-6,5: 0-0-1,2: 0-0-0,0: 0-0-0,0:0-0-0,17:1-1-5,7:2-0-1,1:0-0-0,0:0-0-0,4:0-0-1,4:0-0-0,$94 920,10,BenchMark 66+,1400,S O'Donnell,4.4,18/07/26,Budget Mini Bus (Bm66+),1-Mt Shirataku,10,101,01:26.54,Belmont Park,Soft 7,54,0:0-0-0,241452,1356903,999397,16683,17382,16683,4615,$80000,35.90sec 600m,$1440,NZ
01/08/2026 00:00:00,Belmont Park,8,01-Aug-2026 16:55,1600,3yo+,Rest 1 Metro Win,55,Of $60000  -  1st  $32880 | 2nd  $11160| 3rd  $5280| 4th  $2340| 5th  $1740,,Handicap,Happy Horses Birthday (Rs1mw),Apprentices Can Claim,Starwalker,6,Gelding,Sweynesse,Wonderful Mak,2,Chanel Cooper,12,Ms J Clements,58,2,56464535x70,25:3-1-6,5: 0-0-1,2: 0-0-0,0: 0-0-0,0:0-0-0,17:1-1-5,7:2-0-1,1:0-0-0,0:0-0-0,4:0-0-1,4:0-0-0,$94 920,16,Rest 1 Metro Win,1300,S O'Donnell,2.7,04/07/26,Happy 60th Birthday Tim Helfer (Rs1mw),1-Conducive,7,201,01:18.92,Belmont Park,Soft 6,57,0:0-0-0,241063,1353816,999397,16683,17382,16683,4615,$60000,36.64sec 600m,$1080,NZ
01/08/2026 00:00:00,Belmont Park,8,01-Aug-2026 16:55,1600,3yo+,Rest 1 Metro Win,55,Of $60000  -  1st  $32880 | 2nd  $11160| 3rd  $5280| 4th  $2340| 5th  $1740,,Handicap,Happy Horses Birthday (Rs1mw),Apprentices Can Claim,Starwalker,6,Gelding,Sweynesse,Wonderful Mak,2,Chanel Cooper,12,Ms J Clements,58,2,56464535x70,25:3-1-6,5: 0-0-1,2: 0-0-0,0: 0-0-0,0:0-0-0,17:1-1-5,7:2-0-1,1:0-0-0,0:0-0-0,4:0-0-1,4:0-0-0,$94 920,6,BenchMark 66+,2200,S O'Donnell,2.5,07/02/26,VT Plumbing Group (Bm66+),1-Kimberley Rose,5,6,02:17.45,Ascot,Good 4,55.5,0:0-0-0,237166,1324589,999397,16683,17382,16683,4615,$80000,36.59sec 600m,$2320,NZ
01/08/2026 00:00:00,Belmont Park,8,01-Aug-2026 16:55,1600,3yo+,Rest 1 Metro Win,55,Of $60000  -  1st  $32880 | 2nd  $11160| 3rd  $5280| 4th  $2340| 5th  $1740,,Handicap,Happy Horses Birthday (Rs1mw),Apprentices Can Claim,Starwalker,6,Gelding,Sweynesse,Wonderful Mak,2,Chanel Cooper,12,Ms J Clements,58,2,56464535x70,25:3-1-6,5: 0-0-1,2: 0-0-0,0: 0-0-0,0:0-0-0,17:1-1-5,7:2-0-1,1:0-0-0,0:0-0-0,4:0-0-1,4:0-0-0,$94 920,11,BenchMark 66+,2200,S O'Donnell,1.9,24/01/26,Peters Investments (Bm66+),1-Amazing Cheat,3,6,02:19.16,Ascot,Good 4,54,0:0-0-0,236907,1322714,999397,16683,17382,16683,4615,$80000,35.90sec 600m,$7040,NZ
01/08/2026 00:00:00,Belmont Park,8,01-Aug-2026 16:55,1600,3yo+,Rest 1 Metro Win,55,Of $60000  -  1st  $32880 | 2nd  $11160| 3rd  $5280| 4th  $2340| 5th  $1740,,Handicap,Happy Horses Birthday (Rs1mw),Apprentices Can Claim,Starwalker,6,Gelding,Sweynesse,Wonderful Mak,2,Chanel Cooper,12,Ms J Clements,58,2,56464535x70,25:3-1-6,5: 0-0-1,2: 0-0-0,0: 0-0-0,0:0-0-0,17:1-1-5,7:2-0-1,1:0-0-0,0:0-0-0,4:0-0-1,4:0-0-0,$94 920,9,BenchMark 66+,2200,S O'Donnell,1.3,10/01/26,Happy 80th Sean Twomey (Bm66+),1-Amazing Cheat,5,7.5,02:18.82,Ascot,Good 4,54,0:0-0-0,236611,1320514,999397,16683,17382,16683,4615,$80000,36.16sec 600m,$2320,NZ
01/08/2026 00:00:00,Belmont Park,8,01-Aug-2026 16:55,1600,3yo+,Rest 1 Metro Win,55,Of $60000  -  1st  $32880 | 2nd  $11160| 3rd  $5280| 4th  $2340| 5th  $1740,,Handicap,Happy Horses Birthday (Rs1mw),Apprentices Can Claim,Starwalker,6,Gelding,Sweynesse,Wonderful Mak,2,Chanel Cooper,12,Ms J Clements,58,2,56464535x70,25:3-1-6,5: 0-0-1,2: 0-0-0,0: 0-0-0,0:0-0-0,17:1-1-5,7:2-0-1,1:0-0-0,0:0-0-0,4:0-0-1,4:0-0-0,$94 920,11,BenchMark 54+,2000,S O'Donnell,2.6,31/12/25,Integra Insurance Mandurah Cup Sat 3 Jan 2026 (Bm54+),1-Amazing Cheat,4,3.9,02:04.93,Pinjarra,Good 4,59.5,0:0-0-0,236421,1319128,999397,16683,17382,16683,4615,$30000,36.49sec 600m,$1170,NZ
01/08/2026 00:00:00,Belmont Park,8,01-Aug-2026 16:55,1600,3yo+,Rest 1 Metro Win,55,Of $60000  -  1st  $32880 | 2nd  $11160| 3rd  $5280| 4th  $2340| 5th  $1740,,Handicap,Happy Horses Birthday (Rs1mw),Apprentices Can Claim,Starwalker,6,Gelding,Sweynesse,Wonderful Mak,2,Chanel Cooper,12,Ms J Clements,58,2,56464535x70,25:3-1-6,5: 0-0-1,2: 0-0-0,0: 0-0-0,0:0-0-0,17:1-1-5,7:2-0-1,1:0-0-0,0:0-0-0,4:0-0-1,4:0-0-0,$94 920,6,BenchMark 66+,1800,S O'Donnell,4.5,13/12/25,Bisley Workwear (Bm66+),1-Hoba West,6,10,01:50.78,Ascot,Good 4,55.5,0:0-0-0,235977,1316110,999397,16683,17382,16683,4615,$80000,34.87sec 600m,$1440,NZ
01/08/2026 00:00:00,Belmont Park,8,01-Aug-2026 16:55,1600,3yo+,Rest 1 Metro Win,55,Of $60000  -  1st  $32880 | 2nd  $11160| 3rd  $5280| 4th  $2340| 5th  $1740,,Handicap,Happy Horses Birthday (Rs1mw),Apprentices Can Claim,Starwalker,6,Gelding,Sweynesse,Wonderful Mak,2,Chanel Cooper,12,Ms J Clements,58,2,56464535x70,25:3-1-6,5: 0-0-1,2: 0-0-0,0: 0-0-0,0:0-0-0,17:1-1-5,7:2-0-1,1:0-0-0,0:0-0-0,4:0-0-1,4:0-0-0,$94 920,1,Rest 1 Metro Win,1800,S O'Donnell,1.2,29/11/25,Bisley Workwear (Rs1mw),1-Mississippi Dawn,4,21,01:50.41,Ascot,Good 4,57,0:0-0-0,235666,1313770,999397,16683,17382,16683,4615,$60000,36.12sec 600m,$2340,NZ
01/08/2026 00:00:00,Belmont Park,8,01-Aug-2026 16:55,1600,3yo+,Rest 1 Metro Win,55,Of $60000  -  1st  $32880 | 2nd  $11160| 3rd  $5280| 4th  $2340| 5th  $1740,,Handicap,Happy Horses Birthday (Rs1mw),Apprentices Can Claim,Starwalker,6,Gelding,Sweynesse,Wonderful Mak,2,Chanel Cooper,12,Ms J Clements,58,2,56464535x70,25:3-1-6,5: 0-0-1,2: 0-0-0,0: 0-0-0,0:0-0-0,17:1-1-5,7:2-0-1,1:0-0-0,0:0-0-0,4:0-0-1,4:0-0-0,$94 920,11,Rest 1 Metro Win,1600,S O'Donnell,4.7,22/11/25,MCA Polytrack (Rs1mw),1-Westbound,6,21,01:36.59,Ascot,Good 4,58,0:0-0-0,235506,1312519,999397,16683,17382,16683,4615,$60000,36.07sec 600m,$1080,NZ
01/08/2026 00:00:00,Belmont Park,8,01-Aug-2026 16:55,1600,3yo+,Rest 1 Metro Win,55,Of $60000  -  1st  $32880 | 2nd  $11160| 3rd  $5280| 4th  $2340| 5th  $1740,,Handicap,Happy Horses Birthday (Rs1mw),Apprentices Can Claim,Starwalker,6,Gelding,Sweynesse,Wonderful Mak,2,Chanel Cooper,12,Ms J Clements,58,2,56464535x70,25:3-1-6,5: 0-0-1,2: 0-0-0,0: 0-0-0,0:0-0-0,17:1-1-5,7:2-0-1,1:0-0-0,0:0-0-0,4:0-0-1,4:0-0-0,$94 920,5,Rest 1 Metro Win,1600,S O'Donnell,2.1,08/11/25,Arthur Dobson 60th Birthday (Rs1mw),1-Hoba West,5,26,01:37.05,Ascot,Good 4,58.5,0:0-0-0,235181,1309907,999397,16683,17382,16683,4615,$60000,34.32sec 600m,$1740,NZ
01/08/2026 00:00:00,Belmont Park,8,01-Aug-2026 16:55,1600,3yo+,Rest 1 Metro Win,55,Of $60000  -  1st  $32880 | 2nd  $11160| 3rd  $5280| 4th  $2340| 5th  $1740,,Handicap,Happy Horses Birthday (Rs1mw),Apprentices Can Claim,Changing Guard,7,Gelding,Impending,Queen's Parade,3,Holly Nottle,1,D T McAuliffe,58,1.5,74904x10480,35:7-1-1,6: 0-0-0,20: 4-1-1,4: 0-0-0,0:0-0-0,27:3-1-1,6:2-0-0,2:2-0-0,0:0-0-0,7:2-0-0,5:1-0-0,$175 355,3,Rest 1 Metro Win,1650,Z Johnston-Porter,9.9,18/07/26,Peters Investments (Rs1mw),1-Western Miss,13,41,01:43.32,Belmont Park,Soft 7,56,0:0-0-0,241452,1356902,955766,23439,17687,23439,17062,$60000,36.05sec 600m,$0,AUS
01/08/2026 00:00:00,Belmont Park,8,01-Aug-2026 16:55,1600,3yo+,Rest 1 Metro Win,55,Of $60000  -  1st  $32880 | 2nd  $11160| 3rd  $5280| 4th  $2340| 5th  $1740,,Handicap,Happy Horses Birthday (Rs1mw),Apprentices Can Claim,Changing Guard,7,Gelding,Impending,Queen's Parade,3,Holly Nottle,1,D T McAuliffe,58,1.5,74904x10480,35:7-1-1,6: 0-0-0,20: 4-1-1,4: 0-0-0,0:0-0-0,27:3-1-1,6:2-0-0,2:2-0-0,0:0-0-0,7:2-0-0,5:1-0-0,$175 355,15,Rest 1 Metro Win,1400,Z Johnston-Porter,5.0,11/07/26,Lawn Pride Australia (Rs1mw),1-Diamonds'n'rubies,8,41,01:25.70,Belmont Park,Good 4,57.5,0:0-0-0,241265,1355407,955766,23439,17687,23439,17062,$60000,35.65sec 600m,$1080,AUS
01/08/2026 00:00:00,Belmont Park,8,01-Aug-2026 16:55,1600,3yo+,Rest 1 Metro Win,55,Of $60000  -  1st  $32880 | 2nd  $11160| 3rd  $5280| 4th  $2340| 5th  $1740,,Handicap,Happy Horses Birthday (Rs1mw),Apprentices Can Claim,Changing Guard,7,Gelding,Impending,Queen's Parade,3,Holly Nottle,1,D T McAuliffe,58,1.5,74904x10480,35:7-1-1,6: 0-0-0,20: 4-1-1,4: 0-0-0,0:0-0-0,27:3-1-1,6:2-0-0,2:2-0-0,0:0-0-0,7:2-0-0,5:1-0-0,$175 355,9,Rst 0 Met Win-LY,1400,Z Johnston-Porter,0.6,24/06/26,TABtouch Scan My Bet (Rs0ly),1-Moonwalk,4,15,01:24.20,Pinjarra Scarpside,Good 4,56,0:0-0-0,240791,1351754,955766,23439,17687,23439,17062,$35000,00.00sec 0m,$1365,AUS
01/08/2026 00:00:00,Belmont Park,8,01-Aug-2026 16:55,1600,3yo+,Rest 1 Metro Win,55,Of $60000  -  1st  $32880 | 2nd  $11160| 3rd  $5280| 4th  $2340| 5th  $1740,,Handicap,Happy Horses Birthday (Rs1mw),Apprentices Can Claim,Changing Guard,7,Gelding,Impending,Queen's Parade,3,Holly Nottle,1,D T McAuliffe,58,1.5,74904x10480,35:7-1-1,6: 0-0-0,20: 4-1-1,4: 0-0-0,0:0-0-0,27:3-1-1,6:2-0-0,2:2-0-0,0:0-0-0,7:2-0-0,5:1-0-0,$175 355,3,Rest 1 Metro Win,1400,C Johnston-Porter,4.5,23/05/26,Schweppes (Rs1mw),1-Snow God,10,26,01:23.44,Belmont Park,Good 4,58,0:0-0-0,239806,1344316,955766,23439,17687,23439,15478,$60000,34.96sec 600m,$1080,AUS
01/08/2026 00:00:00,Belmont Park,8,01-Aug-2026 16:55,1600,3yo+,Rest 1 Metro Win,55,Of $60000  -  1st  $32880 | 2nd  $11160| 3rd  $5280| 4th  $2340| 5th  $1740,,Handicap,Happy Horses Birthday (Rs1mw),Apprentices Can Claim,Changing Guard,7,Gelding,Impending,Queen's Parade,3,Holly Nottle,1,D T McAuliffe,58,1.5,74904x10480,35:7-1-1,6: 0-0-0,20: 4-1-1,4: 0-0-0,0:0-0-0,27:3-1-1,6:2-0-0,2:2-0-0,0:0-0-0,7:2-0-0,5:1-0-0,$175 355,2,Rst 0 Met Win-LY,1200,C Johnston-Porter,0.0,13/05/26,Murray Vet Services (Rs0ly),2-Vandoula Jet,1,21,01:11.28,Pinjarra,Good 4,58,0:0-0-0,239549,1342428,955766,23439,17687,23439,15478,$35000,35.33sec 600m,$19180,AUS
01/08/2026 00:00:00,Belmont Park,8,01-Aug-2026 16:55,1600,3yo+,Rest 1 Metro Win,55,Of $60000  -  1st  $32880 | 2nd  $11160| 3rd  $5280| 4th  $2340| 5th  $1740,,Handicap,Happy Horses Birthday (Rs1mw),Apprentices Can Claim,Changing Guard,7,Gelding,Impending,Queen's Parade,3,Holly Nottle,1,D T McAuliffe,58,1.5,74904x10480,35:7-1-1,6: 0-0-0,20: 4-1-1,4: 0-0-0,0:0-0-0,27:3-1-1,6:2-0-0,2:2-0-0,0:0-0-0,7:2-0-0,5:1-0-0,$175 355,5,BenchMark 70+,1500,Z Johnston-Porter,3.2,04/12/25,Little Creatures (Bm70+),1-Cold Shizzle,4,12,01:31.01,Albany,Good 4,56,0:0-0-0,235763,1314543,955766,23439,17687,23439,17062,$24000,35.78sec 600m,$936,AUS
01/08/2026 00:00:00,Belmont Park,8,01-Aug-2026 16:55,1600,3yo+,Rest 1 Metro Win,55,Of $60000  -  1st  $32880 | 2nd  $11160| 3rd  $5280| 4th  $2340| 5th  $1740,,Handicap,Happy Horses Birthday (Rs1mw),Apprentices Can Claim,Changing Guard,7,Gelding,Impending,Queen's Parade,3,Holly Nottle,1,D T McAuliffe,58,1.5,74904x10480,35:7-1-1,6: 0-0-0,20: 4-1-1,4: 0-0-0,0:0-0-0,27:3-1-1,6:2-0-0,2:2-0-0,0:0-0-0,7:2-0-0,5:1-0-0,$175 355,9,Rest 1 Metro Win,1800,Z Johnston-Porter,4.2,15/11/25,PKF Perth (Rs1mw),1-Summer's Legacy,13,31,01:53.12,Ascot,Good 4,55.5,0:0-0-0,235353,1311295,955766,23439,17687,23439,17062,$60000,35.74sec 600m,$0,AUS
01/08/2026 00:00:00,Belmont Park,8,01-Aug-2026 16:55,1600,3yo+,Rest 1 Metro Win,55,Of $60000  -  1st  $32880 | 2nd  $11160| 3rd  $5280| 4th  $2340| 5th  $1740,,Handicap,Happy Horses Birthday (Rs1mw),Apprentices Can Claim,Changing Guard,7,Gelding,Impending,Queen's Parade,3,Holly Nottle,1,D T McAuliffe,58,1.5,74904x10480,35:7-1-1,6: 0-0-0,20: 4-1-1,4: 0-0-0,0:0-0-0,27:3-1-1,6:2-0-0,2:2-0-0,0:0-0-0,7:2-0-0,5:1-0-0,$175 355,10,BenchMark 66+,1800,C Johnston-Porter,4.5,01/11/25,Quayclean (Bm66+),1-Odinaka,9,26,01:51.11,Ascot,Good 4,56,0:0-0-0,234913,1308378,955766,23439,17687,23439,15478,$80000,35.58sec 600m,$1440,AUS
01/08/2026 00:00:00,Belmont Park,8,01-Aug-2026 16:55,1600,3yo+,Rest 1 Metro Win,55,Of $60000  -  1st  $32880 | 2nd  $11160| 3rd  $5280| 4th  $2340| 5th  $1740,,Handicap,Happy Horses Birthday (Rs1mw),Apprentices Can Claim,Changing Guard,7,Gelding,Impending,Queen's Parade,3,Holly Nottle,1,D T McAuliffe,58,1.5,74904x10480,35:7-1-1,6: 0-0-0,20: 4-1-1,4: 0-0-0,0:0-0-0,27:3-1-1,6:2-0-0,2:2-0-0,0:0-0-0,7:2-0-0,5:1-0-0,$175 355,2,Rest 1 Metro Win,1600,C Johnston-Porter,0.8,18/10/25,Conquer Cystic Fibrosis (Rs1mw),1-Wembanyama,4,21,01:38.38,Ascot,Good 4,59.5,0:0-0-0,234518,1305486,955766,23439,17687,23439,15478,$60000,35.02sec 600m,$2340,AUS
01/08/2026 00:00:00,Belmont Park,8,01-Aug-2026 16:55,1600,3yo+,Rest 1 Metro Win,55,Of $60000  -  1st  $32880 | 2nd  $11160| 3rd  $5280| 4th  $2340| 5th  $1740,,Handicap,Happy Horses Birthday (Rs1mw),Apprentices Can Claim,Changing Guard,7,Gelding,Impending,Queen's Parade,3,Holly Nottle,1,D T McAuliffe,58,1.5,74904x10480,35:7-1-1,6: 0-0-0,20: 4-1-1,4: 0-0-0,0:0-0-0,27:3-1-1,6:2-0-0,2:2-0-0,0:0-0-0,7:2-0-0,5:1-0-0,$175 355,8,BenchMark 66+,1600,H Watson,11.9,04/10/25,Spud Shed Kalgoorlie (Bm66+),1-Dont Wait For Luck,7,21,01:37.06,Kalgoorlie,Good 4,58.5,0:0-0-0,234092,1302500,955766,23439,17687,23439,16516,$80000,34.52sec 600m,$1440,AUS
01/08/2026 00:00:00,Belmont Park,8,01-Aug-2026 16:55,1600,3yo+,Rest 1 Metro Win,55,Of $60000  -  1st  $32880 | 2nd  $11160| 3rd  $5280| 4th  $2340| 5th  $1740,,Handicap,Happy Horses Birthday (Rs1mw),Apprentices Can Claim,Statewide,4,Gelding,Tassort,Moore,4,S Parnham,9,N D Parnham,59.5,0,3x1800x00373,14:1-1-5,1: 0-0-0,5: 0-0-2,0: 0-0-0,0:0-0-0,11:1-1-3,2:0-0-1,1:0-0-1,0:0-0-0,4:1-0-2,3:0-1-0,$86 620,4,Rest 1 Metro Win,1650,S Parnham,3.4,18/07/26,Peters Investments (Rs1mw),1-Western Miss,3,41,01:43.32,Belmont Park,Soft 7,56,0:0-0-0,241452,1356902,1118939,10820,12664,10820,12664,$60000,36.05sec 600m,$5280,AUS
01/08/2026 00:00:00,Belmont Park,8,01-Aug-2026 16:55,1600,3yo+,Rest 1 Metro Win,55,Of $60000  -  1st  $32880 | 2nd  $11160| 3rd  $5280| 4th  $2340| 5th  $1740,,Handicap,Happy Horses Birthday (Rs1mw),Apprentices Can Claim,Statewide,4,Gelding,Tassort,Moore,4,S Parnham,9,N D Parnham,59.5,0,3x1800x00373,14:1-1-5,1: 0-0-0,5: 0-0-2,0: 0-0-0,0:0-0-0,11:1-1-3,2:0-0-1,1:0-0-1,0:0-0-0,4:1-0-2,3:0-1-0,$86 620,2,Rest 1 Metro Win,1400,S Parnham,4.9,11/07/26,Lawn Pride Australia (Rs1mw),1-Diamonds'n'rubies,7,21,01:25.70,Belmont Park,Good 4,58,0:0-0-0,241265,1355407,1118939,10820,12664,10820,12664,$60000,35.65sec 600m,$1080,AUS
01/08/2026 00:00:00,Belmont Park,8,01-Aug-2026 16:55,1600,3yo+,Rest 1 Metro Win,55,Of $60000  -  1st  $32880 | 2nd  $11160| 3rd  $5280| 4th  $2340| 5th  $1740,,Handicap,Happy Horses Birthday (Rs1mw),Apprentices Can Claim,Statewide,4,Gelding,Tassort,Moore,4,S Parnham,9,N D Parnham,59.5,0,3x1800x00373,14:1-1-5,1: 0-0-0,5: 0-0-2,0: 0-0-0,0:0-0-0,11:1-1-3,2:0-0-1,1:0-0-1,0:0-0-0,4:1-0-2,3:0-1-0,$86 620,3,BenchMark 66+,1400,L Ramoly,0.5,27/06/26,Liquor Barons (Bm66+),1-Urquharts Bluff,3,61,01:27.28,Belmont Park,Heavy 8,54.5,0:0-0-0,240853,1352211,1118939,10820,12664,10820,16432,$80000,35.85sec 600m,$7040,AUS
01/08/2026 00:00:00,Belmont Park,8,01-Aug-2026 16:55,1600,3yo+,Rest 1 Metro Win,55,Of $60000  -  1st  $32880 | 2nd  $11160| 3rd  $5280| 4th  $2340| 5th  $1740,,Handicap,Happy Horses Birthday (Rs1mw),Apprentices Can Claim,Statewide,4,Gelding,Tassort,Moore,4,S Parnham,9,N D Parnham,59.5,0,3x1800x00373,14:1-1-5,1: 0-0-0,5: 0-0-2,0: 0-0-0,0:0-0-0,11:1-1-3,2:0-0-1,1:0-0-1,0:0-0-0,4:1-0-2,3:0-1-0,$86 620,11,Class 3,1400,S Parnham,7.0,10/06/26,Unite Resourcing Hcp (C3),1-Prince Of Dala,11,51,01:24.98,Belmont Park,Good 4,60,0:0-0-0,240366,1348515,1118939,10820,12664,10820,12664,$30000,34.51sec 600m,$0,AUS
01/08/2026 00:00:00,Belmont Park,8,01-Aug-2026 16:55,1600,3yo+,Rest 1 Metro Win,55,Of $60000  -  1st  $32880 | 2nd  $11160| 3rd  $5280| 4th  $2340| 5th  $1740,,Handicap,Happy Horses Birthday (Rs1mw),Apprentices Can Claim,Statewide,4,Gelding,Tassort,Moore,4,S Parnham,9,N D Parnham,59.5,0,3x1800x00373,14:1-1-5,1: 0-0-0,5: 0-0-2,0: 0-0-0,0:0-0-0,11:1-1-3,2:0-0-1,1:0-0-1,0:0-0-0,4:1-0-2,3:0-1-0,$86 620,9,Rst 0 Met Win-LY,1400,S Parnham,5.9,27/05/26,Quayclean (Rs0ly),1-Esta Mirando,10,26,01:24.74,Belmont Park,Good 4,60,0:0-0-0,239956,1345319,1118939,10820,12664,10820,12664,$35000,34.32sec 600m,$630,AUS
01/08/2026 00:00:00,Belmont Park,8,01-Aug-2026 16:55,1600,3yo+,Rest 1 Metro Win,55,Of $60000  -  1st  $32880 | 2nd  $11160| 3rd  $5280| 4th  $2340| 5th  $1740,,Handicap,Happy Horses Birthday (Rs1mw),Apprentices Can Claim,Statewide,4,Gelding,Tassort,Moore,4,S Parnham,9,N D Parnham,59.5,0,3x1800x00373,14:1-1-5,1: 0-0-0,5: 0-0-2,0: 0-0-0,0:0-0-0,11:1-1-3,2:0-0-1,1:0-0-1,0:0-0-0,4:1-0-2,3:0-1-0,$86 620,3,Group 2,1600,J Brown,8.5,22/11/25,W.A. Guineas,1-King Of Light,13,201,01:36.83,Ascot,Good 4,57,0:0-0-0,235506,1312523,1118939,10820,12664,10820,1236,$500000,35.28sec 600m,$0,AUS
01/08/2026 00:00:00,Belmont Park,8,01-Aug-2026 16:55,1600,3yo+,Rest 1 Metro Win,55,Of $60000  -  1st  $32880 | 2nd  $11160| 3rd  $5280| 4th  $2340| 5th  $1740,,Handicap,Happy Horses Birthday (Rs1mw),Apprentices Can Claim,Statewide,4,Gelding,Tassort,Moore,4,S Parnham,9,N D Parnham,59.5,0,3x1800x00373,14:1-1-5,1: 0-0-0,5: 0-0-2,0: 0-0-0,0:0-0-0,11:1-1-3,2:0-0-1,1:0-0-1,0:0-0-0,4:1-0-2,3:0-1-0,$86 620,11,Listed,1400,S Parnham,6.5,08/11/25,Waroa - Fairetha Stakes,1-King Of Light,10,51,01:21.48,Ascot,Good 4,54,0:0-0-0,235181,1309912,1118939,10820,12664,10820,12664,$125000,34.47sec 600m,$2250,AUS
01/08/2026 00:00:00,Belmont Park,8,01-Aug-2026 16:55,1600,3yo+,Rest 1 Metro Win,55,Of $60000  -  1st  $32880 | 2nd  $11160| 3rd  $5280| 4th  $2340| 5th  $1740,,Handicap,Happy Horses Birthday (Rs1mw),Apprentices Can Claim,Statewide,4,Gelding,Tassort,Moore,4,S Parnham,9,N D Parnham,59.5,0,3x1800x00373,14:1-1-5,1: 0-0-0,5: 0-0-2,0: 0-0-0,0:0-0-0,11:1-1-3,2:0-0-1,1:0-0-1,0:0-0-0,4:1-0-2,3:0-1-0,$86 620,4,Rest 1 Metro Win,1400,S Parnham,6.0,25/10/25,Peters Investments (Rs1mw),1-Nicciana,8,3.2,01:23.38,Ascot,Soft 5,56,0:0-0-0,234704,1306934,1118939,10820,12664,10820,12664,$60000,35.07sec 600m,$1080,AUS
01/08/2026 00:00:00,Belmont Park,8,01-Aug-2026 16:55,1600,3yo+,Rest 1 Metro Win,55,Of $60000  -  1st  $32880 | 2nd  $11160| 3rd  $5280| 4th  $2340| 5th  $1740,,Handicap,Happy Horses Birthday (Rs1mw),Apprentices Can Claim,Statewide,4,Gelding,Tassort,Moore,4,S Parnham,9,N D Parnham,59.5,0,3x1800x00373,14:1-1-5,1: 0-0-0,5: 0-0-2,0: 0-0-0,0:0-0-0,11:1-1-3,2:0-0-1,1:0-0-1,0:0-0-0,4:1-0-2,3:0-1-0,$86 620,6,Maiden,1300,S Parnham,1.0,16/10/25,Cup Packages Selling Fast Through Trybooking Mdn,2-La Excellence,1,1.55,01:17.71,Northam,Good 4,56,0:0-0-0,234417,1304953,1118939,10820,12664,10820,12664,$25000,33.92sec 600m,$13700,AUS
01/08/2026 00:00:00,Belmont Park,8,01-Aug-2026 16:55,1600,3yo+,Rest 1 Metro Win,55,Of $60000  -  1st  $32880 | 2nd  $11160| 3rd  $5280| 4th  $2340| 5th  $1740,,Handicap,Happy Horses Birthday (Rs1mw),Apprentices Can Claim,Statewide,4,Gelding,Tassort,Moore,4,S Parnham,9,N D Parnham,59.5,0,3x1800x00373,14:1-1-5,1: 0-0-0,5: 0-0-2,0: 0-0-0,0:0-0-0,11:1-1-3,2:0-0-1,1:0-0-1,0:0-0-0,4:1-0-2,3:0-1-0,$86 620,3,Group 3,1400,S Parnham,0.7,10/05/25,Quayclean - WA Sires' Produce Stakes,1-Just Too Fly,3,21,01:23.72,Ascot,Good 4,57,0:0-0-0,229894,1269997,1118939,10820,12664,10820,12664,$200000,36.26sec 600m,$17600,AUS
01/08/2026 00:00:00,Belmont Park,8,01-Aug-2026 16:55,1600,3yo+,Rest 1 Metro Win,55,Of $60000  -  1st  $32880 | 2nd  $11160| 3rd  $5280| 4th  $2340| 5th  $1740,,Handicap,Happy Horses Birthday (Rs1mw),Apprentices Can Claim,Berry Blast,4,Mare,Merchant Navy,Blueberry Smoothie,5,C Johnston-Porter,2,Simon Miller,58.5,0,98x5210x221,9:2-3-0,2: 1-0-0,3: 0-1-0,0: 0-0-0,0:0-0-0,5:1-1-0,3:0-2-0,1:1-0-0,0:0-0-0,3:0-1-0,3:0-2-0,$49 555,9,Class 3,1400,C Johnston-Porter,1.0,16/07/26,State Wide Turf Services Hcp (C3),2-Eternal Romance,1,2.25,01:28.96,Pinjarra,Heavy 8,57,0:0-0-0,241406,1356504,1118901,24928,15478,24928,15478,$30000,37.46sec 600m,$16440,AUS
01/08/2026 00:00:00,Belmont Park,8,01-Aug-2026 16:55,1600,3yo+,Rest 1 Metro Win,55,Of $60000  -  1st  $32880 | 2nd  $11160| 3rd  $5280| 4th  $2340| 5th  $1740,,Handicap,Happy Horses Birthday (Rs1mw),Apprentices Can Claim,Berry Blast,4,Mare,Merchant Navy,Blueberry Smoothie,5,C Johnston-Porter,2,Simon Miller,58.5,0,98x5210x221,9:2-3-0,2: 1-0-0,3: 0-1-0,0: 0-0-0,0:0-0-0,5:1-1-0,3:0-2-0,1:1-0-0,0:0-0-0,3:0-1-0,3:0-2-0,$49 555,4,Class 3,1300,C Johnston-Porter,0.0,09/07/26,Procon Developments (Aust) Northam Cup ? 25 Oct Hcp (C3),1-Classic Ruler,2,2.5,01:18.37,Northam,Soft 5,56.5,0:0-0-0,241203,1354928,1118901,24928,15478,24928,15478,$30000,34.90sec 600m,$5580,AUS
01/08/2026 00:00:00,Belmont Park,8,01-Aug-2026 16:55,1600,3yo+,Rest 1 Metro Win,55,Of $60000  -  1st  $32880 | 2nd  $11160| 3rd  $5280| 4th  $2340| 5th  $1740,,Handicap,Happy Horses Birthday (Rs1mw),Apprentices Can Claim,Berry Blast,4,Mare,Merchant Navy,Blueberry Smoothie,5,C Johnston-Porter,2,Simon Miller,58.5,0,98x5210x221,9:2-3-0,2: 1-0-0,3: 0-1-0,0: 0-0-0,0:0-0-0,5:1-1-0,3:0-2-0,1:1-0-0,0:0-0-0,3:0-1-0,3:0-2-0,$49 555,4,Class 1,1200,W Pike,1.6,24/06/26,Vale John Ward Hcp (C1),1-Swansee,2,4.8,01:11.37,Pinjarra Scarpside,Good 4,58.5,0:0-0-0,240791,1351752,1118901,24928,15478,24928,12691,$30000,00.00sec 0m,$5580,AUS
01/08/2026 00:00:00,Belmont Park,8,01-Aug-2026 16:55,1600,3yo+,Rest 1 Metro Win,55,Of $60000  -  1st  $32880 | 2nd  $11160| 3rd  $5280| 4th  $2340| 5th  $1740,,Handicap,Happy Horses Birthday (Rs1mw),Apprentices Can Claim,Berry Blast,4,Mare,Merchant Navy,Blueberry Smoothie,5,C Johnston-Porter,2,Simon Miller,58.5,0,98x5210x221,9:2-3-0,2: 1-0-0,3: 0-1-0,0: 0-0-0,0:0-0-0,5:1-1-0,3:0-2-0,1:1-0-0,0:0-0-0,3:0-1-0,3:0-2-0,$49 555,4,Group 3,1600,B Gaerth,10.2,15/11/25,Quayclean - WA Champion Fillies Stakes,1-Pure Excess,13,81,01:37.39,Ascot,Good 4,56,0:0-0-0,235353,1311300,1118901,24928,15478,24928,15260,$300000,36.01sec 600m,$0,AUS
01/08/2026 00:00:00,Belmont Park,8,01-Aug-2026 16:55,1600,3yo+,Rest 1 Metro Win,55,Of $60000  -  1st  $32880 | 2nd  $11160| 3rd  $5280| 4th  $2340| 5th  $1740,,Handicap,Happy Horses Birthday (Rs1mw),Apprentices Can Claim,Berry Blast,4,Mare,Merchant Navy,Blueberry Smoothie,5,C Johnston-Porter,2,Simon Miller,58.5,0,98x5210x221,9:2-3-0,2: 1-0-0,3: 0-1-0,0: 0-0-0,0:0-0-0,5:1-1-0,3:0-2-0,1:1-0-0,0:0-0-0,3:0-1-0,3:0-2-0,$49 555,13,Maiden,1600,W Pike,2.1,30/10/25,Hunter Premium Funding Mdn,2-Latorio,1,1.5,01:36.04,Northam,Good 4,54,0:0-0-0,234845,1307989,1118901,24928,15478,24928,12691,$25000,35.10sec 600m,$13700,AUS
01/08/2026 00:00:00,Belmont Park,8,01-Aug-2026 16:55,1600,3yo+,Rest 1 Metro Win,55,Of $60000  -  1st  $32880 | 2nd  $11160| 3rd  $5280| 4th  $2340| 5th  $1740,,Handicap,Happy Horses Birthday (Rs1mw),Apprentices Can Claim,Berry Blast,4,Mare,Merchant Navy,Blueberry Smoothie,5,C Johnston-Porter,2,Simon Miller,58.5,0,98x5210x221,9:2-3-0,2: 1-0-0,3: 0-1-0,0: 0-0-0,0:0-0-0,5:1-1-0,3:0-2-0,1:1-0-0,0:0-0-0,3:0-1-0,3:0-2-0,$49 555,15,Maiden,1400,J Tsang,1.4,22/10/25,Reliable Asset Maintenance Mdn,1-Streamlined,2,15,01:24.81,Belmont Park,Soft 5,51,0:0-0-0,234651,1306471,1118901,24928,15478,24928,17796,$25000,36.18sec 600m,$4650,AUS
01/08/2026 00:00:00,Belmont Park,8,01-Aug-2026 16:55,1600,3yo+,Rest 1 Metro Win,55,Of $60000  -  1st  $32880 | 2nd  $11160| 3rd  $5280| 4th  $2340| 5th  $1740,,Handicap,Happy Horses Birthday (Rs1mw),Apprentices Can Claim,Berry Blast,4,Mare,Merchant Navy,Blueberry Smoothie,5,C Johnston-Porter,2,Simon Miller,58.5,0,98x5210x221,9:2-3-0,2: 1-0-0,3: 0-1-0,0: 0-0-0,0:0-0-0,5:1-1-0,3:0-2-0,1:1-0-0,0:0-0-0,3:0-1-0,3:0-2-0,$49 555,6,Maiden,1300,J Tsang,2.4,05/10/25,Northam Cup Packages Available Through TryBooking Mdn,1-Galilea,5,15,01:19.12,Northam,Soft 5,51,0:0-0-0,234116,1302673,1118901,24928,15478,24928,17796,$25000,35.96sec 600m,$725,AUS
01/08/2026 00:00:00,Belmont Park,8,01-Aug-2026 16:55,1600,3yo+,Rest 1 Metro Win,55,Of $60000  -  1st  $32880 | 2nd  $11160| 3rd  $5280| 4th  $2340| 5th  $1740,,Handicap,Happy Horses Birthday (Rs1mw),Apprentices Can Claim,Berry Blast,4,Mare,Merchant Navy,Blueberry Smoothie,5,C Johnston-Porter,2,Simon Miller,58.5,0,98x5210x221,9:2-3-0,2: 1-0-0,3: 0-1-0,0: 0-0-0,0:0-0-0,5:1-1-0,3:0-2-0,1:1-0-0,0:0-0-0,3:0-1-0,3:0-2-0,$49 555,6,Open,1200,B Gaerth,5.6,24/05/25,Unite Resourcing Plate,1-Too Darn Stormy,8,31,01:13.02,Belmont Park,Good 4,54.5,0:0-0-0,230334,1273000,1118901,24928,15478,24928,15260,$80000,35.19sec 600m,$1440,AUS
01/08/2026 00:00:00,Belmont Park,8,01-Aug-2026 16:55,1600,3yo+,Rest 1 Metro Win,55,Of $60000  -  1st  $32880 | 2nd  $11160| 3rd  $5280| 4th  $2340| 5th  $1740,,Handicap,Happy Horses Birthday (Rs1mw),Apprentices Can Claim,Berry Blast,4,Mare,Merchant Navy,Blueberry Smoothie,5,C Johnston-Porter,2,Simon Miller,58.5,0,98x5210x221,9:2-3-0,2: 1-0-0,3: 0-1-0,0: 0-0-0,0:0-0-0,5:1-1-0,3:0-2-0,1:1-0-0,0:0-0-0,3:0-1-0,3:0-2-0,$49 555,6,Open,1000,S Parnham,4.9,17/05/25,Bisley Workwear Plate,1-Silent Diva,9,91,00:59.21,Belmont Park,Good 4,54,0:0-0-0,230088,1271417,1118901,24928,15478,24928,12664,$80000,34.17sec 600m,$1440,AUS
01/08/2026 00:00:00,Belmont Park,8,01-Aug-2026 16:55,1600,3yo+,Rest 1 Metro Win,55,Of $60000  -  1st  $32880 | 2nd  $11160| 3rd  $5280| 4th  $2340| 5th  $1740,,Handicap,Happy Horses Birthday (Rs1mw),Apprentices Can Claim,Belle Journee,7,Mare,Galah,Belle La Vie,6,W Pike,3,Ms C Stelmach,58,0,4535470x177,61:6-7-4,15: 1-2-0,12: 0-0-0,5: 0-0-0,0:0-0-0,50:5-5-3,10:1-2-1,1:0-0-0,0:0-0-0,6:2-0-0,6:0-2-0,$224 814,9,Rst 0 Met Win-LY,1600,J Azzopardi,6.5,25/07/26,TABtouch - Westspeed Platinum (Rs0ly),1-Strapping Prophet,7,51,01:37.60,Belmont Park,Good 4,56.5,0:0-0-0,241634,1358380,961390,1591,12691,1591,14814,$40000,35.99sec 600m,$720,AUS
01/08/2026 00:00:00,Belmont Park,8,01-Aug-2026 16:55,1600,3yo+,Rest 1 Metro Win,55,Of $60000  -  1st  $32880 | 2nd  $11160| 3rd  $5280| 4th  $2340| 5th  $1740,,Handicap,Happy Horses Birthday (Rs1mw),Apprentices Can Claim,Belle Journee,7,Mare,Galah,Belle La Vie,6,W Pike,3,Ms C Stelmach,58,0,4535470x177,61:6-7-4,15: 1-2-0,12: 0-0-0,5: 0-0-0,0:0-0-0,50:5-5-3,10:1-2-1,1:0-0-0,0:0-0-0,6:2-0-0,6:0-2-0,$224 814,2,Rst 0 Met Win-LY,1400,J Azzopardi,3.7,11/07/26,TABtouch - Westspeed Platinum (Rs0ly),1-Kelvinater,7,20,01:25.27,Belmont Park,Good 4,56.5,0:0-0-0,241265,1355401,961390,1591,12691,1591,14814,$40000,36.21sec 600m,$720,AUS
01/08/2026 00:00:00,Belmont Park,8,01-Aug-2026 16:55,1600,3yo+,Rest 1 Metro Win,55,Of $60000  -  1st  $32880 | 2nd  $11160| 3rd  $5280| 4th  $2340| 5th  $1740,,Handicap,Happy Horses Birthday (Rs1mw),Apprentices Can Claim,Belle Journee,7,Mare,Galah,Belle La Vie,6,W Pike,3,Ms C Stelmach,58,0,4535470x177,61:6-7-4,15: 1-2-0,12: 0-0-0,5: 0-0-0,0:0-0-0,50:5-5-3,10:1-2-1,1:0-0-0,0:0-0-0,6:2-0-0,6:0-2-0,$224 814,8,Class 5,1200,J Azzopardi,0.4,28/06/26,Horseland Bunbury Hcp (C5),2-En Plein Air,1,61,01:14.60,Bunbury,Soft 7,54,0:0-0-0,240885,1352449,961390,1591,12691,1591,14814,$30000,00.00sec 0m,$16440,AUS
01/08/2026 00:00:00,Belmont Park,8,01-Aug-2026 16:55,1600,3yo+,Rest 1 Metro Win,55,Of $60000  -  1st  $32880 | 2nd  $11160| 3rd  $5280| 4th  $2340| 5th  $1740,,Handicap,Happy Horses Birthday (Rs1mw),Apprentices Can Claim,Belle Journee,7,Mare,Galah,Belle La Vie,6,W Pike,3,Ms C Stelmach,58,0,4535470x177,61:6-7-4,15: 1-2-0,12: 0-0-0,5: 0-0-0,0:0-0-0,50:5-5-3,10:1-2-1,1:0-0-0,0:0-0-0,6:2-0-0,6:0-2-0,$224 814,9,Open,2200,J Mc Naught,7.2,11/02/26,Share Bets With TABtouch Bet Loop Hcp,1-Zackariah Beau,12,21,02:19.01,Belmont Park,Good 3,55.5,0:0-0-0,237260,1325334,961390,1591,12691,1591,16126,$30000,37.85sec 600m,$0,AUS
01/08/2026 00:00:00,Belmont Park,8,01-Aug-2026 16:55,1600,3yo+,Rest 1 Metro Win,55,Of $60000  -  1st  $32880 | 2nd  $11160| 3rd  $5280| 4th  $2340| 5th  $1740,,Handicap,Happy Horses Birthday (Rs1mw),Apprentices Can Claim,Belle Journee,7,Mare,Galah,Belle La Vie,6,W Pike,3,Ms C Stelmach,58,0,4535470x177,61:6-7-4,15: 1-2-0,12: 0-0-0,5: 0-0-0,0:0-0-0,50:5-5-3,10:1-2-1,1:0-0-0,0:0-0-0,6:2-0-0,6:0-2-0,$224 814,4,Open,2200,J Mc Naught,1.5,28/01/26,MCA Polytrack Hcp,1-Glanced,7,12,02:19.92,Ascot,Good 4,57.5,0:0-0-0,236996,1323330,961390,1591,12691,1591,16126,$30000,36.88sec 600m,$540,AUS
01/08/2026 00:00:00,Belmont Park,8,01-Aug-2026 16:55,1600,3yo+,Rest 1 Metro Win,55,Of $60000  -  1st  $32880 | 2nd  $11160| 3rd  $5280| 4th  $2340| 5th  $1740,,Handicap,Happy Horses Birthday (Rs1mw),Apprentices Can Claim,Belle Journee,7,Mare,Galah,Belle La Vie,6,W Pike,3,Ms C Stelmach,58,0,4535470x177,61:6-7-4,15: 1-2-0,12: 0-0-0,5: 0-0-0,0:0-0-0,50:5-5-3,10:1-2-1,1:0-0-0,0:0-0-0,6:2-0-0,6:0-2-0,$224 814,4,BenchMark 64+,1850,S O'Donnell,1.2,18/01/26,John Hetherington - Raine & Horne (Bm64+),1-War Matters,4,5,01:55.65,Mt Barker,Good 3,54.5,0:0-0-0,236789,1321829,961390,1591,12691,1591,4615,$24000,35.19sec 600m,$936,AUS
01/08/2026 00:00:00,Belmont Park,8,01-Aug-2026 16:55,1600,3yo+,Rest 1 Metro Win,55,Of $60000  -  1st  $32880 | 2nd  $11160| 3rd  $5280| 4th  $2340| 5th  $1740,,Handicap,Happy Horses Birthday (Rs1mw),Apprentices Can Claim,Belle Journee,7,Mare,Galah,Belle La Vie,6,W Pike,3,Ms C Stelmach,58,0,4535470x177,61:6-7-4,15: 1-2-0,12: 0-0-0,5: 0-0-0,0:0-0-0,50:5-5-3,10:1-2-1,1:0-0-0,0:0-0-0,6:2-0-0,6:0-2-0,$224 814,7,BenchMark 54+,2000,L Ramoly,4.0,31/12/25,Bryson Canvas (Bm54+),1-Pony Up,5,5.5,02:05.34,Pinjarra,Good 4,56,0:0-0-0,236421,1319127,961390,1591,12691,1591,16432,$30000,36.82sec 600m,$870,AUS
01/08/2026 00:00:00,Belmont Park,8,01-Aug-2026 16:55,1600,3yo+,Rest 1 Metro Win,55,Of $60000  -  1st  $32880 | 2nd  $11160| 3rd  $5280| 4th  $2340| 5th  $1740,,Handicap,Happy Horses Birthday (Rs1mw),Apprentices Can Claim,Belle Journee,7,Mare,Galah,Belle La Vie,6,W Pike,3,Ms C Stelmach,58,0,4535470x177,61:6-7-4,15: 1-2-0,12: 0-0-0,5: 0-0-0,0:0-0-0,50:5-5-3,10:1-2-1,1:0-0-0,0:0-0-0,6:2-0-0,6:0-2-0,$224 814,4,Bench. 50+,2000,L Ramoly,2.7,21/12/25,Electrical Contracting WA (Bm50+),1-Let Sparks Fly,3,6,02:06.23,Pinjarra,Good 4,58,0:0-0-0,236238,1317683,961390,1591,12691,1591,16432,$30000,37.99sec 600m,$2640,AUS
01/08/2026 00:00:00,Belmont Park,8,01-Aug-2026 16:55,1600,3yo+,Rest 1 Metro Win,55,Of $60000  -  1st  $32880 | 2nd  $11160| 3rd  $5280| 4th  $2340| 5th  $1740,,Handicap,Happy Horses Birthday (Rs1mw),Apprentices Can Claim,Belle Journee,7,Mare,Galah,Belle La Vie,6,W Pike,3,Ms C Stelmach,58,0,4535470x177,61:6-7-4,15: 1-2-0,12: 0-0-0,5: 0-0-0,0:0-0-0,50:5-5-3,10:1-2-1,1:0-0-0,0:0-0-0,6:2-0-0,6:0-2-0,$224 814,9,Open,2200,L Ramoly,3.6,10/12/25,Unite Resourcing Hcp,1-Invincible Thief,5,11,02:17.44,Ascot,Good 4,56.5,0:0-0-0,235913,1315698,961390,1591,12691,1591,16432,$30000,36.27sec 600m,$870,AUS
01/08/2026 00:00:00,Belmont Park,8,01-Aug-2026 16:55,1600,3yo+,Rest 1 Metro Win,55,Of $60000  -  1st  $32880 | 2nd  $11160| 3rd  $5280| 4th  $2340| 5th  $1740,,Handicap,Happy Horses Birthday (Rs1mw),Apprentices Can Claim,Belle Journee,7,Mare,Galah,Belle La Vie,6,W Pike,3,Ms C Stelmach,58,0,4535470x177,61:6-7-4,15: 1-2-0,12: 0-0-0,5: 0-0-0,0:0-0-0,50:5-5-3,10:1-2-1,1:0-0-0,0:0-0-0,6:2-0-0,6:0-2-0,$224 814,2,Open,2000,L Ramoly,1.8,30/11/25,Alcoa-Building Strong Communities Hcp,1-Let Sparks Fly,4,6.5,02:05.24,Pinjarra,Good 3,58.5,0:0-0-0,235693,1313945,961390,1591,12691,1591,16432,$30000,35.93sec 600m,$1170,AUS
01/08/2026 00:00:00,Belmont Park,8,01-Aug-2026 16:55,1600,3yo+,Rest 1 Metro Win,55,Of $60000  -  1st  $32880 | 2nd  $11160| 3rd  $5280| 4th  $2340| 5th  $1740,,Handicap,Happy Horses Birthday (Rs1mw),Apprentices Can Claim,Showlas,5,Mare,Showtime,Lilas,7,B Parnham,11,David Catarino,58,0,322x3363640,20:2-6-5,5: 0-2-1,3: 0-0-1,0: 0-0-0,0:0-0-0,14:2-4-4,3:0-0-1,3:0-2-0,0:0-0-0,4:1-1-1,4:1-0-2,$97 850,8,Class 3,1613,J Noske,6.8,22/07/26,Bryson Canvas Hcp (C3),1-Vexatious Rose,11,4.4,01:38.88,Pinjarra Scarpside,Good 4,59.5,0:0-0-0,241575,1357902,994667,27957,13271,27957,14158,$30000,34.71sec 600m,$0,AUS
01/08/2026 00:00:00,Belmont Park,8,01-Aug-2026 16:55,1600,3yo+,Rest 1 Metro Win,55,Of $60000  -  1st  $32880 | 2nd  $11160| 3rd  $5280| 4th  $2340| 5th  $1740,,Handicap,Happy Horses Birthday (Rs1mw),Apprentices Can Claim,Showlas,5,Mare,Showtime,Lilas,7,B Parnham,11,David Catarino,58,0,322x3363640,20:2-6-5,5: 0-2-1,3: 0-0-1,0: 0-0-0,0:0-0-0,14:2-4-4,3:0-0-1,3:0-2-0,0:0-0-0,4:1-1-1,4:1-0-2,$97 850,11,Class 3,1700,J Noske,2.3,08/07/26,Lawn Pride Australia Hcp (C3),1-Shimonoseki,4,16,01:45.75,Belmont Park,Soft 5,59,0:0-0-0,241200,1354894,994667,27957,13271,27957,14158,$30000,36.24sec 600m,$1170,AUS
01/08/2026 00:00:00,Belmont Park,8,01-Aug-2026 16:55,1600,3yo+,Rest 1 Metro Win,55,Of $60000  -  1st  $32880 | 2nd  $11160| 3rd  $5280| 4th  $2340| 5th  $1740,,Handicap,Happy Horses Birthday (Rs1mw),Apprentices Can Claim,Showlas,5,Mare,Showtime,Lilas,7,B Parnham,11,David Catarino,58,0,322x3363640,20:2-6-5,5: 0-2-1,3: 0-0-1,0: 0-0-0,0:0-0-0,14:2-4-4,3:0-0-1,3:0-2-0,0:0-0-0,4:1-1-1,4:1-0-2,$97 850,3,Class 3,1200,J Noske,3.0,02/07/26,Hygain Edge Hcp (C3),1-Desert Ora,6,3.8,01:13.63,Pinjarra,Soft 5,59.5,0:0-0-0,241007,1353404,994667,27957,13271,27957,14158,$30000,00.00sec 0m,$540,AUS
01/08/2026 00:00:00,Belmont Park,8,01-Aug-2026 16:55,1600,3yo+,Rest 1 Metro Win,55,Of $60000  -  1st  $32880 | 2nd  $11160| 3rd  $5280| 4th  $2340| 5th  $1740,,Handicap,Happy Horses Birthday (Rs1mw),Apprentices Can Claim,Showlas,5,Mare,Showtime,Lilas,7,B Parnham,11,David Catarino,58,0,322x3363640,20:2-6-5,5: 0-2-1,3: 0-0-1,0: 0-0-0,0:0-0-0,14:2-4-4,3:0-0-1,3:0-2-0,0:0-0-0,4:1-1-1,4:1-0-2,$97 850,9,Class 5,1200,J Noske,0.8,11/06/26,JK Racing Hcp (C5),1-Rodney Oh Rodney,3,4.8,01:14.08,Bunbury,Soft 6,56.5,0:0-0-0,240369,1348546,994667,27957,13271,27957,14158,$30000,00.00sec 0m,$2640,AUS
01/08/2026 00:00:00,Belmont Park,8,01-Aug-2026 16:55,1600,3yo+,Rest 1 Metro Win,55,Of $60000  -  1st  $32880 | 2nd  $11160| 3rd  $5280| 4th  $2340| 5th  $1740,,Handicap,Happy Horses Birthday (Rs1mw),Apprentices Can Claim,Showlas,5,Mare,Showtime,Lilas,7,B Parnham,11,David Catarino,58,0,322x3363640,20:2-6-5,5: 0-2-1,3: 0-0-1,0: 0-0-0,0:0-0-0,14:2-4-4,3:0-0-1,3:0-2-0,0:0-0-0,4:1-1-1,4:1-0-2,$97 850,11,Class 3,1400,J Noske,3.9,20/05/26,Kalgoorlie Boulder Racing Club Hcp (C3),1-Herault,6,5.5,01:24.26,Belmont Park,Good 4,60,0:0-0-0,239745,1343868,994667,27957,13271,27957,14158,$30000,34.33sec 600m,$540,AUS
01/08/2026 00:00:00,Belmont Park,8,01-Aug-2026 16:55,1600,3yo+,Rest 1 Metro Win,55,Of $60000  -  1st  $32880 | 2nd  $11160| 3rd  $5280| 4th  $2340| 5th  $1740,,Handicap,Happy Horses Birthday (Rs1mw),Apprentices Can Claim,Showlas,5,Mare,Showtime,Lilas,7,B Parnham,11,David Catarino,58,0,322x3363640,20:2-6-5,5: 0-2-1,3: 0-0-1,0: 0-0-0,0:0-0-0,14:2-4-4,3:0-0-1,3:0-2-0,0:0-0-0,4:1-1-1,4:1-0-2,$97 850,10,Rest 1 Metro Win,1600,J Noske,0.9,11/04/26,Peters Investments (Rs1mw),1-Fifth Essence,3,12,01:37.07,Ascot,Good 4,57,0:0-0-0,238664,1335869,994667,27957,13271,27957,14158,$60000,35.44sec 600m,$5280,AUS
01/08/2026 00:00:00,Belmont Park,8,01-Aug-2026 16:55,1600,3yo+,Rest 1 Metro Win,55,Of $60000  -  1st  $32880 | 2nd  $11160| 3rd  $5280| 4th  $2340| 5th  $1740,,Handicap,Happy Horses Birthday (Rs1mw),Apprentices Can Claim,Showlas,5,Mare,Showtime,Lilas,7,B Parnham,11,David Catarino,58,0,322x3363640,20:2-6-5,5: 0-2-1,3: 0-0-1,0: 0-0-0,0:0-0-0,14:2-4-4,3:0-0-1,3:0-2-0,0:0-0-0,4:1-1-1,4:1-0-2,$97 850,1,Rst 0 Met Win-LY,1200,J Noske,1.2,02/04/26,Drummond Golf (Rs0ly),1-Snippy Which,3,12,01:11.40,Belmont Park,Good 4,57,0:0-0-0,238406,1334167,994667,27957,13271,27957,14158,$35000,34.74sec 600m,$3080,AUS
01/08/2026 00:00:00,Belmont Park,8,01-Aug-2026 16:55,1600,3yo+,Rest 1 Metro Win,55,Of $60000  -  1st  $32880 | 2nd  $11160| 3rd  $5280| 4th  $2340| 5th  $1740,,Handicap,Happy Horses Birthday (Rs1mw),Apprentices Can Claim,Showlas,5,Mare,Showtime,Lilas,7,B Parnham,11,David Catarino,58,0,322x3363640,20:2-6-5,5: 0-2-1,3: 0-0-1,0: 0-0-0,0:0-0-0,14:2-4-4,3:0-0-1,3:0-2-0,0:0-0-0,4:1-1-1,4:1-0-2,$97 850,3,Class 3,1400,Ava Catarino,1.5,18/12/25,Nixon Electrical Hcp (C3),1-Belta Of A Song,2,4.8,01:24.40,Bunbury,Good 4,57,0:0-0-0,236177,1317241,994667,27957,13271,27957,17159,$30000,35.96sec 600m,$5580,AUS
01/08/2026 00:00:00,Belmont Park,8,01-Aug-2026 16:55,1600,3yo+,Rest 1 Metro Win,55,Of $60000  -  1st  $32880 | 2nd  $11160| 3rd  $5280| 4th  $2340| 5th  $1740,,Handicap,Happy Horses Birthday (Rs1mw),Apprentices Can Claim,Showlas,5,Mare,Showtime,Lilas,7,B Parnham,11,David Catarino,58,0,322x3363640,20:2-6-5,5: 0-2-1,3: 0-0-1,0: 0-0-0,0:0-0-0,14:2-4-4,3:0-0-1,3:0-2-0,0:0-0-0,4:1-1-1,4:1-0-2,$97 850,5,Class 3,1400,C Azzopardi,1.8,10/12/25,Swan Draught Hcp (C3),1-True Blue Bondi,2,7,01:23.82,Ascot,Good 4,59.5,0:0-0-0,235913,1315697,994667,27957,13271,27957,15184,$30000,34.90sec 600m,$5580,AUS
01/08/2026 00:00:00,Belmont Park,8,01-Aug-2026 16:55,1600,3yo+,Rest 1 Metro Win,55,Of $60000  -  1st  $32880 | 2nd  $11160| 3rd  $5280| 4th  $2340| 5th  $1740,,Handicap,Happy Horses Birthday (Rs1mw),Apprentices Can Claim,Showlas,5,Mare,Showtime,Lilas,7,B Parnham,11,David Catarino,58,0,322x3363640,20:2-6-5,5: 0-2-1,3: 0-0-1,0: 0-0-0,0:0-0-0,14:2-4-4,3:0-0-1,3:0-2-0,0:0-0-0,4:1-1-1,4:1-0-2,$97 850,8,Class 5,1500,C Azzopardi,3.1,30/11/25,Alcoa Pinjarra Grandstand Cup (C5),1-Deamber,3,6.5,01:29.56,Pinjarra,Good 3,56.5,0:0-0-0,235693,1313946,994667,27957,13271,27957,15184,$40000,35.63sec 600m,$3520,AUS
01/08/2026 00:00:00,Belmont Park,8,01-Aug-2026 16:55,1600,3yo+,Rest 1 Metro Win,55,Of $60000  -  1st  $32880 | 2nd  $11160| 3rd  $5280| 4th  $2340| 5th  $1740,,Handicap,Happy Horses Birthday (Rs1mw),Apprentices Can Claim,Vexatious Rose,5,Mare,Universal Ruler,The Danehill Rose,8,S O'Donnell,7,Jeremy Easthope,57.5,0,3423373x211,12:2-2-6,4: 2-0-0,1: 0-0-1,0: 0-0-0,0:0-0-0,9:1-1-5,3:1-1-1,0:0-0-0,0:0-0-0,2:0-1-1,2:1-0-1,$68 735,9,Class 3,1613,S O'Donnell,0.4,22/07/26,Bryson Canvas Hcp (C3),2-Publicise,1,3.9,01:38.88,Pinjarra Scarpside,Good 4,56.5,0:0-0-0,241575,1357902,1121725,24129,4615,24129,4615,$30000,34.71sec 600m,$16440,AUS
01/08/2026 00:00:00,Belmont Park,8,01-Aug-2026 16:55,1600,3yo+,Rest 1 Metro Win,55,Of $60000  -  1st  $32880 | 2nd  $11160| 3rd  $5280| 4th  $2340| 5th  $1740,,Handicap,Happy Horses Birthday (Rs1mw),Apprentices Can Claim,Vexatious Rose,5,Mare,Universal Ruler,The Danehill Rose,8,S O'Donnell,7,Jeremy Easthope,57.5,0,3423373x211,12:2-2-6,4: 2-0-0,1: 0-0-1,0: 0-0-0,0:0-0-0,9:1-1-5,3:1-1-1,0:0-0-0,0:0-0-0,2:0-1-1,2:1-0-1,$68 735,1,Maiden,1600,S O'Donnell,0.8,02/07/26,TABtouch Scan My Bet Mdn,2-Delicate Warrior,1,2.7,01:40.10,Pinjarra,Soft 5,56,0:0-0-0,241007,1353405,1121725,24129,4615,24129,4615,$25000,00.00sec 0m,$13700,AUS
01/08/2026 00:00:00,Belmont Park,8,01-Aug-2026 16:55,1600,3yo+,Rest 1 Metro Win,55,Of $60000  -  1st  $32880 | 2nd  $11160| 3rd  $5280| 4th  $2340| 5th  $1740,,Handicap,Happy Horses Birthday (Rs1mw),Apprentices Can Claim,Vexatious Rose,5,Mare,Universal Ruler,The Danehill Rose,8,S O'Donnell,7,Jeremy Easthope,57.5,0,3423373x211,12:2-2-6,4: 2-0-0,1: 0-0-1,0: 0-0-0,0:0-0-0,9:1-1-5,3:1-1-1,0:0-0-0,0:0-0-0,2:0-1-1,2:1-0-1,$68 735,7,Maiden,1400,L Fiore,0.3,11/06/26,Roofwest Mdn,1-Enchanted Hour,2,4,01:28.40,Bunbury,Soft 6,56,0:0-0-0,240369,1348544,1121725,24129,4615,24129,15372,$25000,00.00sec 0m,$4650,AUS
01/08/2026 00:00:00,Belmont Park,8,01-Aug-2026 16:55,1600,3yo+,Rest 1 Metro Win,55,Of $60000  -  1st  $32880 | 2nd  $11160| 3rd  $5280| 4th  $2340| 5th  $1740,,Handicap,Happy Horses Birthday (Rs1mw),Apprentices Can Claim,Vexatious Rose,5,Mare,Universal Ruler,The Danehill Rose,8,S O'Donnell,7,Jeremy Easthope,57.5,0,3423373x211,12:2-2-6,4: 2-0-0,1: 0-0-1,0: 0-0-0,0:0-0-0,9:1-1-5,3:1-1-1,0:0-0-0,0:0-0-0,2:0-1-1,2:1-0-1,$68 735,7,Maiden,1800,S O'Donnell,0.6,14/01/26,TABtouch - Have You Got The Touch Mdn,1-Parish Prince,3,2.5,01:51.84,Ascot,Good 4,56,0:0-0-0,236706,1321219,1121725,24129,4615,24129,4615,$25000,35.65sec 600m,$2200,AUS
01/08/2026 00:00:00,Belmont Park,8,01-Aug-2026 16:55,1600,3yo+,Rest 1 Metro Win,55,Of $60000  -  1st  $32880 | 2nd  $11160| 3rd  $5280| 4th  $2340| 5th  $1740,,Handicap,Happy Horses Birthday (Rs1mw),Apprentices Can Claim,Vexatious Rose,5,Mare,Universal Ruler,The Danehill Rose,8,S O'Donnell,7,Jeremy Easthope,57.5,0,3423373x211,12:2-2-6,4: 2-0-0,1: 0-0-1,0: 0-0-0,0:0-0-0,9:1-1-5,3:1-1-1,0:0-0-0,0:0-0-0,2:0-1-1,2:1-0-1,$68 735,12,Maiden,1600,S O'Donnell,2.7,03/01/26,Gannon's Mdn,1-Wild Things,7,4.8,01:37.25,Pinjarra,Good 4,56,0:0-0-0,236492,1319646,1121725,24129,4615,24129,4615,$25000,36.37sec 600m,$450,AUS
01/08/2026 00:00:00,Belmont Park,8,01-Aug-2026 16:55,1600,3yo+,Rest 1 Metro Win,55,Of $60000  -  1st  $32880 | 2nd  $11160| 3rd  $5280| 4th  $2340| 5th  $1740,,Handicap,Happy Horses Birthday (Rs1mw),Apprentices Can Claim,Vexatious Rose,5,Mare,Universal Ruler,The Danehill Rose,8,S O'Donnell,7,Jeremy Easthope,57.5,0,3423373x211,12:2-2-6,4: 2-0-0,1: 0-0-1,0: 0-0-0,0:0-0-0,9:1-1-5,3:1-1-1,0:0-0-0,0:0-0-0,2:0-1-1,2:1-0-1,$68 735,14,Maiden,1800,L Fiore,1.1,10/12/25,Glenroy Chaff Mdn,1-Final Call,3,2.9,01:50.74,Ascot,Good 4,56,0:0-0-0,235913,1315693,1121725,24129,4615,24129,15372,$25000,36.84sec 600m,$2200,AUS
01/08/2026 00:00:00,Belmont Park,8,01-Aug-2026 16:55,1600,3yo+,Rest 1 Metro Win,55,Of $60000  -  1st  $32880 | 2nd  $11160| 3rd  $5280| 4th  $2340| 5th  $1740,,Handicap,Happy Horses Birthday (Rs1mw),Apprentices Can Claim,Vexatious Rose,5,Mare,Universal Ruler,The Danehill Rose,8,S O'Donnell,7,Jeremy Easthope,57.5,0,3423373x211,12:2-2-6,4: 2-0-0,1: 0-0-1,0: 0-0-0,0:0-0-0,9:1-1-5,3:1-1-1,0:0-0-0,0:0-0-0,2:0-1-1,2:1-0-1,$68 735,8,Maiden,2000,B Parnham,1.8,30/11/25,Mandurah RV Centre Mdn,1-Rebelnado,3,1.9,02:05.54,Pinjarra,Good 3,56,0:0-0-0,235693,1313943,1121725,24129,4615,24129,13271,$25000,35.92sec 600m,$2200,AUS
01/08/2026 00:00:00,Belmont Park,8,01-Aug-2026 16:55,1600,3yo+,Rest 1 Metro Win,55,Of $60000  -  1st  $32880 | 2nd  $11160| 3rd  $5280| 4th  $2340| 5th  $1740,,Handicap,Happy Horses Birthday (Rs1mw),Apprentices Can Claim,Vexatious Rose,5,Mare,Universal Ruler,The Danehill Rose,8,S O'Donnell,7,Jeremy Easthope,57.5,0,3423373x211,12:2-2-6,4: 2-0-0,1: 0-0-1,0: 0-0-0,0:0-0-0,9:1-1-5,3:1-1-1,0:0-0-0,0:0-0-0,2:0-1-1,2:1-0-1,$68 735,12,Maiden,1675,L Fiore,0.0,13/11/25,Wittens Irrigation & Design Mdn,1-Herault,2,5.5,01:45.81,Bunbury,Good 4,56,0:0-0-0,235309,1310941,1121725,24129,4615,24129,15372,$25000,35.19sec 600m,$4650,AUS
01/08/2026 00:00:00,Belmont Park,8,01-Aug-2026 16:55,1600,3yo+,Rest 1 Metro Win,55,Of $60000  -  1st  $32880 | 2nd  $11160| 3rd  $5280| 4th  $2340| 5th  $1740,,Handicap,Happy Horses Birthday (Rs1mw),Apprentices Can Claim,Vexatious Rose,5,Mare,Universal Ruler,The Danehill Rose,8,S O'Donnell,7,Jeremy Easthope,57.5,0,3423373x211,12:2-2-6,4: 2-0-0,1: 0-0-1,0: 0-0-0,0:0-0-0,9:1-1-5,3:1-1-1,0:0-0-0,0:0-0-0,2:0-1-1,2:1-0-1,$68 735,3,Class 1,1600,J Whiting,3.1,26/10/25,AFGRI Equipment Hcp (C1),1-Battle Commander,4,4,01:35.07,Northam,Good 4,57,0:0-0-0,234738,1307172,1121725,24129,4615,24129,10067,$30000,35.47sec 600m,$1170,AUS
01/08/2026 00:00:00,Belmont Park,8,01-Aug-2026 16:55,1600,3yo+,Rest 1 Metro Win,55,Of $60000  -  1st  $32880 | 2nd  $11160| 3rd  $5280| 4th  $2340| 5th  $1740,,Handicap,Happy Horses Birthday (Rs1mw),Apprentices Can Claim,Vexatious Rose,5,Mare,Universal Ruler,The Danehill Rose,8,S O'Donnell,7,Jeremy Easthope,57.5,0,3423373x211,12:2-2-6,4: 2-0-0,1: 0-0-1,0: 0-0-0,0:0-0-0,9:1-1-5,3:1-1-1,0:0-0-0,0:0-0-0,2:0-1-1,2:1-0-1,$68 735,4,Maiden,1400,J Whiting,1.6,08/10/25,TABtouch Share My Bet Mdn,1-Hoya Destroyer,3,3.3,01:25.21,Northam,Good 4,56,0:0-0-0,234219,1303488,1121725,24129,4615,24129,10067,$25000,34.63sec 600m,$2200,AUS
01/08/2026 00:00:00,Belmont Park,8,01-Aug-2026 16:55,1600,3yo+,Rest 1 Metro Win,55,Of $60000  -  1st  $32880 | 2nd  $11160| 3rd  $5280| 4th  $2340| 5th  $1740,,Handicap,Happy Horses Birthday (Rs1mw),Apprentices Can Claim,Right To Silence,6,Mare,Universal Ruler,Enshrined,9,Laqdar Ramoly,8,C G Willis,56,0,62689x43259,36:2-6-4,6: 0-1-0,17: 0-4-2,2: 0-0-0,0:0-0-0,26:1-2-2,6:1-1-1,4:0-3-1,0:0-0-0,5:0-1-1,5:0-1-1,$149 992,7,Rst 0 Met Win-LY,1600,J Mc Naught,8.1,25/07/26,TABtouch - Westspeed Platinum (Rs0ly),1-Strapping Prophet,9,8.5,01:37.60,Belmont Park,Good 4,55,0:0-0-0,241634,1358380,974507,13710,16432,13710,16126,$40000,35.99sec 600m,$720,AUS
01/08/2026 00:00:00,Belmont Park,8,01-Aug-2026 16:55,1600,3yo+,Rest 1 Metro Win,55,Of $60000  -  1st  $32880 | 2nd  $11160| 3rd  $5280| 4th  $2340| 5th  $1740,,Handicap,Happy Horses Birthday (Rs1mw),Apprentices Can Claim,Right To Silence,6,Mare,Universal Ruler,Enshrined,9,Laqdar Ramoly,8,C G Willis,56,0,62689x43259,36:2-6-4,6: 0-1-0,17: 0-4-2,2: 0-0-0,0:0-0-0,26:1-2-2,6:1-1-1,4:0-3-1,0:0-0-0,5:0-1-1,5:0-1-1,$149 992,1,Rest 1 Metro Win,1400,J Mc Naught,2.6,11/07/26,Lawn Pride Australia (Rs1mw),1-Diamonds'n'rubies,5,12,01:25.70,Belmont Park,Good 4,55.5,0:0-0-0,241265,1355407,974507,13710,16432,13710,16126,$60000,35.65sec 600m,$1740,AUS
01/08/2026 00:00:00,Belmont Park,8,01-Aug-2026 16:55,1600,3yo+,Rest 1 Metro Win,55,Of $60000  -  1st  $32880 | 2nd  $11160| 3rd  $5280| 4th  $2340| 5th  $1740,,Handicap,Happy Horses Birthday (Rs1mw),Apprentices Can Claim,Right To Silence,6,Mare,Universal Ruler,Enshrined,9,Laqdar Ramoly,8,C G Willis,56,0,62689x43259,36:2-6-4,6: 0-1-0,17: 0-4-2,2: 0-0-0,0:0-0-0,26:1-2-2,6:1-1-1,4:0-3-1,0:0-0-0,5:0-1-1,5:0-1-1,$149 992,4,Open,1400,J Mc Naught,0.6,27/06/26,TABtouch - Westspeed Platinum Winter Series Final,1-Diamonds'n'rubies,2,9,01:26.75,Belmont Park,Heavy 8,54,0:0-0-0,240853,1352208,974507,13710,16432,13710,16126,$100000,37.21sec 600m,$18600,AUS
01/08/2026 00:00:00,Belmont Park,8,01-Aug-2026 16:55,1600,3yo+,Rest 1 Metro Win,55,Of $60000  -  1st  $32880 | 2nd  $11160| 3rd  $5280| 4th  $2340| 5th  $1740,,Handicap,Happy Horses Birthday (Rs1mw),Apprentices Can Claim,Right To Silence,6,Mare,Universal Ruler,Enshrined,9,Laqdar Ramoly,8,C G Willis,56,0,62689x43259,36:2-6-4,6: 0-1-0,17: 0-4-2,2: 0-0-0,0:0-0-0,26:1-2-2,6:1-1-1,4:0-3-1,0:0-0-0,5:0-1-1,5:0-1-1,$149 992,10,Rst 0 Met Win-LY,1300,J Mc Naught,0.2,13/06/26,TABtouch - Westspeed Platinum Series (Rs0ly),1-Speed Bubble,3,18,01:17.83,Belmont Park,Soft 6,54,0:0-0-0,240420,1348935,974507,13710,16432,13710,16126,$40000,35.34sec 600m,$3520,AUS
01/08/2026 00:00:00,Belmont Park,8,01-Aug-2026 16:55,1600,3yo+,Rest 1 Metro Win,55,Of $60000  -  1st  $32880 | 2nd  $11160| 3rd  $5280| 4th  $2340| 5th  $1740,,Handicap,Happy Horses Birthday (Rs1mw),Apprentices Can Claim,Right To Silence,6,Mare,Universal Ruler,Enshrined,9,Laqdar Ramoly,8,C G Willis,56,0,62689x43259,36:2-6-4,6: 0-1-0,17: 0-4-2,2: 0-0-0,0:0-0-0,26:1-2-2,6:1-1-1,4:0-3-1,0:0-0-0,5:0-1-1,5:0-1-1,$149 992,12,Class 3,1200,J Mc Naught,1.2,06/06/26,Peters Investments Hcp (C3),1-Poblano,4,41,01:11.78,Belmont Park,Good 4,57.5,0:0-0-0,240215,1347364,974507,13710,16432,13710,16126,$30000,34.66sec 600m,$1170,AUS
01/08/2026 00:00:00,Belmont Park,8,01-Aug-2026 16:55,1600,3yo+,Rest 1 Metro Win,55,Of $60000  -  1st  $32880 | 2nd  $11160| 3rd  $5280| 4th  $2340| 5th  $1740,,Handicap,Happy Horses Birthday (Rs1mw),Apprentices Can Claim,Right To Silence,6,Mare,Universal Ruler,Enshrined,9,Laqdar Ramoly,8,C G Willis,56,0,62689x43259,36:2-6-4,6: 0-1-0,17: 0-4-2,2: 0-0-0,0:0-0-0,26:1-2-2,6:1-1-1,4:0-3-1,0:0-0-0,5:0-1-1,5:0-1-1,$149 992,6,Rest 1 Metro Win,1800,S O'Donnell,5.1,17/01/26,Reliable Asset Maintenance (Rs1mw),1-Invincible Thief,9,17,01:51.53,Ascot,Good 4,55.5,0:0-0-0,236758,1321645,974507,13710,16432,13710,4615,$60000,35.20sec 600m,$1080,AUS
01/08/2026 00:00:00,Belmont Park,8,01-Aug-2026 16:55,1600,3yo+,Rest 1 Metro Win,55,Of $60000  -  1st  $32880 | 2nd  $11160| 3rd  $5280| 4th  $2340| 5th  $1740,,Handicap,Happy Horses Birthday (Rs1mw),Apprentices Can Claim,Right To Silence,6,Mare,Universal Ruler,Enshrined,9,Laqdar Ramoly,8,C G Willis,56,0,62689x43259,36:2-6-4,6: 0-1-0,17: 0-4-2,2: 0-0-0,0:0-0-0,26:1-2-2,6:1-1-1,4:0-3-1,0:0-0-0,5:0-1-1,5:0-1-1,$149 992,1,Rest 1 Metro Win,1600,J Azzopardi,6.5,01/01/26,Liquor Barons (Rs1mw),1-Belta Of A Song,8,15,01:37.28,Ascot,Good 4,54,0:0-0-0,236427,1319149,974507,13710,16432,13710,14814,$60000,35.64sec 600m,$1080,AUS
01/08/2026 00:00:00,Belmont Park,8,01-Aug-2026 16:55,1600,3yo+,Rest 1 Metro Win,55,Of $60000  -  1st  $32880 | 2nd  $11160| 3rd  $5280| 4th  $2340| 5th  $1740,,Handicap,Happy Horses Birthday (Rs1mw),Apprentices Can Claim,Right To Silence,6,Mare,Universal Ruler,Enshrined,9,Laqdar Ramoly,8,C G Willis,56,0,62689x43259,36:2-6-4,6: 0-1-0,17: 0-4-2,2: 0-0-0,0:0-0-0,26:1-2-2,6:1-1-1,4:0-3-1,0:0-0-0,5:0-1-1,5:0-1-1,$149 992,2,BenchMark 66+,1600,J Mc Naught,3.2,20/12/25,Ducimus & Rommel At Ridgeport Westspeed Platinum Mile (Bm66+),1-Auto Cruise,6,51,01:36.88,Ascot,Good 4,54,0:0-0-0,236215,1317535,974507,13710,16432,13710,16126,$125000,35.28sec 600m,$2250,AUS
01/08/2026 00:00:00,Belmont Park,8,01-Aug-2026 16:55,1600,3yo+,Rest 1 Metro Win,55,Of $60000  -  1st  $32880 | 2nd  $11160| 3rd  $5280| 4th  $2340| 5th  $1740,,Handicap,Happy Horses Birthday (Rs1mw),Apprentices Can Claim,Right To Silence,6,Mare,Universal Ruler,Enshrined,9,Laqdar Ramoly,8,C G Willis,56,0,62689x43259,36:2-6-4,6: 0-1-0,17: 0-4-2,2: 0-0-0,0:0-0-0,26:1-2-2,6:1-1-1,4:0-3-1,0:0-0-0,5:0-1-1,5:0-1-1,$149 992,7,Rest 1 Metro Win,1600,A Galati,0.5,13/12/25,PKF Perth (Rs1mw),1-Soldanelle,2,11,01:36.81,Ascot,Good 4,55,0:0-0-0,235977,1316113,974507,13710,16432,13710,16335,$60000,35.56sec 600m,$11160,AUS
01/08/2026 00:00:00,Belmont Park,8,01-Aug-2026 16:55,1600,3yo+,Rest 1 Metro Win,55,Of $60000  -  1st  $32880 | 2nd  $11160| 3rd  $5280| 4th  $2340| 5th  $1740,,Handicap,Happy Horses Birthday (Rs1mw),Apprentices Can Claim,Right To Silence,6,Mare,Universal Ruler,Enshrined,9,Laqdar Ramoly,8,C G Willis,56,0,62689x43259,36:2-6-4,6: 0-1-0,17: 0-4-2,2: 0-0-0,0:0-0-0,26:1-2-2,6:1-1-1,4:0-3-1,0:0-0-0,5:0-1-1,5:0-1-1,$149 992,8,Open,1400,C Newitt,2.8,06/12/25,TABtouch ? Westspeed Platinum Series Final,1-Auto Cruise,6,41,01:24.76,Ascot,Good 4,55.5,0:0-0-0,235813,1314941,974507,13710,16432,13710,12423,$100000,35.35sec 600m,$1800,AUS
01/08/2026 00:00:00,Belmont Park,8,01-Aug-2026 16:55,1600,3yo+,Rest 1 Metro Win,55,Of $60000  -  1st  $32880 | 2nd  $11160| 3rd  $5280| 4th  $2340| 5th  $1740,,Handicap,Happy Horses Birthday (Rs1mw),Apprentices Can Claim,Canny Jack,8,Gelding,Galah,Belle La Vie,10,A Hearn,6,Ms C Stelmach,55,0,5329378x090,59:5-5-5,13: 1-2-2,23: 4-1-2,4: 0-0-1,0:0-0-0,31:1-2-1,20:2-2-4,8:2-1-0,0:0-0-0,8:0-1-0,8:0-1-0,$251 947,8,Rst 0 Met Win-LY,1705,A Hearn,6.0,15/07/26,Gen X Engineering (Rs0ly),1-Esta Mirando,10,81,01:50.62,Bunbury,Soft 5,55,0:0-0-0,241405,1356496,937958,1591,14758,1591,14758,$35000,00.00sec 0m,$630,AUS
01/08/2026 00:00:00,Belmont Park,8,01-Aug-2026 16:55,1600,3yo+,Rest 1 Metro Win,55,Of $60000  -  1st  $32880 | 2nd  $11160| 3rd  $5280| 4th  $2340| 5th  $1740,,Handicap,Happy Horses Birthday (Rs1mw),Apprentices Can Claim,Canny Jack,8,Gelding,Galah,Belle La Vie,10,A Hearn,6,Ms C Stelmach,55,0,5329378x090,59:5-5-5,13: 1-2-2,23: 4-1-2,4: 0-0-1,0:0-0-0,31:1-2-1,20:2-2-4,8:2-1-0,0:0-0-0,8:0-1-0,8:0-1-0,$251 947,8,Open,1400,B Gaerth,9.7,27/06/26,TABtouch - Westspeed Platinum Winter Series Final,1-Diamonds'n'rubies,9,101,01:26.75,Belmont Park,Heavy 8,54.5,0:0-0-0,240853,1352208,937958,1591,14758,1591,15260,$100000,37.21sec 600m,$1800,AUS
01/08/2026 00:00:00,Belmont Park,8,01-Aug-2026 16:55,1600,3yo+,Rest 1 Metro Win,55,Of $60000  -  1st  $32880 | 2nd  $11160| 3rd  $5280| 4th  $2340| 5th  $1740,,Handicap,Happy Horses Birthday (Rs1mw),Apprentices Can Claim,Canny Jack,8,Gelding,Galah,Belle La Vie,10,A Hearn,6,Ms C Stelmach,55,0,5329378x090,59:5-5-5,13: 1-2-2,23: 4-1-2,4: 0-0-1,0:0-0-0,31:1-2-1,20:2-2-4,8:2-1-0,0:0-0-0,8:0-1-0,8:0-1-0,$251 947,4,Rst 0 Met Win-LY,1200,S O'Donnell,13.7,30/05/26,TABtouch - Westspeed Platinum Series Heat 2 (Rs0ly),1-Mt Shirataku,10,61,01:11.19,Belmont Park,Soft 6,54.5,0:0-0-0,240026,1345864,937958,1591,14758,1591,4615,$40000,35.04sec 600m,$720,AUS
01/08/2026 00:00:00,Belmont Park,8,01-Aug-2026 16:55,1600,3yo+,Rest 1 Metro Win,55,Of $60000  -  1st  $32880 | 2nd  $11160| 3rd  $5280| 4th  $2340| 5th  $1740,,Handicap,Happy Horses Birthday (Rs1mw),Apprentices Can Claim,Canny Jack,8,Gelding,Galah,Belle La Vie,10,A Hearn,6,Ms C Stelmach,55,0,5329378x090,59:5-5-5,13: 1-2-2,23: 4-1-2,4: 0-0-1,0:0-0-0,31:1-2-1,20:2-2-4,8:2-1-0,0:0-0-0,8:0-1-0,8:0-1-0,$251 947,6,Rst 0 Met Win-LY,1400,J Mc Naught,4.0,13/09/25,TABtouch - Westspeed Platinum (Rs0ly),1-Sweet Tea,8,21,01:25.17,Belmont Park,Soft 5,54.5,0:0-0-0,233532,1297996,937958,1591,14758,1591,16126,$40000,00.00sec 0m,$720,AUS
01/08/2026 00:00:00,Belmont Park,8,01-Aug-2026 16:55,1600,3yo+,Rest 1 Metro Win,55,Of $60000  -  1st  $32880 | 2nd  $11160| 3rd  $5280| 4th  $2340| 5th  $1740,,Handicap,Happy Horses Birthday (Rs1mw),Apprentices Can Claim,Canny Jack,8,Gelding,Galah,Belle La Vie,10,A Hearn,6,Ms C Stelmach,55,0,5329378x090,59:5-5-5,13: 1-2-2,23: 4-1-2,4: 0-0-1,0:0-0-0,31:1-2-1,20:2-2-4,8:2-1-0,0:0-0-0,8:0-1-0,8:0-1-0,$251 947,5,Class 5,2000,J Mc Naught,6.1,21/08/25,Join The Club ? Become A Member Hcp (C5),1-Arnray,7,4,02:07.50,Bunbury Fibre Sand,Good ,54,0:0-0-0,232889,1292935,937958,1591,14758,1591,16126,$30000,00.00sec 0m,$540,AUS
01/08/2026 00:00:00,Belmont Park,8,01-Aug-2026 16:55,1600,3yo+,Rest 1 Metro Win,55,Of $60000  -  1st  $32880 | 2nd  $11160| 3rd  $5280| 4th  $2340| 5th  $1740,,Handicap,Happy Horses Birthday (Rs1mw),Apprentices Can Claim,Canny Jack,8,Gelding,Galah,Belle La Vie,10,A Hearn,6,Ms C Stelmach,55,0,5329378x090,59:5-5-5,13: 1-2-2,23: 4-1-2,4: 0-0-1,0:0-0-0,31:1-2-1,20:2-2-4,8:2-1-0,0:0-0-0,8:0-1-0,8:0-1-0,$251 947,10,Class 5,1675,J Mc Naught,1.2,14/08/25,Cheers Mark Hillson Memorial Hcp (C5),1-Worcester,3,12,01:46.62,Bunbury,Soft 6,57,0:0-0-0,232705,1291472,937958,1591,14758,1591,16126,$30000,37.67sec 600m,$2640,AUS
01/08/2026 00:00:00,Belmont Park,8,01-Aug-2026 16:55,1600,3yo+,Rest 1 Metro Win,55,Of $60000  -  1st  $32880 | 2nd  $11160| 3rd  $5280| 4th  $2340| 5th  $1740,,Handicap,Happy Horses Birthday (Rs1mw),Apprentices Can Claim,Canny Jack,8,Gelding,Galah,Belle La Vie,10,A Hearn,6,Ms C Stelmach,55,0,5329378x090,59:5-5-5,13: 1-2-2,23: 4-1-2,4: 0-0-1,0:0-0-0,31:1-2-1,20:2-2-4,8:2-1-0,0:0-0-0,8:0-1-0,8:0-1-0,$251 947,6,Rest 1 Metro Win,1600,J Mc Naught,8.4,02/08/25,Congratulations Luke Campbell - Leading Apprentice 24/25 (Rs1mw),1-Gage Roads,9,10,01:40.88,Pinjarra Scarpside,Heavy 8,54.5,0:0-0-0,232413,1289113,937958,1591,14758,1591,16126,$60000,00.00sec 0m,$1080,AUS
01/08/2026 00:00:00,Belmont Park,8,01-Aug-2026 16:55,1600,3yo+,Rest 1 Metro Win,55,Of $60000  -  1st  $32880 | 2nd  $11160| 3rd  $5280| 4th  $2340| 5th  $1740,,Handicap,Happy Horses Birthday (Rs1mw),Apprentices Can Claim,Canny Jack,8,Gelding,Galah,Belle La Vie,10,A Hearn,6,Ms C Stelmach,55,0,5329378x090,59:5-5-5,13: 1-2-2,23: 4-1-2,4: 0-0-1,0:0-0-0,31:1-2-1,20:2-2-4,8:2-1-0,0:0-0-0,8:0-1-0,8:0-1-0,$251 947,1,Rst 0 Met Win-LY,1600,J Mc Naught,0.2,23/07/25,TABtouch ? Westspeed Platinum (Rs0ly),1-Asphalt,2,11,01:40.00,Pinjarra,Soft 7,57,0:0-0-0,232142,1287013,937958,1591,14758,1591,16126,$40000,35.71sec 600m,$7440,AUS
01/08/2026 00:00:00,Belmont Park,8,01-Aug-2026 16:55,1600,3yo+,Rest 1 Metro Win,55,Of $60000  -  1st  $32880 | 2nd  $11160| 3rd  $5280| 4th  $2340| 5th  $1740,,Handicap,Happy Horses Birthday (Rs1mw),Apprentices Can Claim,Canny Jack,8,Gelding,Galah,Belle La Vie,10,A Hearn,6,Ms C Stelmach,55,0,5329378x090,59:5-5-5,13: 1-2-2,23: 4-1-2,4: 0-0-1,0:0-0-0,31:1-2-1,20:2-2-4,8:2-1-0,0:0-0-0,8:0-1-0,8:0-1-0,$251 947,7,Class 5,1400,J Mc Naught,0.6,09/07/25,Racing @ Pinjarra 23 July Hcp (C5),1-Simply Thinkin',3,26,01:25.89,Pinjarra,Soft 7,54,0:0-0-0,231752,1283944,937958,1591,14758,1591,16126,$30000,35.57sec 600m,$2640,AUS
01/08/2026 00:00:00,Belmont Park,8,01-Aug-2026 16:55,1600,3yo+,Rest 1 Metro Win,55,Of $60000  -  1st  $32880 | 2nd  $11160| 3rd  $5280| 4th  $2340| 5th  $1740,,Handicap,Happy Horses Birthday (Rs1mw),Apprentices Can Claim,Canny Jack,8,Gelding,Galah,Belle La Vie,10,A Hearn,6,Ms C Stelmach,55,0,5329378x090,59:5-5-5,13: 1-2-2,23: 4-1-2,4: 0-0-1,0:0-0-0,31:1-2-1,20:2-2-4,8:2-1-0,0:0-0-0,8:0-1-0,8:0-1-0,$251 947,15,Rst 0 Met Win-LY,1400,J Mc Naught,3.9,25/06/25,C U Tomorrow @ Northam (Rs0ly),1-Platinum Shot,5,101,01:22.92,Northam,Good 4,54,0:0-0-0,231294,1280406,937958,1591,14758,1591,16126,$35000,35.06sec 600m,$1015,AUS
01/08/2026 00:00:00,Belmont Park,8,01-Aug-2026 16:55,1600,3yo+,Rest 1 Metro Win,55,Of $60000  -  1st  $32880 | 2nd  $11160| 3rd  $5280| 4th  $2340| 5th  $1740,,Handicap,Happy Horses Birthday (Rs1mw),Apprentices Can Claim,No Peer,7,Mare,Nicconi,Cuthbert,11,Victoria Corver,4,Ms D Riordan,55,0,37x092077x00,37:4-4-3,9: 2-2-1,11: 1-1-2,0: 0-0-0,0:0-0-0,29:3-3-1,6:1-1-1,2:0-0-1,0:0-0-0,9:1-1-1,8:0-1-1,$125 272,8,Class 5,1300,V Corver,7.4,22/07/26,Racing @ Pinjarra Park Wednesday August 12 Hcp (C5),1-God's Gate,12,81,01:17.43,Pinjarra Scarpside,Good 4,54,0:0-0-0,241575,1357904,956877,20273,16468,20273,16468,$30000,34.85sec 600m,$0,AUS
01/08/2026 00:00:00,Belmont Park,8,01-Aug-2026 16:55,1600,3yo+,Rest 1 Metro Win,55,Of $60000  -  1st  $32880 | 2nd  $11160| 3rd  $5280| 4th  $2340| 5th  $1740,,Handicap,Happy Horses Birthday (Rs1mw),Apprentices Can Claim,No Peer,7,Mare,Nicconi,Cuthbert,11,Victoria Corver,4,Ms D Riordan,55,0,37x092077x00,37:4-4-3,9: 2-2-1,11: 1-1-2,0: 0-0-0,0:0-0-0,29:3-3-1,6:1-1-1,2:0-0-1,0:0-0-0,9:1-1-1,8:0-1-1,$125 272,3,Rest 1 Metro Win,1400,T Turner,9.5,11/07/26,Lawn Pride Australia (Rs1mw),1-Diamonds'n'rubies,15,101,01:25.70,Belmont Park,Good 4,55,0:0-0-0,241265,1355407,956877,20273,16468,20273,10117,$60000,35.65sec 600m,$0,AUS
01/08/2026 00:00:00,Belmont Park,8,01-Aug-2026 16:55,1600,3yo+,Rest 1 Metro Win,55,Of $60000  -  1st  $32880 | 2nd  $11160| 3rd  $5280| 4th  $2340| 5th  $1740,,Handicap,Happy Horses Birthday (Rs1mw),Apprentices Can Claim,No Peer,7,Mare,Nicconi,Cuthbert,11,Victoria Corver,4,Ms D Riordan,55,0,37x092077x00,37:4-4-3,9: 2-2-1,11: 1-1-2,0: 0-0-0,0:0-0-0,29:3-3-1,6:1-1-1,2:0-0-1,0:0-0-0,9:1-1-1,8:0-1-1,$125 272,3,Rst 0 Met Win-LY,1600,S Parnham,2.9,22/02/26,TABtouch Pinjarra Cup Sun 22 March Book Now (Rs0ly),1-Rudhyar,7,7.5,01:37.74,Pinjarra Scarpside,Good 4,54,0:0-0-0,237513,1327238,956877,20273,16468,20273,12664,$35000,36.57sec 600m,$630,AUS
01/08/2026 00:00:00,Belmont Park,8,01-Aug-2026 16:55,1600,3yo+,Rest 1 Metro Win,55,Of $60000  -  1st  $32880 | 2nd  $11160| 3rd  $5280| 4th  $2340| 5th  $1740,,Handicap,Happy Horses Birthday (Rs1mw),Apprentices Can Claim,No Peer,7,Mare,Nicconi,Cuthbert,11,Victoria Corver,4,Ms D Riordan,55,0,37x092077x00,37:4-4-3,9: 2-2-1,11: 1-1-2,0: 0-0-0,0:0-0-0,29:3-3-1,6:1-1-1,2:0-0-1,0:0-0-0,9:1-1-1,8:0-1-1,$125 272,6,Rest 1 Metro Win,1600,S Parnham,2.0,14/02/26,Geisel Park Stud (Rs1mw),1-Shamilian Miss,7,15,01:37.08,Pinjarra,Good 4,54.5,0:0-0-0,237310,1325685,956877,20273,16468,20273,12664,$60000,35.60sec 600m,$1080,AUS
01/08/2026 00:00:00,Belmont Park,8,01-Aug-2026 16:55,1600,3yo+,Rest 1 Metro Win,55,Of $60000  -  1st  $32880 | 2nd  $11160| 3rd  $5280| 4th  $2340| 5th  $1740,,Handicap,Happy Horses Birthday (Rs1mw),Apprentices Can Claim,No Peer,7,Mare,Nicconi,Cuthbert,11,Victoria Corver,4,Ms D Riordan,55,0,37x092077x00,37:4-4-3,9: 2-2-1,11: 1-1-2,0: 0-0-0,0:0-0-0,29:3-3-1,6:1-1-1,2:0-0-1,0:0-0-0,9:1-1-1,8:0-1-1,$125 272,2,Rest 1 Metro Win,1800,L Campbell,6.5,17/01/26,Reliable Asset Maintenance (Rs1mw),1-Invincible Thief,12,26,01:51.53,Ascot,Good 4,56.5,0:0-0-0,236758,1321645,956877,20273,16468,20273,16928,$60000,35.20sec 600m,$0,AUS
01/08/2026 00:00:00,Belmont Park,8,01-Aug-2026 16:55,1600,3yo+,Rest 1 Metro Win,55,Of $60000  -  1st  $32880 | 2nd  $11160| 3rd  $5280| 4th  $2340| 5th  $1740,,Handicap,Happy Horses Birthday (Rs1mw),Apprentices Can Claim,No Peer,7,Mare,Nicconi,Cuthbert,11,Victoria Corver,4,Ms D Riordan,55,0,37x092077x00,37:4-4-3,9: 2-2-1,11: 1-1-2,0: 0-0-0,0:0-0-0,29:3-3-1,6:1-1-1,2:0-0-1,0:0-0-0,9:1-1-1,8:0-1-1,$125 272,9,Class 5,1600,L Campbell,0.4,26/12/25,The Jack Haines 60th Birthday Special Hcp (C5),1-Our Nemesis,2,9,01:38.17,Pinjarra,Good 4,54,0:0-0-0,236304,1318225,956877,20273,16468,20273,16928,$30000,36.67sec 600m,$5580,AUS
01/08/2026 00:00:00,Belmont Park,8,01-Aug-2026 16:55,1600,3yo+,Rest 1 Metro Win,55,Of $60000  -  1st  $32880 | 2nd  $11160| 3rd  $5280| 4th  $2340| 5th  $1740,,Handicap,Happy Horses Birthday (Rs1mw),Apprentices Can Claim,No Peer,7,Mare,Nicconi,Cuthbert,11,Victoria Corver,4,Ms D Riordan,55,0,37x092077x00,37:4-4-3,9: 2-2-1,11: 1-1-2,0: 0-0-0,0:0-0-0,29:3-3-1,6:1-1-1,2:0-0-1,0:0-0-0,9:1-1-1,8:0-1-1,$125 272,6,Rest 1 Metro Win,1600,J Azzopardi,5.4,13/12/25,PKF Perth (Rs1mw),1-Soldanelle,9,51,01:36.81,Ascot,Good 4,56,0:0-0-0,235977,1316113,956877,20273,16468,20273,14814,$60000,35.56sec 600m,$1080,AUS
01/08/2026 00:00:00,Belmont Park,8,01-Aug-2026 16:55,1600,3yo+,Rest 1 Metro Win,55,Of $60000  -  1st  $32880 | 2nd  $11160| 3rd  $5280| 4th  $2340| 5th  $1740,,Handicap,Happy Horses Birthday (Rs1mw),Apprentices Can Claim,No Peer,7,Mare,Nicconi,Cuthbert,11,Victoria Corver,4,Ms D Riordan,55,0,37x092077x00,37:4-4-3,9: 2-2-1,11: 1-1-2,0: 0-0-0,0:0-0-0,29:3-3-1,6:1-1-1,2:0-0-1,0:0-0-0,9:1-1-1,8:0-1-1,$125 272,7,Rest 1 Metro Win,1400,J Azzopardi,4.4,15/11/25,Drummond Golf (Rs1mw),1-Fast Harry,10,101,01:25.75,Ascot,Good 4,55,0:0-0-0,235353,1311294,956877,20273,16468,20273,14814,$60000,34.96sec 600m,$1080,AUS
01/08/2026 00:00:00,Belmont Park,8,01-Aug-2026 16:55,1600,3yo+,Rest 1 Metro Win,55,Of $60000  -  1st  $32880 | 2nd  $11160| 3rd  $5280| 4th  $2340| 5th  $1740,,Handicap,Happy Horses Birthday (Rs1mw),Apprentices Can Claim,No Peer,7,Mare,Nicconi,Cuthbert,11,Victoria Corver,4,Ms D Riordan,55,0,37x092077x00,37:4-4-3,9: 2-2-1,11: 1-1-2,0: 0-0-0,0:0-0-0,29:3-3-1,6:1-1-1,2:0-0-1,0:0-0-0,9:1-1-1,8:0-1-1,$125 272,1,Class 5,1675,J Azzopardi,4.3,14/08/25,Cheers Mark Hillson Memorial Hcp (C5),1-Worcester,7,4.4,01:46.62,Bunbury,Soft 6,57.5,0:0-0-0,232705,1291472,956877,20273,16468,20273,14814,$30000,37.67sec 600m,$540,AUS
01/08/2026 00:00:00,Belmont Park,8,01-Aug-2026 16:55,1600,3yo+,Rest 1 Metro Win,55,Of $60000  -  1st  $32880 | 2nd  $11160| 3rd  $5280| 4th  $2340| 5th  $1740,,Handicap,Happy Horses Birthday (Rs1mw),Apprentices Can Claim,No Peer,7,Mare,Nicconi,Cuthbert,11,Victoria Corver,4,Ms D Riordan,55,0,37x092077x00,37:4-4-3,9: 2-2-1,11: 1-1-2,0: 0-0-0,0:0-0-0,29:3-3-1,6:1-1-1,2:0-0-1,0:0-0-0,9:1-1-1,8:0-1-1,$125 272,5,Rest 1 Metro Win,1600,J Azzopardi,2.4,02/08/25,Congratulations Luke Campbell - Leading Apprentice 24/25 (Rs1mw),1-Gage Roads,3,15,01:40.88,Pinjarra Scarpside,Heavy 8,54.5,0:0-0-0,232413,1289113,956877,20273,16468,20273,14814,$60000,00.00sec 0m,$5280,AUS
01/08/2026 00:00:00,Belmont Park,8,01-Aug-2026 16:55,1600,3yo+,Rest 1 Metro Win,55,Of $60000  -  1st  $32880 | 2nd  $11160| 3rd  $5280| 4th  $2340| 5th  $1740,,Handicap,Happy Horses Birthday (Rs1mw),Apprentices Can Claim,Proportrait,7,Gelding,Proart,Lacienne,12,Jade Mc Naught,5,Robyn Cottman,55,0,4646760x323,21:1-2-3,3: 0-0-0,12: 0-1-3,0: 0-0-0,0:0-0-0,17:1-2-2,4:0-0-1,0:0-0-0,0:0-0-0,4:0-0-2,4:0-2-0,$49 878,9,Class 3,1700,J Mc Naught,3.6,08/07/26,Quayclean Hcp (C3),1-Western Miss,3,21,01:45.64,Belmont Park,Soft 5,55.5,0:0-0-0,241200,1354895,972775,26213,16126,26213,16126,$30000,35.36sec 600m,$2640,AUS
01/08/2026 00:00:00,Belmont Park,8,01-Aug-2026 16:55,1600,3yo+,Rest 1 Metro Win,55,Of $60000  -  1st  $32880 | 2nd  $11160| 3rd  $5280| 4th  $2340| 5th  $1740,,Handicap,Happy Horses Birthday (Rs1mw),Apprentices Can Claim,Proportrait,7,Gelding,Proart,Lacienne,12,Jade Mc Naught,5,Robyn Cottman,55,0,4646760x323,21:1-2-3,3: 0-0-0,12: 0-1-3,0: 0-0-0,0:0-0-0,17:1-2-2,4:0-0-1,0:0-0-0,0:0-0-0,4:0-0-2,4:0-2-0,$49 878,4,Class 3,1400,J Mc Naught,0.2,10/06/26,TABtouch Punters Club Now On Sale Hcp (C3),1-Ton Of Grunt,2,13,01:25.11,Belmont Park,Good 4,54,0:0-0-0,240366,1348514,972775,26213,16126,26213,16126,$30000,34.58sec 600m,$5580,AUS
01/08/2026 00:00:00,Belmont Park,8,01-Aug-2026 16:55,1600,3yo+,Rest 1 Metro Win,55,Of $60000  -  1st  $32880 | 2nd  $11160| 3rd  $5280| 4th  $2340| 5th  $1740,,Handicap,Happy Horses Birthday (Rs1mw),Apprentices Can Claim,Proportrait,7,Gelding,Proart,Lacienne,12,Jade Mc Naught,5,Robyn Cottman,55,0,4646760x323,21:1-2-3,3: 0-0-0,12: 0-1-3,0: 0-0-0,0:0-0-0,17:1-2-2,4:0-0-1,0:0-0-0,0:0-0-0,4:0-0-2,4:0-2-0,$49 878,2,Class 1,1300,J Mc Naught,2.7,27/05/26,MC Polytrack Hcp (C1),1-I'm Odette,3,41,01:18.25,Belmont Park,Good 4,56,0:0-0-0,239956,1345320,972775,26213,16126,26213,16126,$30000,34.77sec 600m,$2640,AUS
01/08/2026 00:00:00,Belmont Park,8,01-Aug-2026 16:55,1600,3yo+,Rest 1 Metro Win,55,Of $60000  -  1st  $32880 | 2nd  $11160| 3rd  $5280| 4th  $2340| 5th  $1740,,Handicap,Happy Horses Birthday (Rs1mw),Apprentices Can Claim,Proportrait,7,Gelding,Proart,Lacienne,12,Jade Mc Naught,5,Robyn Cottman,55,0,4646760x323,21:1-2-3,3: 0-0-0,12: 0-1-3,0: 0-0-0,0:0-0-0,17:1-2-2,4:0-0-1,0:0-0-0,0:0-0-0,4:0-0-2,4:0-2-0,$49 878,2,Class 1,1600,S Parnham,0.0,15/01/25,Drummond Golf Hcp (C1),1-Trooper Phoenix,99,3.2,01:37.66,Ascot,Good 4,56.5,0:0-0-0,226794,1248975,972775,26213,16126,26213,12664,$30000,35.21sec 600m,$0,AUS
01/08/2026 00:00:00,Belmont Park,8,01-Aug-2026 16:55,1600,3yo+,Rest 1 Metro Win,55,Of $60000  -  1st  $32880 | 2nd  $11160| 3rd  $5280| 4th  $2340| 5th  $1740,,Handicap,Happy Horses Birthday (Rs1mw),Apprentices Can Claim,Proportrait,7,Gelding,Proart,Lacienne,12,Jade Mc Naught,5,Robyn Cottman,55,0,4646760x323,21:1-2-3,3: 0-0-0,12: 0-1-3,0: 0-0-0,0:0-0-0,17:1-2-2,4:0-0-1,0:0-0-0,0:0-0-0,4:0-0-2,4:0-2-0,$49 878,6,Class 1,1600,B Louis,2.6,08/01/25,Own The Dream 2025 Registrations Open Hcp (C1),1-Henry Has Spoken,6,16,01:39.07,Ascot,Good 4,56,0:0-0-0,226662,1248018,972775,26213,16126,26213,16166,$30000,35.56sec 600m,$540,AUS
01/08/2026 00:00:00,Belmont Park,8,01-Aug-2026 16:55,1600,3yo+,Rest 1 Metro Win,55,Of $60000  -  1st  $32880 | 2nd  $11160| 3rd  $5280| 4th  $2340| 5th  $1740,,Handicap,Happy Horses Birthday (Rs1mw),Apprentices Can Claim,Proportrait,7,Gelding,Proart,Lacienne,12,Jade Mc Naught,5,Robyn Cottman,55,0,4646760x323,21:1-2-3,3: 0-0-0,12: 0-1-3,0: 0-0-0,0:0-0-0,17:1-2-2,4:0-0-1,0:0-0-0,0:0-0-0,4:0-0-2,4:0-2-0,$49 878,3,Class 1,1400,B Louis,2.8,28/12/24,Tuckeys Hardware Hcp (C1),1-The King's Uncle,7,11,01:24.88,Pinjarra,Good 4,56,0:0-0-0,226428,1246324,972775,26213,16126,26213,16166,$30000,35.96sec 600m,$540,AUS
01/08/2026 00:00:00,Belmont Park,8,01-Aug-2026 16:55,1600,3yo+,Rest 1 Metro Win,55,Of $60000  -  1st  $32880 | 2nd  $11160| 3rd  $5280| 4th  $2340| 5th  $1740,,Handicap,Happy Horses Birthday (Rs1mw),Apprentices Can Claim,Proportrait,7,Gelding,Proart,Lacienne,12,Jade Mc Naught,5,Robyn Cottman,55,0,4646760x323,21:1-2-3,3: 0-0-0,12: 0-1-3,0: 0-0-0,0:0-0-0,17:1-2-2,4:0-0-1,0:0-0-0,0:0-0-0,4:0-0-2,4:0-2-0,$49 878,1,Class 1,1600,P Carbery,4.7,01/12/24,Pinjarra Alumina Refinery Hcp (C1),1-Lien Hyphen,6,7,01:38.34,Pinjarra,Good 4,56.5,0:0-0-0,225640,1241345,972775,26213,16126,26213,9877,$30000,36.26sec 600m,$540,AUS
01/08/2026 00:00:00,Belmont Park,8,01-Aug-2026 16:55,1600,3yo+,Rest 1 Metro Win,55,Of $60000  -  1st  $32880 | 2nd  $11160| 3rd  $5280| 4th  $2340| 5th  $1740,,Handicap,Happy Horses Birthday (Rs1mw),Apprentices Can Claim,Proportrait,7,Gelding,Proart,Lacienne,12,Jade Mc Naught,5,Robyn Cottman,55,0,4646760x323,21:1-2-3,3: 0-0-0,12: 0-1-3,0: 0-0-0,0:0-0-0,17:1-2-2,4:0-0-1,0:0-0-0,0:0-0-0,4:0-0-2,4:0-2-0,$49 878,12,Class 1,1400,B Louis,2.5,20/11/24,Reliable Asset Maintenance Hcp (C1),1-Petite Vitesse,4,61,01:25.39,Belmont Park,Good 4,56.5,0:0-0-0,225385,1239413,972775,26213,16126,26213,16166,$30000,35.03sec 600m,$1170,AUS
01/08/2026 00:00:00,Belmont Park,8,01-Aug-2026 16:55,1600,3yo+,Rest 1 Metro Win,55,Of $60000  -  1st  $32880 | 2nd  $11160| 3rd  $5280| 4th  $2340| 5th  $1740,,Handicap,Happy Horses Birthday (Rs1mw),Apprentices Can Claim,Proportrait,7,Gelding,Proart,Lacienne,12,Jade Mc Naught,5,Robyn Cottman,55,0,4646760x323,21:1-2-3,3: 0-0-0,12: 0-1-3,0: 0-0-0,0:0-0-0,17:1-2-2,4:0-0-1,0:0-0-0,0:0-0-0,4:0-0-2,4:0-2-0,$49 878,5,Class 1,1650,P Carbery,2.7,30/10/24,Bisley Workwear Hcp (C1),1-Pond Master,6,7,01:43.94,Belmont Park,Good 4,57,0:0-0-0,224774,1235177,972775,26213,16126,26213,9877,$30000,35.19sec 600m,$540,AUS
01/08/2026 00:00:00,Belmont Park,8,01-Aug-2026 16:55,1600,3yo+,Rest 1 Metro Win,55,Of $60000  -  1st  $32880 | 2nd  $11160| 3rd  $5280| 4th  $2340| 5th  $1740,,Handicap,Happy Horses Birthday (Rs1mw),Apprentices Can Claim,Proportrait,7,Gelding,Proart,Lacienne,12,Jade Mc Naught,5,Robyn Cottman,55,0,4646760x323,21:1-2-3,3: 0-0-0,12: 0-1-3,0: 0-0-0,0:0-0-0,17:1-2-2,4:0-0-1,0:0-0-0,0:0-0-0,4:0-0-2,4:0-2-0,$49 878,5,Class 1,1400,P Carbery,4.7,16/10/24,Swick Mining Services Hcp (C1),1-Divine Impact,4,18,01:23.95,Ascot,Good 4,57.5,0:0-0-0,224306,1232091,972775,26213,16126,26213,9877,$30000,34.09sec 600m,$1170,AUS
01/08/2026 00:00:00,Belmont Park,8,01-Aug-2026 16:55,1600,3yo+,Rest 1 Metro Win,55,Of $60000  -  1st  $32880 | 2nd  $11160| 3rd  $5280| 4th  $2340| 5th  $1740,,Handicap,Happy Horses Birthday (Rs1mw),Apprentices Can Claim,Side Show,6,Gelding,Trapeze Artist,Our Gilda,13,Brandon Louis,5,Dylan Bairstow,55,0,9588053037,47:3-6-8,17: 1-2-3,3: 1-0-0,1: 1-0-0,0:0-0-0,39:3-6-6,8:0-0-2,0:0-0-0,0:0-0-0,5:0-2-1,4:0-0-2,$165 030,2,Class 3,1700,N Faithfull,7.3,08/07/26,Quayclean Hcp (C3),1-Western Miss,7,61,01:45.64,Belmont Park,Soft 5,54,0:0-0-0,241200,1354895,976485,28708,16166,28708,14702,$30000,35.36sec 600m,$540,AUS
01/08/2026 00:00:00,Belmont Park,8,01-Aug-2026 16:55,1600,3yo+,Rest 1 Metro Win,55,Of $60000  -  1st  $32880 | 2nd  $11160| 3rd  $5280| 4th  $2340| 5th  $1740,,Handicap,Happy Horses Birthday (Rs1mw),Apprentices Can Claim,Side Show,6,Gelding,Trapeze Artist,Our Gilda,13,Brandon Louis,5,Dylan Bairstow,55,0,9588053037,47:3-6-8,17: 1-2-3,3: 1-0-0,1: 1-0-0,0:0-0-0,39:3-6-6,8:0-0-2,0:0-0-0,0:0-0-0,5:0-2-1,4:0-0-2,$165 030,6,Bench. 46+,1600,A Galati,0.5,18/06/26,Western Racepix (Bm46+),1-He's Archie,3,11,01:37.54,Northam,Good 4,56,0:0-0-0,240581,1350186,976485,28708,16166,28708,16335,$17000,37.07sec 600m,$1547,AUS
01/08/2026 00:00:00,Belmont Park,8,01-Aug-2026 16:55,1600,3yo+,Rest 1 Metro Win,55,Of $60000  -  1st  $32880 | 2nd  $11160| 3rd  $5280| 4th  $2340| 5th  $1740,,Handicap,Happy Horses Birthday (Rs1mw),Apprentices Can Claim,Side Show,6,Gelding,Trapeze Artist,Our Gilda,13,Brandon Louis,5,Dylan Bairstow,55,0,9588053037,47:3-6-8,17: 1-2-3,3: 1-0-0,1: 1-0-0,0:0-0-0,39:3-6-6,8:0-0-2,0:0-0-0,0:0-0-0,5:0-2-1,4:0-0-2,$165 030,11,Bench. 52+,1500,H Nottle,9.1,14/05/26,Country Builders WA (Bm52+),1-Space Academy,10,8.5,01:31.62,York,Soft 5,55.5,0:0-0-0,239552,1342466,976485,28708,16166,28708,17687,$17000,00.00sec 0m,$0,AUS
01/08/2026 00:00:00,Belmont Park,8,01-Aug-2026 16:55,1600,3yo+,Rest 1 Metro Win,55,Of $60000  -  1st  $32880 | 2nd  $11160| 3rd  $5280| 4th  $2340| 5th  $1740,,Handicap,Happy Horses Birthday (Rs1mw),Apprentices Can Claim,Side Show,6,Gelding,Trapeze Artist,Our Gilda,13,Brandon Louis,5,Dylan Bairstow,55,0,9588053037,47:3-6-8,17: 1-2-3,3: 1-0-0,1: 1-0-0,0:0-0-0,39:3-6-6,8:0-0-2,0:0-0-0,0:0-0-0,5:0-2-1,4:0-0-2,$165 030,6,Bench. 48+,1600,Taj Dyson,3.7,26/04/26,Secure One Services Mile (Bm48+),1-Startling Star,3,12,01:43.99,Rockingham,Good 4,58.5,0:0-0-0,239024,1338507,976485,28708,16166,28708,16792,$13000,00.00sec 0m,$1235,AUS
01/08/2026 00:00:00,Belmont Park,8,01-Aug-2026 16:55,1600,3yo+,Rest 1 Metro Win,55,Of $60000  -  1st  $32880 | 2nd  $11160| 3rd  $5280| 4th  $2340| 5th  $1740,,Handicap,Happy Horses Birthday (Rs1mw),Apprentices Can Claim,Side Show,6,Gelding,Trapeze Artist,Our Gilda,13,Brandon Louis,5,Dylan Bairstow,55,0,9588053037,47:3-6-8,17: 1-2-3,3: 1-0-0,1: 1-0-0,0:0-0-0,39:3-6-6,8:0-0-2,0:0-0-0,0:0-0-0,5:0-2-1,4:0-0-2,$165 030,9,Rst 0 Met Win-LY,1600,J Whiting,3.9,15/04/26,State Wide Turf Services (Rs0ly),1-Hope To Rule,5,61,01:37.12,Pinjarra Scarpside,Good 4,54,0:0-0-0,238786,1336744,976485,28708,16166,28708,10067,$35000,34.72sec 600m,$1015,AUS
01/08/2026 00:00:00,Belmont Park,8,01-Aug-2026 16:55,1600,3yo+,Rest 1 Metro Win,55,Of $60000  -  1st  $32880 | 2nd  $11160| 3rd  $5280| 4th  $2340| 5th  $1740,,Handicap,Happy Horses Birthday (Rs1mw),Apprentices Can Claim,Side Show,6,Gelding,Trapeze Artist,Our Gilda,13,Brandon Louis,5,Dylan Bairstow,55,0,9588053037,47:3-6-8,17: 1-2-3,3: 1-0-0,1: 1-0-0,0:0-0-0,39:3-6-6,8:0-0-2,0:0-0-0,0:0-0-0,5:0-2-1,4:0-0-2,$165 030,3,Class 3,1600,J Whiting,2.5,03/04/26,Morley Growers Market Hcp (C3),1-Dark Looks,10,91,01:38.19,Ascot,Good 4,54,0:0-0-0,238426,1334329,976485,28708,16166,28708,10067,$30000,36.12sec 600m,$540,AUS
01/08/2026 00:00:00,Belmont Park,8,01-Aug-2026 16:55,1600,3yo+,Rest 1 Metro Win,55,Of $60000  -  1st  $32880 | 2nd  $11160| 3rd  $5280| 4th  $2340| 5th  $1740,,Handicap,Happy Horses Birthday (Rs1mw),Apprentices Can Claim,Side Show,6,Gelding,Trapeze Artist,Our Gilda,13,Brandon Louis,5,Dylan Bairstow,55,0,9588053037,47:3-6-8,17: 1-2-3,3: 1-0-0,1: 1-0-0,0:0-0-0,39:3-6-6,8:0-0-2,0:0-0-0,0:0-0-0,5:0-2-1,4:0-0-2,$165 030,4,Bench. 52+,1500,J Whiting,2.9,15/03/26,Avon Valley Pools (Bm52+),1-Rommel's Jeuney,8,7,01:31.99,York,Good 4,56,0:0-0-0,237992,1330935,976485,28708,16166,28708,10067,$17000,00.00sec 0m,$306,AUS
01/08/2026 00:00:00,Belmont Park,8,01-Aug-2026 16:55,1600,3yo+,Rest 1 Metro Win,55,Of $60000  -  1st  $32880 | 2nd  $11160| 3rd  $5280| 4th  $2340| 5th  $1740,,Handicap,Happy Horses Birthday (Rs1mw),Apprentices Can Claim,Side Show,6,Gelding,Trapeze Artist,Our Gilda,13,Brandon Louis,5,Dylan Bairstow,55,0,9588053037,47:3-6-8,17: 1-2-3,3: 1-0-0,1: 1-0-0,0:0-0-0,39:3-6-6,8:0-0-2,0:0-0-0,0:0-0-0,5:0-2-1,4:0-0-2,$165 030,9,Bench. 46+,1920,C Azzopardi,3.8,02/03/26,Hairitage Hair By Lisa (Bm46+),1-Angel Shame,8,14,01:59.47,York,Good 4,59.5,0:0-0-0,237671,1328485,976485,28708,16166,28708,15184,$17000,34.52sec 600m,$306,AUS
01/08/2026 00:00:00,Belmont Park,8,01-Aug-2026 16:55,1600,3yo+,Rest 1 Metro Win,55,Of $60000  -  1st  $32880 | 2nd  $11160| 3rd  $5280| 4th  $2340| 5th  $1740,,Handicap,Happy Horses Birthday (Rs1mw),Apprentices Can Claim,Side Show,6,Gelding,Trapeze Artist,Our Gilda,13,Brandon Louis,5,Dylan Bairstow,55,0,9588053037,47:3-6-8,17: 1-2-3,3: 1-0-0,1: 1-0-0,0:0-0-0,39:3-6-6,8:0-0-2,0:0-0-0,0:0-0-0,5:0-2-1,4:0-0-2,$165 030,1,Bench. 46+,1705,C Azzopardi,1.5,12/02/26,TABtouch Scan My Bet (Bm46+),1-Wayne The Pain,5,21,01:45.48,Bunbury,Good 4,57.5,0:0-0-0,237263,1325370,976485,28708,16166,28708,15184,$17000,36.09sec 600m,$493,AUS
01/08/2026 00:00:00,Belmont Park,8,01-Aug-2026 16:55,1600,3yo+,Rest 1 Metro Win,55,Of $60000  -  1st  $32880 | 2nd  $11160| 3rd  $5280| 4th  $2340| 5th  $1740,,Handicap,Happy Horses Birthday (Rs1mw),Apprentices Can Claim,Side Show,6,Gelding,Trapeze Artist,Our Gilda,13,Brandon Louis,5,Dylan Bairstow,55,0,9588053037,47:3-6-8,17: 1-2-3,3: 1-0-0,1: 1-0-0,0:0-0-0,39:3-6-6,8:0-0-2,0:0-0-0,0:0-0-0,5:0-2-1,4:0-0-2,$165 030,9,Class 3,1600,L Fiore,5.7,28/01/26,Drummond Golf Hcp (C3),1-My Harv,9,26,01:38.64,Ascot,Good 4,54,0:0-0-0,236996,1323332,976485,28708,16166,28708,15372,$30000,35.50sec 600m,$540,AUS
